Folder;http://svlp-plnptapp01.pgr.mpf.mp.br:8401/portal/pa/estagie-conosco;https://www-cdn.mpf.mp.br/o-mpf/unidades/pr-pa/estagio/
Folder;http://svlp-plnptapp01.pgr.mpf.mp.br:8401/portal/pa/estagie-conosco/2015;https://www-cdn.mpf.mp.br/o-mpf/unidades/pr-pa/estagio/2015
Folder;http://svlp-plnptapp01.pgr.mpf.mp.br:8401/portal/pa/estagie-conosco/2015/pse-direito-e-arquivologia-belem;https://www-cdn.mpf.mp.br/o-mpf/unidades/pr-pa/estagio/2015/pse-direito-e-arquivologia-belem
File;http://svlp-plnptapp01.pgr.mpf.mp.br:8401/portal/pa/estagie-conosco/2015/pse-direito-e-arquivologia-belem/Edital%2030%20_resultado%20final%20PSE%20215-1.pdf;https://www-cdn.mpf.mp.br/o-mpf/unidades/pr-pa/estagio/2015/pse-direito-e-arquivologia-belem/Edital 30 _resultado final PSE 215-1.pdf
File;http://svlp-plnptapp01.pgr.mpf.mp.br:8401/portal/pa/estagie-conosco/2015/pse-direito-e-arquivologia-belem/portaria_184_2016_prorroga_pse_2016_direito_arquivologia.pdf;https://www-cdn.mpf.mp.br/o-mpf/unidades/pr-pa/estagio/2015/pse-direito-e-arquivologia-belem/portaria_184_2016_prorroga_pse_2016_direito_arquivologia.pdf
Folder;http://svlp-plnptapp01.pgr.mpf.mp.br:8401/portal/pa/estagie-conosco/2016;https://www-cdn.mpf.mp.br/o-mpf/unidades/pr-pa/estagio/2016
Folder;http://svlp-plnptapp01.pgr.mpf.mp.br:8401/portal/pa/estagie-conosco/2016/1o-processo-seletivo;https://www-cdn.mpf.mp.br/o-mpf/unidades/pr-pa/estagio/2016/1o-processo-seletivo
Folder;http://svlp-plnptapp01.pgr.mpf.mp.br:8401/portal/pa/estagie-conosco/2016/1o-processo-seletivo/editais-formularios;https://www-cdn.mpf.mp.br/o-mpf/unidades/pr-pa/estagio/2016/1o-processo-seletivo/editais-formularios
File;http://svlp-plnptapp01.pgr.mpf.mp.br:8401/portal/pa/estagie-conosco/2016/1o-processo-seletivo/editais-formularios/alteracoes-no-edital;https://www-cdn.mpf.mp.br/o-mpf/unidades/pr-pa/estagio/2016/1o-processo-seletivo/editais-formularios/alteracoes-no-edital
Folder;http://svlp-plnptapp01.pgr.mpf.mp.br:8401/portal/pa/estagie-conosco/2016/1o-processo-seletivo/editais-formularios/classificados-nas-provas-objetivas-de-direito;https://www-cdn.mpf.mp.br/o-mpf/unidades/pr-pa/estagio/2016/1o-processo-seletivo/editais-formularios/classificados-nas-provas-objetivas-de-direito
File;http://svlp-plnptapp01.pgr.mpf.mp.br:8401/portal/pa/estagie-conosco/2016/1o-processo-seletivo/editais-formularios/classificados-nas-provas-objetivas-de-direito/classificados_objetiva_direito_mab_pontuacao.pdf;https://www-cdn.mpf.mp.br/o-mpf/unidades/pr-pa/estagio/2016/1o-processo-seletivo/editais-formularios/classificados-nas-provas-objetivas-de-direito/classificados_objetiva_direito_mab_pontuacao.pdf
File;http://svlp-plnptapp01.pgr.mpf.mp.br:8401/portal/pa/estagie-conosco/2016/1o-processo-seletivo/editais-formularios/classificados-nas-provas-objetivas-de-direito/classificados_objetiva_direito_rdc_pontuacao.pdf;https://www-cdn.mpf.mp.br/o-mpf/unidades/pr-pa/estagio/2016/1o-processo-seletivo/editais-formularios/classificados-nas-provas-objetivas-de-direito/classificados_objetiva_direito_rdc_pontuacao.pdf
File;http://svlp-plnptapp01.pgr.mpf.mp.br:8401/portal/pa/estagie-conosco/2016/1o-processo-seletivo/editais-formularios/classificados-nas-provas-objetivas-de-direito/classificados_objetiva_direito_stm_pontuacao.pdf;https://www-cdn.mpf.mp.br/o-mpf/unidades/pr-pa/estagio/2016/1o-processo-seletivo/editais-formularios/classificados-nas-provas-objetivas-de-direito/classificados_objetiva_direito_stm_pontuacao.pdf
File;http://svlp-plnptapp01.pgr.mpf.mp.br:8401/portal/pa/estagie-conosco/2016/1o-processo-seletivo/editais-formularios/classificados-nas-provas-objetivas-de-direito/classificados_objetiva_direito_tuc_pontuacao.pdf;https://www-cdn.mpf.mp.br/o-mpf/unidades/pr-pa/estagio/2016/1o-processo-seletivo/editais-formularios/classificados-nas-provas-objetivas-de-direito/classificados_objetiva_direito_tuc_pontuacao.pdf
File;http://svlp-plnptapp01.pgr.mpf.mp.br:8401/portal/pa/estagie-conosco/2016/1o-processo-seletivo/editais-formularios/comissao-responsavel-pelo-1o-processo-seletivo-para-estagio-no-mpf-em-todo-o-pa-em-2016;https://www-cdn.mpf.mp.br/o-mpf/unidades/pr-pa/estagio/2016/1o-processo-seletivo/editais-formularios/comissao-responsavel-pelo-1o-processo-seletivo-para-estagio-no-mpf-em-todo-o-pa-em-2016
File;http://svlp-plnptapp01.pgr.mpf.mp.br:8401/portal/pa/estagie-conosco/2016/1o-processo-seletivo/editais-formularios/edital-10-julgamento-recursos;https://www-cdn.mpf.mp.br/o-mpf/unidades/pr-pa/estagio/2016/1o-processo-seletivo/editais-formularios/edital-10-julgamento-recursos
File;http://svlp-plnptapp01.pgr.mpf.mp.br:8401/portal/pa/estagie-conosco/2016/1o-processo-seletivo/editais-formularios/edital-19_-resultado-provisorio-pse-direito-2016-1.pdf;https://www-cdn.mpf.mp.br/o-mpf/unidades/pr-pa/estagio/2016/1o-processo-seletivo/editais-formularios/edital-19_-resultado-provisorio-pse-direito-2016-1.pdf
File;http://svlp-plnptapp01.pgr.mpf.mp.br:8401/portal/pa/estagie-conosco/2016/1o-processo-seletivo/editais-formularios/edital-1o-processo-seletivo-de-estagiarios-do-mpf-no-para-em-2016;https://www-cdn.mpf.mp.br/o-mpf/unidades/pr-pa/estagio/2016/1o-processo-seletivo/editais-formularios/edital-1o-processo-seletivo-de-estagiarios-do-mpf-no-para-em-2016
File;http://svlp-plnptapp01.pgr.mpf.mp.br:8401/portal/pa/estagie-conosco/2016/1o-processo-seletivo/editais-formularios/edital-20_-resultado-provisorio-pse-eng_arq_nm_2016.pdf;https://www-cdn.mpf.mp.br/o-mpf/unidades/pr-pa/estagio/2016/1o-processo-seletivo/editais-formularios/edital-20_-resultado-provisorio-pse-eng_arq_nm_2016.pdf
File;http://svlp-plnptapp01.pgr.mpf.mp.br:8401/portal/pa/estagie-conosco/2016/1o-processo-seletivo/editais-formularios/edital-9-gabarito-objetiva_pse-nm-e-ns_prazo-recurso.pdf;https://www-cdn.mpf.mp.br/o-mpf/unidades/pr-pa/estagio/2016/1o-processo-seletivo/editais-formularios/edital-9-gabarito-objetiva_pse-nm-e-ns_prazo-recurso.pdf
File;http://svlp-plnptapp01.pgr.mpf.mp.br:8401/portal/pa/estagie-conosco/2016/1o-processo-seletivo/editais-formularios/edital-sobre-os-locais-de-prova;https://www-cdn.mpf.mp.br/o-mpf/unidades/pr-pa/estagio/2016/1o-processo-seletivo/editais-formularios/edital-sobre-os-locais-de-prova
File;http://svlp-plnptapp01.pgr.mpf.mp.br:8401/portal/pa/estagie-conosco/2016/1o-processo-seletivo/editais-formularios/formulario-recurso-1.pdf;https://www-cdn.mpf.mp.br/o-mpf/unidades/pr-pa/estagio/2016/1o-processo-seletivo/editais-formularios/formulario-recurso-1.pdf
File;http://svlp-plnptapp01.pgr.mpf.mp.br:8401/portal/pa/estagie-conosco/2016/1o-processo-seletivo/editais-formularios/formulario-recurso.pdf;https://www-cdn.mpf.mp.br/o-mpf/unidades/pr-pa/estagio/2016/1o-processo-seletivo/editais-formularios/formulario-recurso.pdf
File;http://svlp-plnptapp01.pgr.mpf.mp.br:8401/portal/pa/estagie-conosco/2016/1o-processo-seletivo/editais-formularios/instituicoes-conveniadas-com-o-mpf-no-para;https://www-cdn.mpf.mp.br/o-mpf/unidades/pr-pa/estagio/2016/1o-processo-seletivo/editais-formularios/instituicoes-conveniadas-com-o-mpf-no-para
File;http://svlp-plnptapp01.pgr.mpf.mp.br:8401/portal/pa/estagie-conosco/2016/1o-processo-seletivo/editais-formularios/resultado_final.pdf;https://www-cdn.mpf.mp.br/o-mpf/unidades/pr-pa/estagio/2016/1o-processo-seletivo/editais-formularios/resultado_final.pdf
Folder;http://svlp-plnptapp01.pgr.mpf.mp.br:8401/portal/pa/estagie-conosco/2016/1o-processo-seletivo/gabaritos;https://www-cdn.mpf.mp.br/o-mpf/unidades/pr-pa/estagio/2016/1o-processo-seletivo/gabaritos
Folder;http://svlp-plnptapp01.pgr.mpf.mp.br:8401/portal/pa/estagie-conosco/2016/1o-processo-seletivo/gabaritos/definitivos;https://www-cdn.mpf.mp.br/o-mpf/unidades/pr-pa/estagio/2016/1o-processo-seletivo/gabaritos/definitivos
File;http://svlp-plnptapp01.pgr.mpf.mp.br:8401/portal/pa/estagie-conosco/2016/1o-processo-seletivo/gabaritos/definitivos/gabarito-definitivo-arquivologia.pdf;https://www-cdn.mpf.mp.br/o-mpf/unidades/pr-pa/estagio/2016/1o-processo-seletivo/gabaritos/definitivos/gabarito-definitivo-arquivologia.pdf
File;http://svlp-plnptapp01.pgr.mpf.mp.br:8401/portal/pa/estagie-conosco/2016/1o-processo-seletivo/gabaritos/definitivos/gabarito-definitivo-direito.pdf;https://www-cdn.mpf.mp.br/o-mpf/unidades/pr-pa/estagio/2016/1o-processo-seletivo/gabaritos/definitivos/gabarito-definitivo-direito.pdf
File;http://svlp-plnptapp01.pgr.mpf.mp.br:8401/portal/pa/estagie-conosco/2016/1o-processo-seletivo/gabaritos/definitivos/gabarito-definitivo-engenharia.pdf;https://www-cdn.mpf.mp.br/o-mpf/unidades/pr-pa/estagio/2016/1o-processo-seletivo/gabaritos/definitivos/gabarito-definitivo-engenharia.pdf
File;http://svlp-plnptapp01.pgr.mpf.mp.br:8401/portal/pa/estagie-conosco/2016/1o-processo-seletivo/gabaritos/definitivos/gabarito-definitivo-ensino-medio.pdf;https://www-cdn.mpf.mp.br/o-mpf/unidades/pr-pa/estagio/2016/1o-processo-seletivo/gabaritos/definitivos/gabarito-definitivo-ensino-medio.pdf
Folder;http://svlp-plnptapp01.pgr.mpf.mp.br:8401/portal/pa/estagie-conosco/2016/1o-processo-seletivo/gabaritos/preliminares;https://www-cdn.mpf.mp.br/o-mpf/unidades/pr-pa/estagio/2016/1o-processo-seletivo/gabaritos/preliminares
File;http://svlp-plnptapp01.pgr.mpf.mp.br:8401/portal/pa/estagie-conosco/2016/1o-processo-seletivo/gabaritos/preliminares/gabarito-direito.pdf;https://www-cdn.mpf.mp.br/o-mpf/unidades/pr-pa/estagio/2016/1o-processo-seletivo/gabaritos/preliminares/gabarito-direito.pdf
File;http://svlp-plnptapp01.pgr.mpf.mp.br:8401/portal/pa/estagie-conosco/2016/1o-processo-seletivo/gabaritos/preliminares/gabarito-ensino-medio.pdf;https://www-cdn.mpf.mp.br/o-mpf/unidades/pr-pa/estagio/2016/1o-processo-seletivo/gabaritos/preliminares/gabarito-ensino-medio.pdf
File;http://svlp-plnptapp01.pgr.mpf.mp.br:8401/portal/pa/estagie-conosco/2016/1o-processo-seletivo/gabaritos/preliminares/gabarito_de_arquivologia.pdf;https://www-cdn.mpf.mp.br/o-mpf/unidades/pr-pa/estagio/2016/1o-processo-seletivo/gabaritos/preliminares/gabarito_de_arquivologia.pdf
File;http://svlp-plnptapp01.pgr.mpf.mp.br:8401/portal/pa/estagie-conosco/2016/1o-processo-seletivo/gabaritos/preliminares/gabarito_de_engenharia.pdf;https://www-cdn.mpf.mp.br/o-mpf/unidades/pr-pa/estagio/2016/1o-processo-seletivo/gabaritos/preliminares/gabarito_de_engenharia.pdf
Folder;http://svlp-plnptapp01.pgr.mpf.mp.br:8401/portal/pa/estagie-conosco/2016/1o-processo-seletivo/inscricoes-deferidas;https://www-cdn.mpf.mp.br/o-mpf/unidades/pr-pa/estagio/2016/1o-processo-seletivo/inscricoes-deferidas
File;http://svlp-plnptapp01.pgr.mpf.mp.br:8401/portal/pa/estagie-conosco/2016/1o-processo-seletivo/inscricoes-deferidas/deferidos_altamira.pdf;https://www-cdn.mpf.mp.br/o-mpf/unidades/pr-pa/estagio/2016/1o-processo-seletivo/inscricoes-deferidas/deferidos_altamira.pdf
File;http://svlp-plnptapp01.pgr.mpf.mp.br:8401/portal/pa/estagie-conosco/2016/1o-processo-seletivo/inscricoes-deferidas/deferidos_belem.pdf;https://www-cdn.mpf.mp.br/o-mpf/unidades/pr-pa/estagio/2016/1o-processo-seletivo/inscricoes-deferidas/deferidos_belem.pdf
File;http://svlp-plnptapp01.pgr.mpf.mp.br:8401/portal/pa/estagie-conosco/2016/1o-processo-seletivo/inscricoes-deferidas/deferidos_maraba.pdf;https://www-cdn.mpf.mp.br/o-mpf/unidades/pr-pa/estagio/2016/1o-processo-seletivo/inscricoes-deferidas/deferidos_maraba.pdf
File;http://svlp-plnptapp01.pgr.mpf.mp.br:8401/portal/pa/estagie-conosco/2016/1o-processo-seletivo/inscricoes-deferidas/deferidos_paragominas.pdf;https://www-cdn.mpf.mp.br/o-mpf/unidades/pr-pa/estagio/2016/1o-processo-seletivo/inscricoes-deferidas/deferidos_paragominas.pdf
File;http://svlp-plnptapp01.pgr.mpf.mp.br:8401/portal/pa/estagie-conosco/2016/1o-processo-seletivo/inscricoes-deferidas/deferidos_redencao.pdf;https://www-cdn.mpf.mp.br/o-mpf/unidades/pr-pa/estagio/2016/1o-processo-seletivo/inscricoes-deferidas/deferidos_redencao.pdf
File;http://svlp-plnptapp01.pgr.mpf.mp.br:8401/portal/pa/estagie-conosco/2016/1o-processo-seletivo/inscricoes-deferidas/deferidos_santarem.pdf;https://www-cdn.mpf.mp.br/o-mpf/unidades/pr-pa/estagio/2016/1o-processo-seletivo/inscricoes-deferidas/deferidos_santarem.pdf
File;http://svlp-plnptapp01.pgr.mpf.mp.br:8401/portal/pa/estagie-conosco/2016/1o-processo-seletivo/inscricoes-deferidas/deferidos_tucurui.pdf;https://www-cdn.mpf.mp.br/o-mpf/unidades/pr-pa/estagio/2016/1o-processo-seletivo/inscricoes-deferidas/deferidos_tucurui.pdf
Folder;http://svlp-plnptapp01.pgr.mpf.mp.br:8401/portal/pa/estagie-conosco/2016/1o-processo-seletivo/provas;https://www-cdn.mpf.mp.br/o-mpf/unidades/pr-pa/estagio/2016/1o-processo-seletivo/provas
File;http://svlp-plnptapp01.pgr.mpf.mp.br:8401/portal/pa/estagie-conosco/2016/1o-processo-seletivo/provas/prova-arquivologia_mpf-2016.pdf;https://www-cdn.mpf.mp.br/o-mpf/unidades/pr-pa/estagio/2016/1o-processo-seletivo/provas/prova-arquivologia_mpf-2016.pdf
File;http://svlp-plnptapp01.pgr.mpf.mp.br:8401/portal/pa/estagie-conosco/2016/1o-processo-seletivo/provas/prova-engenharia_mpf-2016.pdf;https://www-cdn.mpf.mp.br/o-mpf/unidades/pr-pa/estagio/2016/1o-processo-seletivo/provas/prova-engenharia_mpf-2016.pdf
File;http://svlp-plnptapp01.pgr.mpf.mp.br:8401/portal/pa/estagie-conosco/2016/1o-processo-seletivo/provas/prova-ensino-medio_mpf-2016.pdf;https://www-cdn.mpf.mp.br/o-mpf/unidades/pr-pa/estagio/2016/1o-processo-seletivo/provas/prova-ensino-medio_mpf-2016.pdf
File;http://svlp-plnptapp01.pgr.mpf.mp.br:8401/portal/pa/estagie-conosco/2016/1o-processo-seletivo/provas/prova-objetiva_pse-direito-mpf-2016.pdf;https://www-cdn.mpf.mp.br/o-mpf/unidades/pr-pa/estagio/2016/1o-processo-seletivo/provas/prova-objetiva_pse-direito-mpf-2016.pdf
File;http://svlp-plnptapp01.pgr.mpf.mp.br:8401/portal/pa/estagie-conosco/2016/1o-processo-seletivo/provas/prova-subjetiva_pse-direito-mpf-2016.pdf;https://www-cdn.mpf.mp.br/o-mpf/unidades/pr-pa/estagio/2016/1o-processo-seletivo/provas/prova-subjetiva_pse-direito-mpf-2016.pdf
Folder;http://svlp-plnptapp01.pgr.mpf.mp.br:8401/portal/pa/estagie-conosco/2016/ciencias-sociais-e-engenharia-florestal;https://www-cdn.mpf.mp.br/o-mpf/unidades/pr-pa/estagio/2016/ciencias-sociais-e-engenharia-florestal
File;http://svlp-plnptapp01.pgr.mpf.mp.br:8401/portal/pa/estagie-conosco/2016/ciencias-sociais-e-engenharia-florestal/comissao-de-organizacao-do-processo-seletivo;https://www-cdn.mpf.mp.br/o-mpf/unidades/pr-pa/estagio/2016/ciencias-sociais-e-engenharia-florestal/comissao-de-organizacao-do-processo-seletivo
File;http://svlp-plnptapp01.pgr.mpf.mp.br:8401/portal/pa/estagie-conosco/2016/ciencias-sociais-e-engenharia-florestal/edital-4-julgamento-recursos-obj_pse.pdf;https://www-cdn.mpf.mp.br/o-mpf/unidades/pr-pa/estagio/2016/ciencias-sociais-e-engenharia-florestal/edital-4-julgamento-recursos-obj_pse.pdf
File;http://svlp-plnptapp01.pgr.mpf.mp.br:8401/portal/pa/estagie-conosco/2016/ciencias-sociais-e-engenharia-florestal/edital-7-resultado-final;https://www-cdn.mpf.mp.br/o-mpf/unidades/pr-pa/estagio/2016/ciencias-sociais-e-engenharia-florestal/edital-7-resultado-final
File;http://svlp-plnptapp01.pgr.mpf.mp.br:8401/portal/pa/estagie-conosco/2016/ciencias-sociais-e-engenharia-florestal/edital-de-abertura-do-processo-seletivo;https://www-cdn.mpf.mp.br/o-mpf/unidades/pr-pa/estagio/2016/ciencias-sociais-e-engenharia-florestal/edital-de-abertura-do-processo-seletivo
File;http://svlp-plnptapp01.pgr.mpf.mp.br:8401/portal/pa/estagie-conosco/2016/ciencias-sociais-e-engenharia-florestal/edital-de-divulgacao-do-local-de-prova;https://www-cdn.mpf.mp.br/o-mpf/unidades/pr-pa/estagio/2016/ciencias-sociais-e-engenharia-florestal/edital-de-divulgacao-do-local-de-prova
File;http://svlp-plnptapp01.pgr.mpf.mp.br:8401/portal/pa/estagie-conosco/2016/ciencias-sociais-e-engenharia-florestal/edital-de-divulgacao-dos-gabaritos-e-do-prazo-para-recursos;https://www-cdn.mpf.mp.br/o-mpf/unidades/pr-pa/estagio/2016/ciencias-sociais-e-engenharia-florestal/edital-de-divulgacao-dos-gabaritos-e-do-prazo-para-recursos
File;http://svlp-plnptapp01.pgr.mpf.mp.br:8401/portal/pa/estagie-conosco/2016/ciencias-sociais-e-engenharia-florestal/edital-no-27-2016-prorrogacao-das-inscricoes-e-alteracao-do-prazo-de-confirmacao;https://www-cdn.mpf.mp.br/o-mpf/unidades/pr-pa/estagio/2016/ciencias-sociais-e-engenharia-florestal/edital-no-27-2016-prorrogacao-das-inscricoes-e-alteracao-do-prazo-de-confirmacao
File;http://svlp-plnptapp01.pgr.mpf.mp.br:8401/portal/pa/estagie-conosco/2016/ciencias-sociais-e-engenharia-florestal/formulario-para-apresentacao-de-recurso;https://www-cdn.mpf.mp.br/o-mpf/unidades/pr-pa/estagio/2016/ciencias-sociais-e-engenharia-florestal/formulario-para-apresentacao-de-recurso
File;http://svlp-plnptapp01.pgr.mpf.mp.br:8401/portal/pa/estagie-conosco/2016/ciencias-sociais-e-engenharia-florestal/formulario_recurso.pdf;https://www-cdn.mpf.mp.br/o-mpf/unidades/pr-pa/estagio/2016/ciencias-sociais-e-engenharia-florestal/formulario_recurso.pdf
File;http://svlp-plnptapp01.pgr.mpf.mp.br:8401/portal/pa/estagie-conosco/2016/ciencias-sociais-e-engenharia-florestal/gabarito-da-prova-de-ciencias-sociais;https://www-cdn.mpf.mp.br/o-mpf/unidades/pr-pa/estagio/2016/ciencias-sociais-e-engenharia-florestal/gabarito-da-prova-de-ciencias-sociais
File;http://svlp-plnptapp01.pgr.mpf.mp.br:8401/portal/pa/estagie-conosco/2016/ciencias-sociais-e-engenharia-florestal/gabarito-da-prova-de-engenharia-florestal;https://www-cdn.mpf.mp.br/o-mpf/unidades/pr-pa/estagio/2016/ciencias-sociais-e-engenharia-florestal/gabarito-da-prova-de-engenharia-florestal
File;http://svlp-plnptapp01.pgr.mpf.mp.br:8401/portal/pa/estagie-conosco/2016/ciencias-sociais-e-engenharia-florestal/gabarito-definitivo_ciencias-sociais.pdf;https://www-cdn.mpf.mp.br/o-mpf/unidades/pr-pa/estagio/2016/ciencias-sociais-e-engenharia-florestal/gabarito-definitivo_ciencias-sociais.pdf
File;http://svlp-plnptapp01.pgr.mpf.mp.br:8401/portal/pa/estagie-conosco/2016/ciencias-sociais-e-engenharia-florestal/gabarito-definitivo_eng-florestal2017.pdf;https://www-cdn.mpf.mp.br/o-mpf/unidades/pr-pa/estagio/2016/ciencias-sociais-e-engenharia-florestal/gabarito-definitivo_eng-florestal2017.pdf
File;http://svlp-plnptapp01.pgr.mpf.mp.br:8401/portal/pa/estagie-conosco/2016/ciencias-sociais-e-engenharia-florestal/inscricoes-deferidas;https://www-cdn.mpf.mp.br/o-mpf/unidades/pr-pa/estagio/2016/ciencias-sociais-e-engenharia-florestal/inscricoes-deferidas
File;http://svlp-plnptapp01.pgr.mpf.mp.br:8401/portal/pa/estagie-conosco/2016/ciencias-sociais-e-engenharia-florestal/prova-ciencias-sociais_mpf.pdf;https://www-cdn.mpf.mp.br/o-mpf/unidades/pr-pa/estagio/2016/ciencias-sociais-e-engenharia-florestal/prova-ciencias-sociais_mpf.pdf
File;http://svlp-plnptapp01.pgr.mpf.mp.br:8401/portal/pa/estagie-conosco/2016/ciencias-sociais-e-engenharia-florestal/prova-eng-florestal_mpf.pdf;https://www-cdn.mpf.mp.br/o-mpf/unidades/pr-pa/estagio/2016/ciencias-sociais-e-engenharia-florestal/prova-eng-florestal_mpf.pdf
File;http://svlp-plnptapp01.pgr.mpf.mp.br:8401/portal/pa/estagie-conosco/2016/ciencias-sociais-e-engenharia-florestal/relatorio-de-divulgacao-da-pontuacao-da-prova-objetiva;https://www-cdn.mpf.mp.br/o-mpf/unidades/pr-pa/estagio/2016/ciencias-sociais-e-engenharia-florestal/relatorio-de-divulgacao-da-pontuacao-da-prova-objetiva
File;http://svlp-plnptapp01.pgr.mpf.mp.br:8401/portal/pa/estagie-conosco/2016/ciencias-sociais-e-engenharia-florestal/resultado_provisorio_nota_subjetiva_pse_eng_c_sociais_2016.pdf;https://www-cdn.mpf.mp.br/o-mpf/unidades/pr-pa/estagio/2016/ciencias-sociais-e-engenharia-florestal/resultado_provisorio_nota_subjetiva_pse_eng_c_sociais_2016.pdf
Folder;http://svlp-plnptapp01.pgr.mpf.mp.br:8401/portal/pa/estagie-conosco/2017;https://www-cdn.mpf.mp.br/o-mpf/unidades/pr-pa/estagio/2017
Folder;http://svlp-plnptapp01.pgr.mpf.mp.br:8401/portal/pa/estagie-conosco/2017/direito-biblioteconomia-e-jornalismo;https://www-cdn.mpf.mp.br/o-mpf/unidades/pr-pa/estagio/2017/direito-biblioteconomia-e-jornalismo
Folder;http://svlp-plnptapp01.pgr.mpf.mp.br:8401/portal/pa/estagie-conosco/2017/direito-biblioteconomia-e-jornalismo/classificacao;https://www-cdn.mpf.mp.br/o-mpf/unidades/pr-pa/estagio/2017/direito-biblioteconomia-e-jornalismo/classificacao
File;http://svlp-plnptapp01.pgr.mpf.mp.br:8401/portal/pa/estagie-conosco/2017/direito-biblioteconomia-e-jornalismo/classificacao/classific_obj_direito_mab.pdf;https://www-cdn.mpf.mp.br/o-mpf/unidades/pr-pa/estagio/2017/direito-biblioteconomia-e-jornalismo/classificacao/classific_obj_direito_mab.pdf
File;http://svlp-plnptapp01.pgr.mpf.mp.br:8401/portal/pa/estagie-conosco/2017/direito-biblioteconomia-e-jornalismo/classificacao/classific_obj_direito_tuc.pdf;https://www-cdn.mpf.mp.br/o-mpf/unidades/pr-pa/estagio/2017/direito-biblioteconomia-e-jornalismo/classificacao/classific_obj_direito_tuc.pdf
File;http://svlp-plnptapp01.pgr.mpf.mp.br:8401/portal/pa/estagie-conosco/2017/direito-biblioteconomia-e-jornalismo/classificacao/classificados_bel_jornalismo.pdf;https://www-cdn.mpf.mp.br/o-mpf/unidades/pr-pa/estagio/2017/direito-biblioteconomia-e-jornalismo/classificacao/classificados_bel_jornalismo.pdf
File;http://svlp-plnptapp01.pgr.mpf.mp.br:8401/portal/pa/estagie-conosco/2017/direito-biblioteconomia-e-jornalismo/classificacao/direito_belem.pdf;https://www-cdn.mpf.mp.br/o-mpf/unidades/pr-pa/estagio/2017/direito-biblioteconomia-e-jornalismo/classificacao/direito_belem.pdf
File;http://svlp-plnptapp01.pgr.mpf.mp.br:8401/portal/pa/estagie-conosco/2017/direito-biblioteconomia-e-jornalismo/classificacao/direito_redencao.pdf;https://www-cdn.mpf.mp.br/o-mpf/unidades/pr-pa/estagio/2017/direito-biblioteconomia-e-jornalismo/classificacao/direito_redencao.pdf
Folder;http://svlp-plnptapp01.pgr.mpf.mp.br:8401/portal/pa/estagie-conosco/2017/direito-biblioteconomia-e-jornalismo/editais;https://www-cdn.mpf.mp.br/o-mpf/unidades/pr-pa/estagio/2017/direito-biblioteconomia-e-jornalismo/editais
File;http://svlp-plnptapp01.pgr.mpf.mp.br:8401/portal/pa/estagie-conosco/2017/direito-biblioteconomia-e-jornalismo/editais/90-alterar-comissao-pse-nm-e-ns.pdf;https://www-cdn.mpf.mp.br/o-mpf/unidades/pr-pa/estagio/2017/direito-biblioteconomia-e-jornalismo/editais/90-alterar-comissao-pse-nm-e-ns.pdf
File;http://svlp-plnptapp01.pgr.mpf.mp.br:8401/portal/pa/estagie-conosco/2017/direito-biblioteconomia-e-jornalismo/editais/abertura-de-processo-seletivo-publico-de-2017-para-contratacao-de-estagiarios-de-nivel-medio-e-superior-cursos-de-direito-biblioteconomia-e-comunicacao-social-jornalismo;https://www-cdn.mpf.mp.br/o-mpf/unidades/pr-pa/estagio/2017/direito-biblioteconomia-e-jornalismo/editais/abertura-de-processo-seletivo-publico-de-2017-para-contratacao-de-estagiarios-de-nivel-medio-e-superior-cursos-de-direito-biblioteconomia-e-comunicacao-social-jornalismo
File;http://svlp-plnptapp01.pgr.mpf.mp.br:8401/portal/pa/estagie-conosco/2017/direito-biblioteconomia-e-jornalismo/editais/designa-comissao-para-organizacao-do-processo-seletivo-2017-para-contratacao-de-estagiarios-de-nivel-medio-e-superior-do-mpf;https://www-cdn.mpf.mp.br/o-mpf/unidades/pr-pa/estagio/2017/direito-biblioteconomia-e-jornalismo/editais/designa-comissao-para-organizacao-do-processo-seletivo-2017-para-contratacao-de-estagiarios-de-nivel-medio-e-superior-do-mpf
File;http://svlp-plnptapp01.pgr.mpf.mp.br:8401/portal/pa/estagie-conosco/2017/direito-biblioteconomia-e-jornalismo/editais/edital-17-gabarito-objetiva_pse-2017_prazo-recurso.pdf;https://www-cdn.mpf.mp.br/o-mpf/unidades/pr-pa/estagio/2017/direito-biblioteconomia-e-jornalismo/editais/edital-17-gabarito-objetiva_pse-2017_prazo-recurso.pdf
File;http://svlp-plnptapp01.pgr.mpf.mp.br:8401/portal/pa/estagie-conosco/2017/direito-biblioteconomia-e-jornalismo/editais/edital-18-julgamento-recursos-obj_pse.pdf;https://www-cdn.mpf.mp.br/o-mpf/unidades/pr-pa/estagio/2017/direito-biblioteconomia-e-jornalismo/editais/edital-18-julgamento-recursos-obj_pse.pdf
File;http://svlp-plnptapp01.pgr.mpf.mp.br:8401/portal/pa/estagie-conosco/2017/direito-biblioteconomia-e-jornalismo/editais/edital-23-2017-anulacao-de-questao-da-prova-de-direito;https://www-cdn.mpf.mp.br/o-mpf/unidades/pr-pa/estagio/2017/direito-biblioteconomia-e-jornalismo/editais/edital-23-2017-anulacao-de-questao-da-prova-de-direito
File;http://svlp-plnptapp01.pgr.mpf.mp.br:8401/portal/pa/estagie-conosco/2017/direito-biblioteconomia-e-jornalismo/editais/edital-25-2017-divulgacao-das-notas-da-prova-subjetiva-de-direito-e-jornalismo-formulario-para-recurso;https://www-cdn.mpf.mp.br/o-mpf/unidades/pr-pa/estagio/2017/direito-biblioteconomia-e-jornalismo/editais/edital-25-2017-divulgacao-das-notas-da-prova-subjetiva-de-direito-e-jornalismo-formulario-para-recurso
File;http://svlp-plnptapp01.pgr.mpf.mp.br:8401/portal/pa/estagie-conosco/2017/direito-biblioteconomia-e-jornalismo/editais/edital-28-2017;https://www-cdn.mpf.mp.br/o-mpf/unidades/pr-pa/estagio/2017/direito-biblioteconomia-e-jornalismo/editais/edital-28-2017
File;http://svlp-plnptapp01.pgr.mpf.mp.br:8401/portal/pa/estagie-conosco/2017/direito-biblioteconomia-e-jornalismo/editais/edital-de-abertura-de-prazo-para-que-instituicoes-de-ensino-candidatem-se-a-convenio-com-o-mpf-para-concessao-de-estagio-em-nivel-medio-direito-biblioteconomia-e-jornalismo;https://www-cdn.mpf.mp.br/o-mpf/unidades/pr-pa/estagio/2017/direito-biblioteconomia-e-jornalismo/editais/edital-de-abertura-de-prazo-para-que-instituicoes-de-ensino-candidatem-se-a-convenio-com-o-mpf-para-concessao-de-estagio-em-nivel-medio-direito-biblioteconomia-e-jornalismo
File;http://svlp-plnptapp01.pgr.mpf.mp.br:8401/portal/pa/estagie-conosco/2017/direito-biblioteconomia-e-jornalismo/editais/edital-de-divulgacao-dos-locais-de-prova;https://www-cdn.mpf.mp.br/o-mpf/unidades/pr-pa/estagio/2017/direito-biblioteconomia-e-jornalismo/editais/edital-de-divulgacao-dos-locais-de-prova
File;http://svlp-plnptapp01.pgr.mpf.mp.br:8401/portal/pa/estagie-conosco/2017/direito-biblioteconomia-e-jornalismo/editais/edital_retificacao-12-pse.pdf;https://www-cdn.mpf.mp.br/o-mpf/unidades/pr-pa/estagio/2017/direito-biblioteconomia-e-jornalismo/editais/edital_retificacao-12-pse.pdf
File;http://svlp-plnptapp01.pgr.mpf.mp.br:8401/portal/pa/estagie-conosco/2017/direito-biblioteconomia-e-jornalismo/editais/formulario-para-recursos;https://www-cdn.mpf.mp.br/o-mpf/unidades/pr-pa/estagio/2017/direito-biblioteconomia-e-jornalismo/editais/formulario-para-recursos
Folder;http://svlp-plnptapp01.pgr.mpf.mp.br:8401/portal/pa/estagie-conosco/2017/direito-biblioteconomia-e-jornalismo/gabaritos;https://www-cdn.mpf.mp.br/o-mpf/unidades/pr-pa/estagio/2017/direito-biblioteconomia-e-jornalismo/gabaritos
Folder;http://svlp-plnptapp01.pgr.mpf.mp.br:8401/portal/pa/estagie-conosco/2017/direito-biblioteconomia-e-jornalismo/gabaritos/definitivos;https://www-cdn.mpf.mp.br/o-mpf/unidades/pr-pa/estagio/2017/direito-biblioteconomia-e-jornalismo/gabaritos/definitivos
File;http://svlp-plnptapp01.pgr.mpf.mp.br:8401/portal/pa/estagie-conosco/2017/direito-biblioteconomia-e-jornalismo/gabaritos/definitivos/gabarito-biblioteconomia.pdf;https://www-cdn.mpf.mp.br/o-mpf/unidades/pr-pa/estagio/2017/direito-biblioteconomia-e-jornalismo/gabaritos/definitivos/gabarito-biblioteconomia.pdf
File;http://svlp-plnptapp01.pgr.mpf.mp.br:8401/portal/pa/estagie-conosco/2017/direito-biblioteconomia-e-jornalismo/gabaritos/definitivos/gabarito-direito.pdf;https://www-cdn.mpf.mp.br/o-mpf/unidades/pr-pa/estagio/2017/direito-biblioteconomia-e-jornalismo/gabaritos/definitivos/gabarito-direito.pdf
File;http://svlp-plnptapp01.pgr.mpf.mp.br:8401/portal/pa/estagie-conosco/2017/direito-biblioteconomia-e-jornalismo/gabaritos/definitivos/gabarito-ensino-medio.pdf;https://www-cdn.mpf.mp.br/o-mpf/unidades/pr-pa/estagio/2017/direito-biblioteconomia-e-jornalismo/gabaritos/definitivos/gabarito-ensino-medio.pdf
File;http://svlp-plnptapp01.pgr.mpf.mp.br:8401/portal/pa/estagie-conosco/2017/direito-biblioteconomia-e-jornalismo/gabaritos/definitivos/gabarito-jornalismo.pdf;https://www-cdn.mpf.mp.br/o-mpf/unidades/pr-pa/estagio/2017/direito-biblioteconomia-e-jornalismo/gabaritos/definitivos/gabarito-jornalismo.pdf
Folder;http://svlp-plnptapp01.pgr.mpf.mp.br:8401/portal/pa/estagie-conosco/2017/direito-biblioteconomia-e-jornalismo/gabaritos/provisorios;https://www-cdn.mpf.mp.br/o-mpf/unidades/pr-pa/estagio/2017/direito-biblioteconomia-e-jornalismo/gabaritos/provisorios
File;http://svlp-plnptapp01.pgr.mpf.mp.br:8401/portal/pa/estagie-conosco/2017/direito-biblioteconomia-e-jornalismo/gabaritos/provisorios/gabarito-biblioteconomia.pdf;https://www-cdn.mpf.mp.br/o-mpf/unidades/pr-pa/estagio/2017/direito-biblioteconomia-e-jornalismo/gabaritos/provisorios/gabarito-biblioteconomia.pdf
File;http://svlp-plnptapp01.pgr.mpf.mp.br:8401/portal/pa/estagie-conosco/2017/direito-biblioteconomia-e-jornalismo/gabaritos/provisorios/gabarito-direito.pdf;https://www-cdn.mpf.mp.br/o-mpf/unidades/pr-pa/estagio/2017/direito-biblioteconomia-e-jornalismo/gabaritos/provisorios/gabarito-direito.pdf
File;http://svlp-plnptapp01.pgr.mpf.mp.br:8401/portal/pa/estagie-conosco/2017/direito-biblioteconomia-e-jornalismo/gabaritos/provisorios/gabarito-ensino-medio.pdf;https://www-cdn.mpf.mp.br/o-mpf/unidades/pr-pa/estagio/2017/direito-biblioteconomia-e-jornalismo/gabaritos/provisorios/gabarito-ensino-medio.pdf
File;http://svlp-plnptapp01.pgr.mpf.mp.br:8401/portal/pa/estagie-conosco/2017/direito-biblioteconomia-e-jornalismo/gabaritos/provisorios/gabarito-jornalismo.pdf;https://www-cdn.mpf.mp.br/o-mpf/unidades/pr-pa/estagio/2017/direito-biblioteconomia-e-jornalismo/gabaritos/provisorios/gabarito-jornalismo.pdf
Folder;http://svlp-plnptapp01.pgr.mpf.mp.br:8401/portal/pa/estagie-conosco/2017/direito-biblioteconomia-e-jornalismo/inscricoes-deferidas;https://www-cdn.mpf.mp.br/o-mpf/unidades/pr-pa/estagio/2017/direito-biblioteconomia-e-jornalismo/inscricoes-deferidas
File;http://svlp-plnptapp01.pgr.mpf.mp.br:8401/portal/pa/estagie-conosco/2017/direito-biblioteconomia-e-jornalismo/inscricoes-deferidas/deferidos_altamira.pdf;https://www-cdn.mpf.mp.br/o-mpf/unidades/pr-pa/estagio/2017/direito-biblioteconomia-e-jornalismo/inscricoes-deferidas/deferidos_altamira.pdf
File;http://svlp-plnptapp01.pgr.mpf.mp.br:8401/portal/pa/estagie-conosco/2017/direito-biblioteconomia-e-jornalismo/inscricoes-deferidas/deferidos_belem.pdf;https://www-cdn.mpf.mp.br/o-mpf/unidades/pr-pa/estagio/2017/direito-biblioteconomia-e-jornalismo/inscricoes-deferidas/deferidos_belem.pdf
File;http://svlp-plnptapp01.pgr.mpf.mp.br:8401/portal/pa/estagie-conosco/2017/direito-biblioteconomia-e-jornalismo/inscricoes-deferidas/deferidos_maraba.pdf;https://www-cdn.mpf.mp.br/o-mpf/unidades/pr-pa/estagio/2017/direito-biblioteconomia-e-jornalismo/inscricoes-deferidas/deferidos_maraba.pdf
File;http://svlp-plnptapp01.pgr.mpf.mp.br:8401/portal/pa/estagie-conosco/2017/direito-biblioteconomia-e-jornalismo/inscricoes-deferidas/deferidos_paragominas.pdf;https://www-cdn.mpf.mp.br/o-mpf/unidades/pr-pa/estagio/2017/direito-biblioteconomia-e-jornalismo/inscricoes-deferidas/deferidos_paragominas.pdf
File;http://svlp-plnptapp01.pgr.mpf.mp.br:8401/portal/pa/estagie-conosco/2017/direito-biblioteconomia-e-jornalismo/inscricoes-deferidas/deferidos_redencao.pdf;https://www-cdn.mpf.mp.br/o-mpf/unidades/pr-pa/estagio/2017/direito-biblioteconomia-e-jornalismo/inscricoes-deferidas/deferidos_redencao.pdf
File;http://svlp-plnptapp01.pgr.mpf.mp.br:8401/portal/pa/estagie-conosco/2017/direito-biblioteconomia-e-jornalismo/inscricoes-deferidas/deferidos_tucurui.pdf;https://www-cdn.mpf.mp.br/o-mpf/unidades/pr-pa/estagio/2017/direito-biblioteconomia-e-jornalismo/inscricoes-deferidas/deferidos_tucurui.pdf
Folder;http://svlp-plnptapp01.pgr.mpf.mp.br:8401/portal/pa/estagie-conosco/2017/direito-biblioteconomia-e-jornalismo/outros;https://www-cdn.mpf.mp.br/o-mpf/unidades/pr-pa/estagio/2017/direito-biblioteconomia-e-jornalismo/outros
File;http://svlp-plnptapp01.pgr.mpf.mp.br:8401/portal/pa/estagie-conosco/2017/direito-biblioteconomia-e-jornalismo/outros/formulario-recurso.pdf;https://www-cdn.mpf.mp.br/o-mpf/unidades/pr-pa/estagio/2017/direito-biblioteconomia-e-jornalismo/outros/formulario-recurso.pdf
File;http://svlp-plnptapp01.pgr.mpf.mp.br:8401/portal/pa/estagie-conosco/2017/direito-biblioteconomia-e-jornalismo/outros/instituicoes-de-ensino-conveniadas-para-que-alunos-concorram-a-vagas-de-estagio-no-mpf-relacao-atualizada-em-janeiro-de-2017;https://www-cdn.mpf.mp.br/o-mpf/unidades/pr-pa/estagio/2017/direito-biblioteconomia-e-jornalismo/outros/instituicoes-de-ensino-conveniadas-para-que-alunos-concorram-a-vagas-de-estagio-no-mpf-relacao-atualizada-em-janeiro-de-2017
Folder;http://svlp-plnptapp01.pgr.mpf.mp.br:8401/portal/pa/estagie-conosco/2017/direito-biblioteconomia-e-jornalismo/provas;https://www-cdn.mpf.mp.br/o-mpf/unidades/pr-pa/estagio/2017/direito-biblioteconomia-e-jornalismo/provas
Folder;http://svlp-plnptapp01.pgr.mpf.mp.br:8401/portal/pa/estagie-conosco/2017/direito-biblioteconomia-e-jornalismo/provas-anteriores;https://www-cdn.mpf.mp.br/o-mpf/unidades/pr-pa/estagio/2017/direito-biblioteconomia-e-jornalismo/provas-anteriores
Folder;http://svlp-plnptapp01.pgr.mpf.mp.br:8401/portal/pa/estagie-conosco/2017/direito-biblioteconomia-e-jornalismo/provas-anteriores/biblioteconomia;https://www-cdn.mpf.mp.br/o-mpf/unidades/pr-pa/estagio/2017/direito-biblioteconomia-e-jornalismo/provas-anteriores/biblioteconomia
File;http://svlp-plnptapp01.pgr.mpf.mp.br:8401/portal/pa/estagie-conosco/2017/direito-biblioteconomia-e-jornalismo/provas-anteriores/biblioteconomia/gabarito-definitivo-objetiva_biblioteconomia.pdf;https://www-cdn.mpf.mp.br/o-mpf/unidades/pr-pa/estagio/2017/direito-biblioteconomia-e-jornalismo/provas-anteriores/biblioteconomia/gabarito-definitivo-objetiva_biblioteconomia.pdf
File;http://svlp-plnptapp01.pgr.mpf.mp.br:8401/portal/pa/estagie-conosco/2017/direito-biblioteconomia-e-jornalismo/provas-anteriores/biblioteconomia/grade_correcao_prova_subjetiva_biblioteconomia.pdf;https://www-cdn.mpf.mp.br/o-mpf/unidades/pr-pa/estagio/2017/direito-biblioteconomia-e-jornalismo/provas-anteriores/biblioteconomia/grade_correcao_prova_subjetiva_biblioteconomia.pdf
File;http://svlp-plnptapp01.pgr.mpf.mp.br:8401/portal/pa/estagie-conosco/2017/direito-biblioteconomia-e-jornalismo/provas-anteriores/biblioteconomia/prova-objetiva-prpa_pse-estagiario-biblioteconomia-mpf-2015.pdf;https://www-cdn.mpf.mp.br/o-mpf/unidades/pr-pa/estagio/2017/direito-biblioteconomia-e-jornalismo/provas-anteriores/biblioteconomia/prova-objetiva-prpa_pse-estagiario-biblioteconomia-mpf-2015.pdf
File;http://svlp-plnptapp01.pgr.mpf.mp.br:8401/portal/pa/estagie-conosco/2017/direito-biblioteconomia-e-jornalismo/provas-anteriores/biblioteconomia/prova-subjetiva_pse-estagiario-biblioteconomia-mpf-2015.pdf;https://www-cdn.mpf.mp.br/o-mpf/unidades/pr-pa/estagio/2017/direito-biblioteconomia-e-jornalismo/provas-anteriores/biblioteconomia/prova-subjetiva_pse-estagiario-biblioteconomia-mpf-2015.pdf
Folder;http://svlp-plnptapp01.pgr.mpf.mp.br:8401/portal/pa/estagie-conosco/2017/direito-biblioteconomia-e-jornalismo/provas-anteriores/direito;https://www-cdn.mpf.mp.br/o-mpf/unidades/pr-pa/estagio/2017/direito-biblioteconomia-e-jornalismo/provas-anteriores/direito
File;http://svlp-plnptapp01.pgr.mpf.mp.br:8401/portal/pa/estagie-conosco/2017/direito-biblioteconomia-e-jornalismo/provas-anteriores/direito/gabarito-definitivo-direito_2016.pdf;https://www-cdn.mpf.mp.br/o-mpf/unidades/pr-pa/estagio/2017/direito-biblioteconomia-e-jornalismo/provas-anteriores/direito/gabarito-definitivo-direito_2016.pdf
File;http://svlp-plnptapp01.pgr.mpf.mp.br:8401/portal/pa/estagie-conosco/2017/direito-biblioteconomia-e-jornalismo/provas-anteriores/direito/prova-objetiva_pse-direito-mpf-2016.pdf;https://www-cdn.mpf.mp.br/o-mpf/unidades/pr-pa/estagio/2017/direito-biblioteconomia-e-jornalismo/provas-anteriores/direito/prova-objetiva_pse-direito-mpf-2016.pdf
File;http://svlp-plnptapp01.pgr.mpf.mp.br:8401/portal/pa/estagie-conosco/2017/direito-biblioteconomia-e-jornalismo/provas-anteriores/direito/prova-subjetiva_pse-direito-mpf-2016.pdf;https://www-cdn.mpf.mp.br/o-mpf/unidades/pr-pa/estagio/2017/direito-biblioteconomia-e-jornalismo/provas-anteriores/direito/prova-subjetiva_pse-direito-mpf-2016.pdf
File;http://svlp-plnptapp01.pgr.mpf.mp.br:8401/portal/pa/estagie-conosco/2017/direito-biblioteconomia-e-jornalismo/provas-anteriores/jornalismo/Grade_correcao_prova_subjetiva_Jornalismo.pdf;https://www-cdn.mpf.mp.br/o-mpf/unidades/pr-pa/estagio/2017/direito-biblioteconomia-e-jornalismo/provas-anteriores/jornalismo/Grade_correcao_prova_subjetiva_Jornalismo.pdf
File;http://svlp-plnptapp01.pgr.mpf.mp.br:8401/portal/pa/estagie-conosco/2017/direito-biblioteconomia-e-jornalismo/provas-anteriores/jornalismo/PROVA%20OBJETIVA%20PRPA_PSE%20ESTAGIARIO%20JORNALISMO%20MPF%202015%20.pdf;https://www-cdn.mpf.mp.br/o-mpf/unidades/pr-pa/estagio/2017/direito-biblioteconomia-e-jornalismo/provas-anteriores/jornalismo/PROVA OBJETIVA PRPA_PSE ESTAGIARIO JORNALISMO MPF 2015 .pdf
File;http://svlp-plnptapp01.pgr.mpf.mp.br:8401/portal/pa/estagie-conosco/2017/direito-biblioteconomia-e-jornalismo/provas-anteriores/jornalismo/PROVA%20SUBJETIVA_PSE%20ESTAGIARIO%20JORNALISMO%20MPF%202015.pdf;https://www-cdn.mpf.mp.br/o-mpf/unidades/pr-pa/estagio/2017/direito-biblioteconomia-e-jornalismo/provas-anteriores/jornalismo/PROVA SUBJETIVA_PSE ESTAGIARIO JORNALISMO MPF 2015.pdf
File;http://svlp-plnptapp01.pgr.mpf.mp.br:8401/portal/pa/estagie-conosco/2017/direito-biblioteconomia-e-jornalismo/provas-anteriores/jornalismo/gabarito%20definitivo%20objetiva_JORNALISMO.pdf;https://www-cdn.mpf.mp.br/o-mpf/unidades/pr-pa/estagio/2017/direito-biblioteconomia-e-jornalismo/provas-anteriores/jornalismo/gabarito definitivo objetiva_JORNALISMO.pdf
File;http://svlp-plnptapp01.pgr.mpf.mp.br:8401/portal/pa/estagie-conosco/2017/direito-biblioteconomia-e-jornalismo/provas/prova-biblioteconomia_mpf-2017.pdf;https://www-cdn.mpf.mp.br/o-mpf/unidades/pr-pa/estagio/2017/direito-biblioteconomia-e-jornalismo/provas/prova-biblioteconomia_mpf-2017.pdf
File;http://svlp-plnptapp01.pgr.mpf.mp.br:8401/portal/pa/estagie-conosco/2017/direito-biblioteconomia-e-jornalismo/provas/prova-ensino-medio_mpf-2017.pdf;https://www-cdn.mpf.mp.br/o-mpf/unidades/pr-pa/estagio/2017/direito-biblioteconomia-e-jornalismo/provas/prova-ensino-medio_mpf-2017.pdf
File;http://svlp-plnptapp01.pgr.mpf.mp.br:8401/portal/pa/estagie-conosco/2017/direito-biblioteconomia-e-jornalismo/provas/prova-jornalismo_mpf-2017.pdf;https://www-cdn.mpf.mp.br/o-mpf/unidades/pr-pa/estagio/2017/direito-biblioteconomia-e-jornalismo/provas/prova-jornalismo_mpf-2017.pdf
File;http://svlp-plnptapp01.pgr.mpf.mp.br:8401/portal/pa/estagie-conosco/2017/direito-biblioteconomia-e-jornalismo/provas/prova-objetiva_pse-direito-mpf-2017.pdf;https://www-cdn.mpf.mp.br/o-mpf/unidades/pr-pa/estagio/2017/direito-biblioteconomia-e-jornalismo/provas/prova-objetiva_pse-direito-mpf-2017.pdf
File;http://svlp-plnptapp01.pgr.mpf.mp.br:8401/portal/pa/estagie-conosco/2017/direito-biblioteconomia-e-jornalismo/provas/prova-subjetiva_pse-direito-mpf-2017.pdf;https://www-cdn.mpf.mp.br/o-mpf/unidades/pr-pa/estagio/2017/direito-biblioteconomia-e-jornalismo/provas/prova-subjetiva_pse-direito-mpf-2017.pdf
File;http://svlp-plnptapp01.pgr.mpf.mp.br:8401/portal/pa/estagie-conosco/2017/direito-biblioteconomia-e-jornalismo/provas/prova-subjetiva_pse-jornalismo-mpf-2017.pdf;https://www-cdn.mpf.mp.br/o-mpf/unidades/pr-pa/estagio/2017/direito-biblioteconomia-e-jornalismo/provas/prova-subjetiva_pse-jornalismo-mpf-2017.pdf
Folder;http://svlp-plnptapp01.pgr.mpf.mp.br:8401/portal/pa/estagie-conosco/2017/direito-e-arquivologia;https://www-cdn.mpf.mp.br/o-mpf/unidades/pr-pa/estagio/2017/direito-e-arquivologia
Folder;http://svlp-plnptapp01.pgr.mpf.mp.br:8401/portal/pa/estagie-conosco/2017/direito-e-arquivologia/editais;https://www-cdn.mpf.mp.br/o-mpf/unidades/pr-pa/estagio/2017/direito-e-arquivologia/editais
File;http://svlp-plnptapp01.pgr.mpf.mp.br:8401/portal/pa/estagie-conosco/2017/direito-e-arquivologia/editais/edital-de-abertura-de-prazo-para-credenciamento-de-instituicoes-de-nivel-superior-que-oferecam-cursos-de-direito-e-arquivologia-e-que-ainda-nao-tenham-convenio-com-o-mpf-pa-para-a-concessao-de-estagio;https://www-cdn.mpf.mp.br/o-mpf/unidades/pr-pa/estagio/2017/direito-e-arquivologia/editais/edital-de-abertura-de-prazo-para-credenciamento-de-instituicoes-de-nivel-superior-que-oferecam-cursos-de-direito-e-arquivologia-e-que-ainda-nao-tenham-convenio-com-o-mpf-pa-para-a-concessao-de-estagio
Folder;http://svlp-plnptapp01.pgr.mpf.mp.br:8401/portal/pa/estagie-conosco/2018;https://www-cdn.mpf.mp.br/o-mpf/unidades/pr-pa/estagio/2018
Folder;http://svlp-plnptapp01.pgr.mpf.mp.br:8401/portal/pa/estagie-conosco/2018/direito-arquivologia-e-nivel-medio;https://www-cdn.mpf.mp.br/o-mpf/unidades/pr-pa/estagio/2018/direito-arquivologia-e-nivel-medio
File;http://svlp-plnptapp01.pgr.mpf.mp.br:8401/portal/pa/estagie-conosco/2018/direito-arquivologia-e-nivel-medio/9-edital-43_resultado-final-pse-2018-assinado.pdf;https://www-cdn.mpf.mp.br/o-mpf/unidades/pr-pa/estagio/2018/direito-arquivologia-e-nivel-medio/9-edital-43_resultado-final-pse-2018-assinado.pdf
File;http://svlp-plnptapp01.pgr.mpf.mp.br:8401/portal/pa/estagie-conosco/2018/direito-arquivologia-e-nivel-medio/edital-21-julgamento-recursos-obj_pse.pdf;https://www-cdn.mpf.mp.br/o-mpf/unidades/pr-pa/estagio/2018/direito-arquivologia-e-nivel-medio/edital-21-julgamento-recursos-obj_pse.pdf
File;http://svlp-plnptapp01.pgr.mpf.mp.br:8401/portal/pa/estagie-conosco/2018/direito-arquivologia-e-nivel-medio/edital-41-julgamento-recursos-sub_psedireito-assinado.pdf;https://www-cdn.mpf.mp.br/o-mpf/unidades/pr-pa/estagio/2018/direito-arquivologia-e-nivel-medio/edital-41-julgamento-recursos-sub_psedireito-assinado.pdf
File;http://svlp-plnptapp01.pgr.mpf.mp.br:8401/portal/pa/estagie-conosco/2018/direito-arquivologia-e-nivel-medio/edital-de-credenciamento-dos-cursos-de-direito-e-arquivologia-1o-pse-mpf-pa-2018;https://www-cdn.mpf.mp.br/o-mpf/unidades/pr-pa/estagio/2018/direito-arquivologia-e-nivel-medio/edital-de-credenciamento-dos-cursos-de-direito-e-arquivologia-1o-pse-mpf-pa-2018
File;http://svlp-plnptapp01.pgr.mpf.mp.br:8401/portal/pa/estagie-conosco/2018/direito-arquivologia-e-nivel-medio/edital-do-processo-seletivo;https://www-cdn.mpf.mp.br/o-mpf/unidades/pr-pa/estagio/2018/direito-arquivologia-e-nivel-medio/edital-do-processo-seletivo
File;http://svlp-plnptapp01.pgr.mpf.mp.br:8401/portal/pa/estagie-conosco/2018/direito-arquivologia-e-nivel-medio/edital-locais-de-prova;https://www-cdn.mpf.mp.br/o-mpf/unidades/pr-pa/estagio/2018/direito-arquivologia-e-nivel-medio/edital-locais-de-prova
File;http://svlp-plnptapp01.pgr.mpf.mp.br:8401/portal/pa/estagie-conosco/2018/direito-arquivologia-e-nivel-medio/edital_35_-resultado-provisorio-1-pse-direito-2018.pdf;https://www-cdn.mpf.mp.br/o-mpf/unidades/pr-pa/estagio/2018/direito-arquivologia-e-nivel-medio/edital_35_-resultado-provisorio-1-pse-direito-2018.pdf
File;http://svlp-plnptapp01.pgr.mpf.mp.br:8401/portal/pa/estagie-conosco/2018/direito-arquivologia-e-nivel-medio/formulario-para-recurso;https://www-cdn.mpf.mp.br/o-mpf/unidades/pr-pa/estagio/2018/direito-arquivologia-e-nivel-medio/formulario-para-recurso
File;http://svlp-plnptapp01.pgr.mpf.mp.br:8401/portal/pa/estagie-conosco/2018/direito-arquivologia-e-nivel-medio/formulario-recurso-subjetiva.pdf;https://www-cdn.mpf.mp.br/o-mpf/unidades/pr-pa/estagio/2018/direito-arquivologia-e-nivel-medio/formulario-recurso-subjetiva.pdf
File;http://svlp-plnptapp01.pgr.mpf.mp.br:8401/portal/pa/estagie-conosco/2018/direito-arquivologia-e-nivel-medio/gabarito-arquivologia;https://www-cdn.mpf.mp.br/o-mpf/unidades/pr-pa/estagio/2018/direito-arquivologia-e-nivel-medio/gabarito-arquivologia
File;http://svlp-plnptapp01.pgr.mpf.mp.br:8401/portal/pa/estagie-conosco/2018/direito-arquivologia-e-nivel-medio/gabarito-direito;https://www-cdn.mpf.mp.br/o-mpf/unidades/pr-pa/estagio/2018/direito-arquivologia-e-nivel-medio/gabarito-direito
File;http://svlp-plnptapp01.pgr.mpf.mp.br:8401/portal/pa/estagie-conosco/2018/direito-arquivologia-e-nivel-medio/gabarito-direito-definitivo.pdf;https://www-cdn.mpf.mp.br/o-mpf/unidades/pr-pa/estagio/2018/direito-arquivologia-e-nivel-medio/gabarito-direito-definitivo.pdf
File;http://svlp-plnptapp01.pgr.mpf.mp.br:8401/portal/pa/estagie-conosco/2018/direito-arquivologia-e-nivel-medio/gabarito-ensino-medio;https://www-cdn.mpf.mp.br/o-mpf/unidades/pr-pa/estagio/2018/direito-arquivologia-e-nivel-medio/gabarito-ensino-medio
File;http://svlp-plnptapp01.pgr.mpf.mp.br:8401/portal/pa/estagie-conosco/2018/direito-arquivologia-e-nivel-medio/gabaritos_provas_objetivas_abertura_prazo_recurso.pdf;https://www-cdn.mpf.mp.br/o-mpf/unidades/pr-pa/estagio/2018/direito-arquivologia-e-nivel-medio/gabaritos_provas_objetivas_abertura_prazo_recurso.pdf
File;http://svlp-plnptapp01.pgr.mpf.mp.br:8401/portal/pa/estagie-conosco/2018/direito-arquivologia-e-nivel-medio/grade-de-correcao.pdf;https://www-cdn.mpf.mp.br/o-mpf/unidades/pr-pa/estagio/2018/direito-arquivologia-e-nivel-medio/grade-de-correcao.pdf
Folder;http://svlp-plnptapp01.pgr.mpf.mp.br:8401/portal/pa/estagie-conosco/2018/direito-arquivologia-e-nivel-medio/inscricoes-deferidas;https://www-cdn.mpf.mp.br/o-mpf/unidades/pr-pa/estagio/2018/direito-arquivologia-e-nivel-medio/inscricoes-deferidas
File;http://svlp-plnptapp01.pgr.mpf.mp.br:8401/portal/pa/estagie-conosco/2018/direito-arquivologia-e-nivel-medio/inscricoes-deferidas/deferidos_atm-1.pdf;https://www-cdn.mpf.mp.br/o-mpf/unidades/pr-pa/estagio/2018/direito-arquivologia-e-nivel-medio/inscricoes-deferidas/deferidos_atm-1.pdf
File;http://svlp-plnptapp01.pgr.mpf.mp.br:8401/portal/pa/estagie-conosco/2018/direito-arquivologia-e-nivel-medio/inscricoes-deferidas/deferidos_atm.pdf;https://www-cdn.mpf.mp.br/o-mpf/unidades/pr-pa/estagio/2018/direito-arquivologia-e-nivel-medio/inscricoes-deferidas/deferidos_atm.pdf
File;http://svlp-plnptapp01.pgr.mpf.mp.br:8401/portal/pa/estagie-conosco/2018/direito-arquivologia-e-nivel-medio/inscricoes-deferidas/deferidos_mab.pdf;https://www-cdn.mpf.mp.br/o-mpf/unidades/pr-pa/estagio/2018/direito-arquivologia-e-nivel-medio/inscricoes-deferidas/deferidos_mab.pdf
File;http://svlp-plnptapp01.pgr.mpf.mp.br:8401/portal/pa/estagie-conosco/2018/direito-arquivologia-e-nivel-medio/inscricoes-deferidas/deferidos_pgm.pdf;https://www-cdn.mpf.mp.br/o-mpf/unidades/pr-pa/estagio/2018/direito-arquivologia-e-nivel-medio/inscricoes-deferidas/deferidos_pgm.pdf
File;http://svlp-plnptapp01.pgr.mpf.mp.br:8401/portal/pa/estagie-conosco/2018/direito-arquivologia-e-nivel-medio/inscricoes-deferidas/deferidos_prpa.pdf;https://www-cdn.mpf.mp.br/o-mpf/unidades/pr-pa/estagio/2018/direito-arquivologia-e-nivel-medio/inscricoes-deferidas/deferidos_prpa.pdf
File;http://svlp-plnptapp01.pgr.mpf.mp.br:8401/portal/pa/estagie-conosco/2018/direito-arquivologia-e-nivel-medio/inscricoes-deferidas/deferidos_rdc.pdf;https://www-cdn.mpf.mp.br/o-mpf/unidades/pr-pa/estagio/2018/direito-arquivologia-e-nivel-medio/inscricoes-deferidas/deferidos_rdc.pdf
File;http://svlp-plnptapp01.pgr.mpf.mp.br:8401/portal/pa/estagie-conosco/2018/direito-arquivologia-e-nivel-medio/inscricoes-deferidas/deferidos_stm-1.pdf;https://www-cdn.mpf.mp.br/o-mpf/unidades/pr-pa/estagio/2018/direito-arquivologia-e-nivel-medio/inscricoes-deferidas/deferidos_stm-1.pdf
File;http://svlp-plnptapp01.pgr.mpf.mp.br:8401/portal/pa/estagie-conosco/2018/direito-arquivologia-e-nivel-medio/inscricoes-deferidas/deferidos_stm.pdf;https://www-cdn.mpf.mp.br/o-mpf/unidades/pr-pa/estagio/2018/direito-arquivologia-e-nivel-medio/inscricoes-deferidas/deferidos_stm.pdf
File;http://svlp-plnptapp01.pgr.mpf.mp.br:8401/portal/pa/estagie-conosco/2018/direito-arquivologia-e-nivel-medio/inscricoes-deferidas/deferidos_tuc.pdf;https://www-cdn.mpf.mp.br/o-mpf/unidades/pr-pa/estagio/2018/direito-arquivologia-e-nivel-medio/inscricoes-deferidas/deferidos_tuc.pdf
File;http://svlp-plnptapp01.pgr.mpf.mp.br:8401/portal/pa/estagie-conosco/2018/direito-arquivologia-e-nivel-medio/lista-classific_obj_arquivologia_bel.pdf;https://www-cdn.mpf.mp.br/o-mpf/unidades/pr-pa/estagio/2018/direito-arquivologia-e-nivel-medio/lista-classific_obj_arquivologia_bel.pdf
File;http://svlp-plnptapp01.pgr.mpf.mp.br:8401/portal/pa/estagie-conosco/2018/direito-arquivologia-e-nivel-medio/lista-classific_obj_direito_mab.pdf;https://www-cdn.mpf.mp.br/o-mpf/unidades/pr-pa/estagio/2018/direito-arquivologia-e-nivel-medio/lista-classific_obj_direito_mab.pdf
File;http://svlp-plnptapp01.pgr.mpf.mp.br:8401/portal/pa/estagie-conosco/2018/direito-arquivologia-e-nivel-medio/lista-classific_obj_direito_pgn.pdf;https://www-cdn.mpf.mp.br/o-mpf/unidades/pr-pa/estagio/2018/direito-arquivologia-e-nivel-medio/lista-classific_obj_direito_pgn.pdf
File;http://svlp-plnptapp01.pgr.mpf.mp.br:8401/portal/pa/estagie-conosco/2018/direito-arquivologia-e-nivel-medio/lista-classific_obj_direito_rdc.pdf;https://www-cdn.mpf.mp.br/o-mpf/unidades/pr-pa/estagio/2018/direito-arquivologia-e-nivel-medio/lista-classific_obj_direito_rdc.pdf
File;http://svlp-plnptapp01.pgr.mpf.mp.br:8401/portal/pa/estagie-conosco/2018/direito-arquivologia-e-nivel-medio/lista-classific_obj_direito_stm.pdf;https://www-cdn.mpf.mp.br/o-mpf/unidades/pr-pa/estagio/2018/direito-arquivologia-e-nivel-medio/lista-classific_obj_direito_stm.pdf
File;http://svlp-plnptapp01.pgr.mpf.mp.br:8401/portal/pa/estagie-conosco/2018/direito-arquivologia-e-nivel-medio/lista-classific_obj_direito_tuc.pdf;https://www-cdn.mpf.mp.br/o-mpf/unidades/pr-pa/estagio/2018/direito-arquivologia-e-nivel-medio/lista-classific_obj_direito_tuc.pdf
File;http://svlp-plnptapp01.pgr.mpf.mp.br:8401/portal/pa/estagie-conosco/2018/direito-arquivologia-e-nivel-medio/lista-classific_obj_nivel-medio_atm.pdf;https://www-cdn.mpf.mp.br/o-mpf/unidades/pr-pa/estagio/2018/direito-arquivologia-e-nivel-medio/lista-classific_obj_nivel-medio_atm.pdf
File;http://svlp-plnptapp01.pgr.mpf.mp.br:8401/portal/pa/estagie-conosco/2018/direito-arquivologia-e-nivel-medio/portaria-de-designacao-da-comissao-especial-de-organizacao-do-processo-seletivo;https://www-cdn.mpf.mp.br/o-mpf/unidades/pr-pa/estagio/2018/direito-arquivologia-e-nivel-medio/portaria-de-designacao-da-comissao-especial-de-organizacao-do-processo-seletivo
Folder;http://svlp-plnptapp01.pgr.mpf.mp.br:8401/portal/pa/estagie-conosco/2018/direito-arquivologia-e-nivel-medio/provas;https://www-cdn.mpf.mp.br/o-mpf/unidades/pr-pa/estagio/2018/direito-arquivologia-e-nivel-medio/provas
File;http://svlp-plnptapp01.pgr.mpf.mp.br:8401/portal/pa/estagie-conosco/2018/direito-arquivologia-e-nivel-medio/provas/prova-arquivologia_mpf-2018.pdf;https://www-cdn.mpf.mp.br/o-mpf/unidades/pr-pa/estagio/2018/direito-arquivologia-e-nivel-medio/provas/prova-arquivologia_mpf-2018.pdf
File;http://svlp-plnptapp01.pgr.mpf.mp.br:8401/portal/pa/estagie-conosco/2018/direito-arquivologia-e-nivel-medio/provas/prova-ensino-medio_mpf-2018.pdf;https://www-cdn.mpf.mp.br/o-mpf/unidades/pr-pa/estagio/2018/direito-arquivologia-e-nivel-medio/provas/prova-ensino-medio_mpf-2018.pdf
File;http://svlp-plnptapp01.pgr.mpf.mp.br:8401/portal/pa/estagie-conosco/2018/direito-arquivologia-e-nivel-medio/provas/prova-objetiva_direito-mpf-2018.pdf;https://www-cdn.mpf.mp.br/o-mpf/unidades/pr-pa/estagio/2018/direito-arquivologia-e-nivel-medio/provas/prova-objetiva_direito-mpf-2018.pdf
File;http://svlp-plnptapp01.pgr.mpf.mp.br:8401/portal/pa/estagie-conosco/2018/direito-arquivologia-e-nivel-medio/provas/prova-subjetiva_direito-mpf-2018.pdf;https://www-cdn.mpf.mp.br/o-mpf/unidades/pr-pa/estagio/2018/direito-arquivologia-e-nivel-medio/provas/prova-subjetiva_direito-mpf-2018.pdf
Folder;http://svlp-plnptapp01.pgr.mpf.mp.br:8401/portal/pa/estagie-conosco/2019;https://www-cdn.mpf.mp.br/o-mpf/unidades/pr-pa/estagio/2019
Folder;http://svlp-plnptapp01.pgr.mpf.mp.br:8401/portal/pa/estagie-conosco/2019/1-pse;https://www-cdn.mpf.mp.br/o-mpf/unidades/pr-pa/estagio/2019/1-pse
File;http://svlp-plnptapp01.pgr.mpf.mp.br:8401/portal/pa/estagie-conosco/2019/1-pse/comissao-de-organizacao;https://www-cdn.mpf.mp.br/o-mpf/unidades/pr-pa/estagio/2019/1-pse/comissao-de-organizacao
File;http://svlp-plnptapp01.pgr.mpf.mp.br:8401/portal/pa/estagie-conosco/2019/1-pse/edital-do-julgamento-de-recursos-contra-a-prova-subjetiva;https://www-cdn.mpf.mp.br/o-mpf/unidades/pr-pa/estagio/2019/1-pse/edital-do-julgamento-de-recursos-contra-a-prova-subjetiva
File;http://svlp-plnptapp01.pgr.mpf.mp.br:8401/portal/pa/estagie-conosco/2019/1-pse/edital.pdf;https://www-cdn.mpf.mp.br/o-mpf/unidades/pr-pa/estagio/2019/1-pse/edital.pdf
File;http://svlp-plnptapp01.pgr.mpf.mp.br:8401/portal/pa/estagie-conosco/2019/1-pse/edital_10_julgamento-recursos-obj_assinado.pdf;https://www-cdn.mpf.mp.br/o-mpf/unidades/pr-pa/estagio/2019/1-pse/edital_10_julgamento-recursos-obj_assinado.pdf
File;http://svlp-plnptapp01.pgr.mpf.mp.br:8401/portal/pa/estagie-conosco/2019/1-pse/edital_14_-resultado-provisorio_1_pse_2019.pdf;https://www-cdn.mpf.mp.br/o-mpf/unidades/pr-pa/estagio/2019/1-pse/edital_14_-resultado-provisorio_1_pse_2019.pdf
File;http://svlp-plnptapp01.pgr.mpf.mp.br:8401/portal/pa/estagie-conosco/2019/1-pse/formulario-recurso-objetiva.pdf;https://www-cdn.mpf.mp.br/o-mpf/unidades/pr-pa/estagio/2019/1-pse/formulario-recurso-objetiva.pdf
File;http://svlp-plnptapp01.pgr.mpf.mp.br:8401/portal/pa/estagie-conosco/2019/1-pse/formulario-recurso-prova-subjetiva;https://www-cdn.mpf.mp.br/o-mpf/unidades/pr-pa/estagio/2019/1-pse/formulario-recurso-prova-subjetiva
File;http://svlp-plnptapp01.pgr.mpf.mp.br:8401/portal/pa/estagie-conosco/2019/1-pse/gabarito-biblioteconomia-definitivo.pdf;https://www-cdn.mpf.mp.br/o-mpf/unidades/pr-pa/estagio/2019/1-pse/gabarito-biblioteconomia-definitivo.pdf
File;http://svlp-plnptapp01.pgr.mpf.mp.br:8401/portal/pa/estagie-conosco/2019/1-pse/gabarito-biblioteconomia-provisorio.pdf;https://www-cdn.mpf.mp.br/o-mpf/unidades/pr-pa/estagio/2019/1-pse/gabarito-biblioteconomia-provisorio.pdf
File;http://svlp-plnptapp01.pgr.mpf.mp.br:8401/portal/pa/estagie-conosco/2019/1-pse/gabarito-ciencias-sociais-definitivo.pdf;https://www-cdn.mpf.mp.br/o-mpf/unidades/pr-pa/estagio/2019/1-pse/gabarito-ciencias-sociais-definitivo.pdf
File;http://svlp-plnptapp01.pgr.mpf.mp.br:8401/portal/pa/estagie-conosco/2019/1-pse/gabarito-ciencias-sociais-provisorio.pdf;https://www-cdn.mpf.mp.br/o-mpf/unidades/pr-pa/estagio/2019/1-pse/gabarito-ciencias-sociais-provisorio.pdf
File;http://svlp-plnptapp01.pgr.mpf.mp.br:8401/portal/pa/estagie-conosco/2019/1-pse/gabarito-direito-definitivo.pdf;https://www-cdn.mpf.mp.br/o-mpf/unidades/pr-pa/estagio/2019/1-pse/gabarito-direito-definitivo.pdf
File;http://svlp-plnptapp01.pgr.mpf.mp.br:8401/portal/pa/estagie-conosco/2019/1-pse/gabarito-direito-provisorio.pdf;https://www-cdn.mpf.mp.br/o-mpf/unidades/pr-pa/estagio/2019/1-pse/gabarito-direito-provisorio.pdf
File;http://svlp-plnptapp01.pgr.mpf.mp.br:8401/portal/pa/estagie-conosco/2019/1-pse/gabarito-eng-florestal-definitivo.pdf;https://www-cdn.mpf.mp.br/o-mpf/unidades/pr-pa/estagio/2019/1-pse/gabarito-eng-florestal-definitivo.pdf
File;http://svlp-plnptapp01.pgr.mpf.mp.br:8401/portal/pa/estagie-conosco/2019/1-pse/gabarito-eng-florestal-provisorio.pdf;https://www-cdn.mpf.mp.br/o-mpf/unidades/pr-pa/estagio/2019/1-pse/gabarito-eng-florestal-provisorio.pdf
File;http://svlp-plnptapp01.pgr.mpf.mp.br:8401/portal/pa/estagie-conosco/2019/1-pse/locais-de-prova;https://www-cdn.mpf.mp.br/o-mpf/unidades/pr-pa/estagio/2019/1-pse/locais-de-prova
File;http://svlp-plnptapp01.pgr.mpf.mp.br:8401/portal/pa/estagie-conosco/2019/1-pse/portaria-de-alteracao-da-comissao-organizadora-do-processo-seletivo;https://www-cdn.mpf.mp.br/o-mpf/unidades/pr-pa/estagio/2019/1-pse/portaria-de-alteracao-da-comissao-organizadora-do-processo-seletivo
File;http://svlp-plnptapp01.pgr.mpf.mp.br:8401/portal/pa/estagie-conosco/2019/1-pse/relacao-de-deferidos_belem-1.pdf;https://www-cdn.mpf.mp.br/o-mpf/unidades/pr-pa/estagio/2019/1-pse/relacao-de-deferidos_belem-1.pdf
File;http://svlp-plnptapp01.pgr.mpf.mp.br:8401/portal/pa/estagie-conosco/2019/1-pse/relacao-de-deferidos_maraba-1.pdf;https://www-cdn.mpf.mp.br/o-mpf/unidades/pr-pa/estagio/2019/1-pse/relacao-de-deferidos_maraba-1.pdf
File;http://svlp-plnptapp01.pgr.mpf.mp.br:8401/portal/pa/estagie-conosco/2019/1-pse/resultado-final-da-prova-de-multipla-escolha-da-selecao-para-estagiarios-de-engenharia-florestal-e-outros;https://www-cdn.mpf.mp.br/o-mpf/unidades/pr-pa/estagio/2019/1-pse/resultado-final-da-prova-de-multipla-escolha-da-selecao-para-estagiarios-de-engenharia-florestal-e-outros
File;http://svlp-plnptapp01.pgr.mpf.mp.br:8401/portal/pa/estagie-conosco/2019/1-pse/resultado-final-do-processo-seletivo;https://www-cdn.mpf.mp.br/o-mpf/unidades/pr-pa/estagio/2019/1-pse/resultado-final-do-processo-seletivo
File;http://svlp-plnptapp01.pgr.mpf.mp.br:8401/portal/pa/estagie-conosco/2019/1-pse/retificacao-do-cronograma-do-edital;https://www-cdn.mpf.mp.br/o-mpf/unidades/pr-pa/estagio/2019/1-pse/retificacao-do-cronograma-do-edital
File;http://svlp-plnptapp01.pgr.mpf.mp.br:8401/portal/pa/estagie-conosco/2019/1-pse/retificacao_edital_7-pse_2019_ns.pdf;https://www-cdn.mpf.mp.br/o-mpf/unidades/pr-pa/estagio/2019/1-pse/retificacao_edital_7-pse_2019_ns.pdf
Folder;http://svlp-plnptapp01.pgr.mpf.mp.br:8401/portal/pa/estagie-conosco/2020;https://www-cdn.mpf.mp.br/o-mpf/unidades/pr-pa/estagio/2020
Folder;http://svlp-plnptapp01.pgr.mpf.mp.br:8401/portal/pa/estagie-conosco/2020/direito-arquivologia-e-suporte-em-tecnologia-da-informacao;https://www-cdn.mpf.mp.br/o-mpf/unidades/pr-pa/estagio/2020/direito-arquivologia-e-suporte-em-tecnologia-da-informacao
File;http://svlp-plnptapp01.pgr.mpf.mp.br:8401/portal/pa/estagie-conosco/2020/direito-arquivologia-e-suporte-em-tecnologia-da-informacao/EDITAL_21_RESULTADO_PRELIMINAR.pdf;https://www-cdn.mpf.mp.br/o-mpf/unidades/pr-pa/estagio/2020/direito-arquivologia-e-suporte-em-tecnologia-da-informacao/EDITAL_21_RESULTADO_PRELIMINAR.pdf
File;http://svlp-plnptapp01.pgr.mpf.mp.br:8401/portal/pa/estagie-conosco/2020/direito-arquivologia-e-suporte-em-tecnologia-da-informacao/copy2_of_EDITAL_21_RESULTADO_PRELIMINAR.pdf;https://www-cdn.mpf.mp.br/o-mpf/unidades/pr-pa/estagio/2020/direito-arquivologia-e-suporte-em-tecnologia-da-informacao/copy2_of_EDITAL_21_RESULTADO_PRELIMINAR.pdf
File;http://svlp-plnptapp01.pgr.mpf.mp.br:8401/portal/pa/estagie-conosco/2020/direito-arquivologia-e-suporte-em-tecnologia-da-informacao/copy_of_EDITAL_21_RESULTADO_PRELIMINAR.pdf;https://www-cdn.mpf.mp.br/o-mpf/unidades/pr-pa/estagio/2020/direito-arquivologia-e-suporte-em-tecnologia-da-informacao/copy_of_EDITAL_21_RESULTADO_PRELIMINAR.pdf
File;http://svlp-plnptapp01.pgr.mpf.mp.br:8401/portal/pa/estagie-conosco/2020/direito-arquivologia-e-suporte-em-tecnologia-da-informacao/edital;https://www-cdn.mpf.mp.br/o-mpf/unidades/pr-pa/estagio/2020/direito-arquivologia-e-suporte-em-tecnologia-da-informacao/edital
File;http://svlp-plnptapp01.pgr.mpf.mp.br:8401/portal/pa/estagie-conosco/2020/direito-arquivologia-e-suporte-em-tecnologia-da-informacao/edital-de-divulgacao-das-inscricoes-confirmadas;https://www-cdn.mpf.mp.br/o-mpf/unidades/pr-pa/estagio/2020/direito-arquivologia-e-suporte-em-tecnologia-da-informacao/edital-de-divulgacao-das-inscricoes-confirmadas
File;http://svlp-plnptapp01.pgr.mpf.mp.br:8401/portal/pa/estagie-conosco/2020/direito-arquivologia-e-suporte-em-tecnologia-da-informacao/edital-de-retificacao-de-prazos;https://www-cdn.mpf.mp.br/o-mpf/unidades/pr-pa/estagio/2020/direito-arquivologia-e-suporte-em-tecnologia-da-informacao/edital-de-retificacao-de-prazos
File;http://svlp-plnptapp01.pgr.mpf.mp.br:8401/portal/pa/estagie-conosco/2020/direito-arquivologia-e-suporte-em-tecnologia-da-informacao/edital_20_julgamento_recursos_gabarito.pdf;https://www-cdn.mpf.mp.br/o-mpf/unidades/pr-pa/estagio/2020/direito-arquivologia-e-suporte-em-tecnologia-da-informacao/edital_20_julgamento_recursos_gabarito.pdf
File;http://svlp-plnptapp01.pgr.mpf.mp.br:8401/portal/pa/estagie-conosco/2020/direito-arquivologia-e-suporte-em-tecnologia-da-informacao/edital_21_resultado_preliminar-1.pdf;https://www-cdn.mpf.mp.br/o-mpf/unidades/pr-pa/estagio/2020/direito-arquivologia-e-suporte-em-tecnologia-da-informacao/edital_21_resultado_preliminar-1.pdf
File;http://svlp-plnptapp01.pgr.mpf.mp.br:8401/portal/pa/estagie-conosco/2020/direito-arquivologia-e-suporte-em-tecnologia-da-informacao/edital_21_resultado_preliminar-2.pdf;https://www-cdn.mpf.mp.br/o-mpf/unidades/pr-pa/estagio/2020/direito-arquivologia-e-suporte-em-tecnologia-da-informacao/edital_21_resultado_preliminar-2.pdf
File;http://svlp-plnptapp01.pgr.mpf.mp.br:8401/portal/pa/estagie-conosco/2020/direito-arquivologia-e-suporte-em-tecnologia-da-informacao/edital_21_resultado_preliminar-3.pdf;https://www-cdn.mpf.mp.br/o-mpf/unidades/pr-pa/estagio/2020/direito-arquivologia-e-suporte-em-tecnologia-da-informacao/edital_21_resultado_preliminar-3.pdf
File;http://svlp-plnptapp01.pgr.mpf.mp.br:8401/portal/pa/estagie-conosco/2020/direito-arquivologia-e-suporte-em-tecnologia-da-informacao/edital_21_resultado_preliminar.pdf;https://www-cdn.mpf.mp.br/o-mpf/unidades/pr-pa/estagio/2020/direito-arquivologia-e-suporte-em-tecnologia-da-informacao/edital_21_resultado_preliminar.pdf
File;http://svlp-plnptapp01.pgr.mpf.mp.br:8401/portal/pa/estagie-conosco/2020/direito-arquivologia-e-suporte-em-tecnologia-da-informacao/edital_22_resultado_provisorio.pdf;https://www-cdn.mpf.mp.br/o-mpf/unidades/pr-pa/estagio/2020/direito-arquivologia-e-suporte-em-tecnologia-da-informacao/edital_22_resultado_provisorio.pdf
File;http://svlp-plnptapp01.pgr.mpf.mp.br:8401/portal/pa/estagie-conosco/2020/direito-arquivologia-e-suporte-em-tecnologia-da-informacao/edital_23_julgamento_recursos_subjetiva_assinado.pdf;https://www-cdn.mpf.mp.br/o-mpf/unidades/pr-pa/estagio/2020/direito-arquivologia-e-suporte-em-tecnologia-da-informacao/edital_23_julgamento_recursos_subjetiva_assinado.pdf
File;http://svlp-plnptapp01.pgr.mpf.mp.br:8401/portal/pa/estagie-conosco/2020/direito-arquivologia-e-suporte-em-tecnologia-da-informacao/edital_24_resultado-final_assinado.pdf;https://www-cdn.mpf.mp.br/o-mpf/unidades/pr-pa/estagio/2020/direito-arquivologia-e-suporte-em-tecnologia-da-informacao/edital_24_resultado-final_assinado.pdf
File;http://svlp-plnptapp01.pgr.mpf.mp.br:8401/portal/pa/estagie-conosco/2020/direito-arquivologia-e-suporte-em-tecnologia-da-informacao/edital_espelhos_provas_gabaritos_preliminares;https://www-cdn.mpf.mp.br/o-mpf/unidades/pr-pa/estagio/2020/direito-arquivologia-e-suporte-em-tecnologia-da-informacao/edital_espelhos_provas_gabaritos_preliminares
File;http://svlp-plnptapp01.pgr.mpf.mp.br:8401/portal/pa/estagie-conosco/2020/direito-arquivologia-e-suporte-em-tecnologia-da-informacao/formulario-para-recurso;https://www-cdn.mpf.mp.br/o-mpf/unidades/pr-pa/estagio/2020/direito-arquivologia-e-suporte-em-tecnologia-da-informacao/formulario-para-recurso
File;http://svlp-plnptapp01.pgr.mpf.mp.br:8401/portal/pa/estagie-conosco/2020/direito-arquivologia-e-suporte-em-tecnologia-da-informacao/gabarito-definitivo-arquivologia-2020.pdf;https://www-cdn.mpf.mp.br/o-mpf/unidades/pr-pa/estagio/2020/direito-arquivologia-e-suporte-em-tecnologia-da-informacao/gabarito-definitivo-arquivologia-2020.pdf
File;http://svlp-plnptapp01.pgr.mpf.mp.br:8401/portal/pa/estagie-conosco/2020/direito-arquivologia-e-suporte-em-tecnologia-da-informacao/gabarito-definitivo-direito-objetiva-2020.pdf;https://www-cdn.mpf.mp.br/o-mpf/unidades/pr-pa/estagio/2020/direito-arquivologia-e-suporte-em-tecnologia-da-informacao/gabarito-definitivo-direito-objetiva-2020.pdf
File;http://svlp-plnptapp01.pgr.mpf.mp.br:8401/portal/pa/estagie-conosco/2020/direito-arquivologia-e-suporte-em-tecnologia-da-informacao/gabarito-definitivo-tecnologia-da-informacao-2020.pdf;https://www-cdn.mpf.mp.br/o-mpf/unidades/pr-pa/estagio/2020/direito-arquivologia-e-suporte-em-tecnologia-da-informacao/gabarito-definitivo-tecnologia-da-informacao-2020.pdf
File;http://svlp-plnptapp01.pgr.mpf.mp.br:8401/portal/pa/estagie-conosco/2020/direito-arquivologia-e-suporte-em-tecnologia-da-informacao/gabarito_preliminar_prova_pse_prpa_arquivologia_2020;https://www-cdn.mpf.mp.br/o-mpf/unidades/pr-pa/estagio/2020/direito-arquivologia-e-suporte-em-tecnologia-da-informacao/gabarito_preliminar_prova_pse_prpa_arquivologia_2020
File;http://svlp-plnptapp01.pgr.mpf.mp.br:8401/portal/pa/estagie-conosco/2020/direito-arquivologia-e-suporte-em-tecnologia-da-informacao/gabarito_preliminar_prova_pse_prpa_direito_objetiva_2020;https://www-cdn.mpf.mp.br/o-mpf/unidades/pr-pa/estagio/2020/direito-arquivologia-e-suporte-em-tecnologia-da-informacao/gabarito_preliminar_prova_pse_prpa_direito_objetiva_2020
File;http://svlp-plnptapp01.pgr.mpf.mp.br:8401/portal/pa/estagie-conosco/2020/direito-arquivologia-e-suporte-em-tecnologia-da-informacao/gabarito_preliminar_prova_pse_prpa_direito_subjetiva_2020;https://www-cdn.mpf.mp.br/o-mpf/unidades/pr-pa/estagio/2020/direito-arquivologia-e-suporte-em-tecnologia-da-informacao/gabarito_preliminar_prova_pse_prpa_direito_subjetiva_2020
File;http://svlp-plnptapp01.pgr.mpf.mp.br:8401/portal/pa/estagie-conosco/2020/direito-arquivologia-e-suporte-em-tecnologia-da-informacao/gabarito_preliminar_prova_pse_prpa_ti_2020;https://www-cdn.mpf.mp.br/o-mpf/unidades/pr-pa/estagio/2020/direito-arquivologia-e-suporte-em-tecnologia-da-informacao/gabarito_preliminar_prova_pse_prpa_ti_2020
Folder;http://svlp-plnptapp01.pgr.mpf.mp.br:8401/portal/pa/estagie-conosco/2021;https://www-cdn.mpf.mp.br/o-mpf/unidades/pr-pa/estagio/2021
File;http://svlp-plnptapp01.pgr.mpf.mp.br:8401/portal/pa/estagie-conosco/2021/edital_07_2021_credenciamento.pdf;https://www-cdn.mpf.mp.br/o-mpf/unidades/pr-pa/estagio/2021/edital_07_2021_credenciamento.pdf
Folder;http://svlp-plnptapp01.pgr.mpf.mp.br:8401/portal/pa/estagie-conosco/2022;https://www-cdn.mpf.mp.br/o-mpf/unidades/pr-pa/estagio/2022
Document;http://svlp-plnptapp01.pgr.mpf.mp.br:8401/portal/pa/estagie-conosco/2022/altamira;https://www-cdn.mpf.mp.br/o-mpf/unidades/pr-pa/estagio/2022/altamira
Folder;http://svlp-plnptapp01.pgr.mpf.mp.br:8401/portal/pa/estagie-conosco/2022/atm;https://www-cdn.mpf.mp.br/o-mpf/unidades/pr-pa/estagio/2022/atm
File;http://svlp-plnptapp01.pgr.mpf.mp.br:8401/portal/pa/estagie-conosco/2022/atm/Edital_resultado_final_homologado_PSE_ATM_2022_MPF-PA.pdf;https://www-cdn.mpf.mp.br/o-mpf/unidades/pr-pa/estagio/2022/atm/Edital_resultado_final_homologado_PSE_ATM_2022_MPF-PA.pdf
File;http://svlp-plnptapp01.pgr.mpf.mp.br:8401/portal/pa/estagie-conosco/2022/atm/edital-12-retificacao-assinado.pdf;https://www-cdn.mpf.mp.br/o-mpf/unidades/pr-pa/estagio/2022/atm/edital-12-retificacao-assinado.pdf
File;http://svlp-plnptapp01.pgr.mpf.mp.br:8401/portal/pa/estagie-conosco/2022/atm/edital-13-reabertura-inscricao-altamira.pdf;https://www-cdn.mpf.mp.br/o-mpf/unidades/pr-pa/estagio/2022/atm/edital-13-reabertura-inscricao-altamira.pdf
File;http://svlp-plnptapp01.pgr.mpf.mp.br:8401/portal/pa/estagie-conosco/2022/atm/edital-16-2022-inscricoes-confirmadas-e-local-de-prova_atm.pdf;https://www-cdn.mpf.mp.br/o-mpf/unidades/pr-pa/estagio/2022/atm/edital-16-2022-inscricoes-confirmadas-e-local-de-prova_atm.pdf
File;http://svlp-plnptapp01.pgr.mpf.mp.br:8401/portal/pa/estagie-conosco/2022/atm/edital_26_resultado_preliminar_altamira.pdf;https://www-cdn.mpf.mp.br/o-mpf/unidades/pr-pa/estagio/2022/atm/edital_26_resultado_preliminar_altamira.pdf
File;http://svlp-plnptapp01.pgr.mpf.mp.br:8401/portal/pa/estagie-conosco/2022/atm/edital_abertura_pse_atm_2022_mpf-pa.pdf;https://www-cdn.mpf.mp.br/o-mpf/unidades/pr-pa/estagio/2022/atm/edital_abertura_pse_atm_2022_mpf-pa.pdf
Folder;http://svlp-plnptapp01.pgr.mpf.mp.br:8401/portal/pa/estagie-conosco/2022/bel-mab-stm;https://www-cdn.mpf.mp.br/o-mpf/unidades/pr-pa/estagio/2022/bel-mab-stm
File;http://svlp-plnptapp01.pgr.mpf.mp.br:8401/portal/pa/estagie-conosco/2022/bel-mab-stm/Edital162022_Locaisdeprovaeinscriesconfirmadas_m.pdf;https://www-cdn.mpf.mp.br/o-mpf/unidades/pr-pa/estagio/2022/bel-mab-stm/Edital162022_Locaisdeprovaeinscriesconfirmadas_m.pdf
File;http://svlp-plnptapp01.pgr.mpf.mp.br:8401/portal/pa/estagie-conosco/2022/bel-mab-stm/Edital_de_heteroidentificacao.pdf;https://www-cdn.mpf.mp.br/o-mpf/unidades/pr-pa/estagio/2022/bel-mab-stm/Edital_de_heteroidentificacao.pdf
File;http://svlp-plnptapp01.pgr.mpf.mp.br:8401/portal/pa/estagie-conosco/2022/bel-mab-stm/Edital_resultado_final_homologado_PSE_BEL-MAB-STM_2022_MPF-PA_retificado.pdf;https://www-cdn.mpf.mp.br/o-mpf/unidades/pr-pa/estagio/2022/bel-mab-stm/Edital_resultado_final_homologado_PSE_BEL-MAB-STM_2022_MPF-PA_retificado.pdf
File;http://svlp-plnptapp01.pgr.mpf.mp.br:8401/portal/pa/estagie-conosco/2022/bel-mab-stm/edital-11-retificacao-assinado.pdf;https://www-cdn.mpf.mp.br/o-mpf/unidades/pr-pa/estagio/2022/bel-mab-stm/edital-11-retificacao-assinado.pdf
File;http://svlp-plnptapp01.pgr.mpf.mp.br:8401/portal/pa/estagie-conosco/2022/bel-mab-stm/edital-14-prorrogacao-provas-prpa.pdf;https://www-cdn.mpf.mp.br/o-mpf/unidades/pr-pa/estagio/2022/bel-mab-stm/edital-14-prorrogacao-provas-prpa.pdf
File;http://svlp-plnptapp01.pgr.mpf.mp.br:8401/portal/pa/estagie-conosco/2022/bel-mab-stm/edital_25_resultado_preliminar.pdf;https://www-cdn.mpf.mp.br/o-mpf/unidades/pr-pa/estagio/2022/bel-mab-stm/edital_25_resultado_preliminar.pdf
File;http://svlp-plnptapp01.pgr.mpf.mp.br:8401/portal/pa/estagie-conosco/2022/bel-mab-stm/edital_abertura_pse_bel-mab-stm_2022_mpf-pa.pdf;https://www-cdn.mpf.mp.br/o-mpf/unidades/pr-pa/estagio/2022/bel-mab-stm/edital_abertura_pse_bel-mab-stm_2022_mpf-pa.pdf
File;http://svlp-plnptapp01.pgr.mpf.mp.br:8401/portal/pa/estagie-conosco/2022/bel-mab-stm/formulario_para_recurso.doc;https://www-cdn.mpf.mp.br/o-mpf/unidades/pr-pa/estagio/2022/bel-mab-stm/formulario_para_recurso.doc
Document;http://svlp-plnptapp01.pgr.mpf.mp.br:8401/portal/pa/estagie-conosco/2022/belem-maraba-e-santarem;https://www-cdn.mpf.mp.br/o-mpf/unidades/pr-pa/estagio/2022/belem-maraba-e-santarem
Folder;http://svlp-plnptapp01.pgr.mpf.mp.br:8401/portal/pa/estagie-conosco/2023;https://www-cdn.mpf.mp.br/o-mpf/unidades/pr-pa/estagio/2023
File;http://svlp-plnptapp01.pgr.mpf.mp.br:8401/portal/pa/estagie-conosco/2023/Edital_PRPA_1-PSE_2023.pdf;https://www-cdn.mpf.mp.br/o-mpf/unidades/pr-pa/estagio/2023/Edital_PRPA_1-PSE_2023.pdf
File;http://svlp-plnptapp01.pgr.mpf.mp.br:8401/portal/pa/estagie-conosco/2023/Prorrogacao_inscricoes_edital_PRPA_24-2023.pdf;https://www-cdn.mpf.mp.br/o-mpf/unidades/pr-pa/estagio/2023/Prorrogacao_inscricoes_edital_PRPA_24-2023.pdf
File;http://svlp-plnptapp01.pgr.mpf.mp.br:8401/portal/pa/estagie-conosco/2023/Retificacao_do_edital_PRPA_24-2023.pdf;https://www-cdn.mpf.mp.br/o-mpf/unidades/pr-pa/estagio/2023/Retificacao_do_edital_PRPA_24-2023.pdf
Document;http://svlp-plnptapp01.pgr.mpf.mp.br:8401/portal/pa/estagie-conosco/2023/apresentacao;https://www-cdn.mpf.mp.br/o-mpf/unidades/pr-pa/estagio/2023/apresentacao
File;http://svlp-plnptapp01.pgr.mpf.mp.br:8401/portal/pa/estagie-conosco/2023/aviso_publico_prpa_11-2023_convocacao_celebracao_convenio_estagio.pdf;https://www-cdn.mpf.mp.br/o-mpf/unidades/pr-pa/estagio/2023/aviso_publico_prpa_11-2023_convocacao_celebracao_convenio_estagio.pdf
File;http://svlp-plnptapp01.pgr.mpf.mp.br:8401/portal/pa/estagie-conosco/2023/aviso_publico_prpa_11-2023_convocacao_celebracao_convenio_estagio_prorrogacao_05-04.2023;https://www-cdn.mpf.mp.br/o-mpf/unidades/pr-pa/estagio/2023/aviso_publico_prpa_11-2023_convocacao_celebracao_convenio_estagio_prorrogacao_05-04.2023
File;http://svlp-plnptapp01.pgr.mpf.mp.br:8401/portal/pa/estagie-conosco/2023/cronograma_1_pse_prpa_2023.pdf;https://www-cdn.mpf.mp.br/o-mpf/unidades/pr-pa/estagio/2023/cronograma_1_pse_prpa_2023.pdf
File;http://svlp-plnptapp01.pgr.mpf.mp.br:8401/portal/pa/estagie-conosco/2023/edital-422023-sestprpa-pr-pa-000522212023.pdf;https://www-cdn.mpf.mp.br/o-mpf/unidades/pr-pa/estagio/2023/edital-422023-sestprpa-pr-pa-000522212023.pdf
File;http://svlp-plnptapp01.pgr.mpf.mp.br:8401/portal/pa/estagie-conosco/2023/edital_de_convocacao_de_heteroidentificacao_2023.pdf;https://www-cdn.mpf.mp.br/o-mpf/unidades/pr-pa/estagio/2023/edital_de_convocacao_de_heteroidentificacao_2023.pdf
File;http://svlp-plnptapp01.pgr.mpf.mp.br:8401/portal/pa/estagie-conosco/2023/edital_inscricoes_confirmadas_pse-prpa_2023.pdf;https://www-cdn.mpf.mp.br/o-mpf/unidades/pr-pa/estagio/2023/edital_inscricoes_confirmadas_pse-prpa_2023.pdf
File;http://svlp-plnptapp01.pgr.mpf.mp.br:8401/portal/pa/estagie-conosco/2023/edital_mpf-prpa_n_36_06_outubro_2023.pdf;https://www-cdn.mpf.mp.br/o-mpf/unidades/pr-pa/estagio/2023/edital_mpf-prpa_n_36_06_outubro_2023.pdf
File;http://svlp-plnptapp01.pgr.mpf.mp.br:8401/portal/pa/estagie-conosco/2023/edital_mpf-prpa_n_40_11_outubro_2023.pdf;https://www-cdn.mpf.mp.br/o-mpf/unidades/pr-pa/estagio/2023/edital_mpf-prpa_n_40_11_outubro_2023.pdf
File;http://svlp-plnptapp01.pgr.mpf.mp.br:8401/portal/pa/estagie-conosco/2023/edital_mpf_pr-pa_33_2023;https://www-cdn.mpf.mp.br/o-mpf/unidades/pr-pa/estagio/2023/edital_mpf_pr-pa_33_2023
File;http://svlp-plnptapp01.pgr.mpf.mp.br:8401/portal/pa/estagie-conosco/2023/formulario_de_recurso.docx;https://www-cdn.mpf.mp.br/o-mpf/unidades/pr-pa/estagio/2023/formulario_de_recurso.docx
File;http://svlp-plnptapp01.pgr.mpf.mp.br:8401/portal/pa/estagie-conosco/2023/inscricoes_confirmadas_pse_mpf_pa_2023.pdf;https://www-cdn.mpf.mp.br/o-mpf/unidades/pr-pa/estagio/2023/inscricoes_confirmadas_pse_mpf_pa_2023.pdf
File;http://svlp-plnptapp01.pgr.mpf.mp.br:8401/portal/pa/estagie-conosco/2023/pr-pa-00048848-2023.pdf;https://www-cdn.mpf.mp.br/o-mpf/unidades/pr-pa/estagio/2023/pr-pa-00048848-2023.pdf
File;http://svlp-plnptapp01.pgr.mpf.mp.br:8401/portal/pa/estagie-conosco/2023/pr-pa-00053739-2023.pdf;https://www-cdn.mpf.mp.br/o-mpf/unidades/pr-pa/estagio/2023/pr-pa-00053739-2023.pdf
File;http://svlp-plnptapp01.pgr.mpf.mp.br:8401/portal/pa/estagie-conosco/2023/pr-pa-00053995-2023.pdf;https://www-cdn.mpf.mp.br/o-mpf/unidades/pr-pa/estagio/2023/pr-pa-00053995-2023.pdf
File;http://svlp-plnptapp01.pgr.mpf.mp.br:8401/portal/pa/estagie-conosco/2023/resultado-final-e-homologacao;https://www-cdn.mpf.mp.br/o-mpf/unidades/pr-pa/estagio/2023/resultado-final-e-homologacao
File;http://svlp-plnptapp01.pgr.mpf.mp.br:8401/portal/pa/estagie-conosco/2023/retificacao_edital_de_convocacao_de_heteroidentificacao_2023.pdf;https://www-cdn.mpf.mp.br/o-mpf/unidades/pr-pa/estagio/2023/retificacao_edital_de_convocacao_de_heteroidentificacao_2023.pdf
Folder;http://svlp-plnptapp01.pgr.mpf.mp.br:8401/portal/pa/estagie-conosco/2024;https://www-cdn.mpf.mp.br/o-mpf/unidades/pr-pa/estagio/2024
Folder;http://svlp-plnptapp01.pgr.mpf.mp.br:8401/portal/pa/estagie-conosco/2024/1pse;https://www-cdn.mpf.mp.br/o-mpf/unidades/pr-pa/estagio/2024/1pse
File;http://svlp-plnptapp01.pgr.mpf.mp.br:8401/portal/pa/estagie-conosco/2024/1pse/edital-abertura;https://www-cdn.mpf.mp.br/o-mpf/unidades/pr-pa/estagio/2024/1pse/edital-abertura
File;http://svlp-plnptapp01.pgr.mpf.mp.br:8401/portal/pa/estagie-conosco/2024/1pse/edital-mpf-prpa-no-20-de-30-de-junho-de-2024-espelho-de-prova-jornalismo-e-direito-graduacao;https://www-cdn.mpf.mp.br/o-mpf/unidades/pr-pa/estagio/2024/1pse/edital-mpf-prpa-no-20-de-30-de-junho-de-2024-espelho-de-prova-jornalismo-e-direito-graduacao
File;http://svlp-plnptapp01.pgr.mpf.mp.br:8401/portal/pa/estagie-conosco/2024/1pse/edital-prpa-19-local-de-prova.pdf;https://www-cdn.mpf.mp.br/o-mpf/unidades/pr-pa/estagio/2024/1pse/edital-prpa-19-local-de-prova.pdf
File;http://svlp-plnptapp01.pgr.mpf.mp.br:8401/portal/pa/estagie-conosco/2024/1pse/formulario-para-recurso;https://www-cdn.mpf.mp.br/o-mpf/unidades/pr-pa/estagio/2024/1pse/formulario-para-recurso
File;http://svlp-plnptapp01.pgr.mpf.mp.br:8401/portal/pa/estagie-conosco/2024/1pse/gabarito-definitivo;https://www-cdn.mpf.mp.br/o-mpf/unidades/pr-pa/estagio/2024/1pse/gabarito-definitivo
File;http://svlp-plnptapp01.pgr.mpf.mp.br:8401/portal/pa/estagie-conosco/2024/1pse/gabarito-provisorio-prova-objetiva-comunicacao-social;https://www-cdn.mpf.mp.br/o-mpf/unidades/pr-pa/estagio/2024/1pse/gabarito-provisorio-prova-objetiva-comunicacao-social
File;http://svlp-plnptapp01.pgr.mpf.mp.br:8401/portal/pa/estagie-conosco/2024/1pse/gabarito-provisorio-prova-objetiva-direito;https://www-cdn.mpf.mp.br/o-mpf/unidades/pr-pa/estagio/2024/1pse/gabarito-provisorio-prova-objetiva-direito
Document;http://svlp-plnptapp01.pgr.mpf.mp.br:8401/portal/pa/estagie-conosco/2024/1pse/informacoes;https://www-cdn.mpf.mp.br/o-mpf/unidades/pr-pa/estagio/2024/1pse/informacoes
File;http://svlp-plnptapp01.pgr.mpf.mp.br:8401/portal/pa/estagie-conosco/2024/1pse/inscricoes-confirmadas;https://www-cdn.mpf.mp.br/o-mpf/unidades/pr-pa/estagio/2024/1pse/inscricoes-confirmadas
File;http://svlp-plnptapp01.pgr.mpf.mp.br:8401/portal/pa/estagie-conosco/2024/1pse/link-para-edital-de-convocacao-para-banca-de-heteroidentificacao;https://www-cdn.mpf.mp.br/o-mpf/unidades/pr-pa/estagio/2024/1pse/link-para-edital-de-convocacao-para-banca-de-heteroidentificacao
File;http://svlp-plnptapp01.pgr.mpf.mp.br:8401/portal/pa/estagie-conosco/2024/1pse/link-para-resultado-da-banca-de-heteroidentificacao;https://www-cdn.mpf.mp.br/o-mpf/unidades/pr-pa/estagio/2024/1pse/link-para-resultado-da-banca-de-heteroidentificacao
File;http://svlp-plnptapp01.pgr.mpf.mp.br:8401/portal/pa/estagie-conosco/2024/1pse/link-para-resultado-final-e-homologacao-do-processo-seletivo;https://www-cdn.mpf.mp.br/o-mpf/unidades/pr-pa/estagio/2024/1pse/link-para-resultado-final-e-homologacao-do-processo-seletivo
File;http://svlp-plnptapp01.pgr.mpf.mp.br:8401/portal/pa/estagie-conosco/2024/1pse/prova-discursiva-comunicacao-social;https://www-cdn.mpf.mp.br/o-mpf/unidades/pr-pa/estagio/2024/1pse/prova-discursiva-comunicacao-social
File;http://svlp-plnptapp01.pgr.mpf.mp.br:8401/portal/pa/estagie-conosco/2024/1pse/prova-discursiva-direito;https://www-cdn.mpf.mp.br/o-mpf/unidades/pr-pa/estagio/2024/1pse/prova-discursiva-direito
File;http://svlp-plnptapp01.pgr.mpf.mp.br:8401/portal/pa/estagie-conosco/2024/1pse/prova-objetiva-comunicacao-social;https://www-cdn.mpf.mp.br/o-mpf/unidades/pr-pa/estagio/2024/1pse/prova-objetiva-comunicacao-social
File;http://svlp-plnptapp01.pgr.mpf.mp.br:8401/portal/pa/estagie-conosco/2024/1pse/prova-objetiva-direito;https://www-cdn.mpf.mp.br/o-mpf/unidades/pr-pa/estagio/2024/1pse/prova-objetiva-direito
File;http://svlp-plnptapp01.pgr.mpf.mp.br:8401/portal/pa/estagie-conosco/2024/1pse/resultado-provisorio;https://www-cdn.mpf.mp.br/o-mpf/unidades/pr-pa/estagio/2024/1pse/resultado-provisorio
File;http://svlp-plnptapp01.pgr.mpf.mp.br:8401/portal/pa/estagie-conosco/2024/1pse/resultado-recursos-contra-prova-discursiva;https://www-cdn.mpf.mp.br/o-mpf/unidades/pr-pa/estagio/2024/1pse/resultado-recursos-contra-prova-discursiva
Folder;http://svlp-plnptapp01.pgr.mpf.mp.br:8401/portal/pa/estagie-conosco/2024/2pse;https://www-cdn.mpf.mp.br/o-mpf/unidades/pr-pa/estagio/2024/2pse
File;http://svlp-plnptapp01.pgr.mpf.mp.br:8401/portal/pa/estagie-conosco/2024/2pse/aviso-orientacoes-sobre-o-acesso-obrigatorio-a-plataforma-de-realizacao-da-prova;https://www-cdn.mpf.mp.br/o-mpf/unidades/pr-pa/estagio/2024/2pse/aviso-orientacoes-sobre-o-acesso-obrigatorio-a-plataforma-de-realizacao-da-prova
File;http://svlp-plnptapp01.pgr.mpf.mp.br:8401/portal/pa/estagie-conosco/2024/2pse/edital;https://www-cdn.mpf.mp.br/o-mpf/unidades/pr-pa/estagio/2024/2pse/edital
File;http://svlp-plnptapp01.pgr.mpf.mp.br:8401/portal/pa/estagie-conosco/2024/2pse/edital-prpa-35_25-outubro-2024.pdf;https://www-cdn.mpf.mp.br/o-mpf/unidades/pr-pa/estagio/2024/2pse/edital-prpa-35_25-outubro-2024.pdf
Document;http://svlp-plnptapp01.pgr.mpf.mp.br:8401/portal/pa/estagie-conosco/2024/2pse/informacoes;https://www-cdn.mpf.mp.br/o-mpf/unidades/pr-pa/estagio/2024/2pse/informacoes
File;http://svlp-plnptapp01.pgr.mpf.mp.br:8401/portal/pa/estagie-conosco/2024/2pse/link-para-aviso-sobre-alteracao-da-data-do-resultado-da-banca-de-heteroidentificacao;https://www-cdn.mpf.mp.br/o-mpf/unidades/pr-pa/estagio/2024/2pse/link-para-aviso-sobre-alteracao-da-data-do-resultado-da-banca-de-heteroidentificacao
File;http://svlp-plnptapp01.pgr.mpf.mp.br:8401/portal/pa/estagie-conosco/2024/2pse/link-para-aviso-sobre-alteracao-na-data-de-entrevista-com-banca-de-heteroidentificacao;https://www-cdn.mpf.mp.br/o-mpf/unidades/pr-pa/estagio/2024/2pse/link-para-aviso-sobre-alteracao-na-data-de-entrevista-com-banca-de-heteroidentificacao
File;http://svlp-plnptapp01.pgr.mpf.mp.br:8401/portal/pa/estagie-conosco/2024/2pse/link-para-aviso-sobre-o-gabarito-preliminar-e-recursos;https://www-cdn.mpf.mp.br/o-mpf/unidades/pr-pa/estagio/2024/2pse/link-para-aviso-sobre-o-gabarito-preliminar-e-recursos
File;http://svlp-plnptapp01.pgr.mpf.mp.br:8401/portal/pa/estagie-conosco/2024/2pse/link-para-detalhes-sobre-o-dia-da-prova-o-gabarito-preliminar-e-os-recursos-da-prova-objetiva;https://www-cdn.mpf.mp.br/o-mpf/unidades/pr-pa/estagio/2024/2pse/link-para-detalhes-sobre-o-dia-da-prova-o-gabarito-preliminar-e-os-recursos-da-prova-objetiva
File;http://svlp-plnptapp01.pgr.mpf.mp.br:8401/portal/pa/estagie-conosco/2024/2pse/link-para-detalhes-sobre-o-horario-da-prova-objetiva-online;https://www-cdn.mpf.mp.br/o-mpf/unidades/pr-pa/estagio/2024/2pse/link-para-detalhes-sobre-o-horario-da-prova-objetiva-online
File;http://svlp-plnptapp01.pgr.mpf.mp.br:8401/portal/pa/estagie-conosco/2024/2pse/link-para-o-resultado-preliminar-da-entrevista-da-banca-de-heteroidentificacao;https://www-cdn.mpf.mp.br/o-mpf/unidades/pr-pa/estagio/2024/2pse/link-para-o-resultado-preliminar-da-entrevista-da-banca-de-heteroidentificacao
File;http://svlp-plnptapp01.pgr.mpf.mp.br:8401/portal/pa/estagie-conosco/2024/2pse/link-para-relacao-provisoria-de-aprovados;https://www-cdn.mpf.mp.br/o-mpf/unidades/pr-pa/estagio/2024/2pse/link-para-relacao-provisoria-de-aprovados
File;http://svlp-plnptapp01.pgr.mpf.mp.br:8401/portal/pa/estagie-conosco/2024/aviso_publico_prpa_06-2024;https://www-cdn.mpf.mp.br/o-mpf/unidades/pr-pa/estagio/2024/aviso_publico_prpa_06-2024
Document;http://svlp-plnptapp01.pgr.mpf.mp.br:8401/portal/pa/estagie-conosco/2024/informacoes;https://www-cdn.mpf.mp.br/o-mpf/unidades/pr-pa/estagio/2024/informacoes
Folder;http://svlp-plnptapp01.pgr.mpf.mp.br:8401/portal/pa/estagie-conosco/2025;https://www-cdn.mpf.mp.br/o-mpf/unidades/pr-pa/estagio/2025
Folder;http://svlp-plnptapp01.pgr.mpf.mp.br:8401/portal/pa/estagie-conosco/2025/1pse;https://www-cdn.mpf.mp.br/o-mpf/unidades/pr-pa/estagio/2025/1pse
Link;http://svlp-plnptapp01.pgr.mpf.mp.br:8401/portal/pa/estagie-conosco/2025/1pse/1o-processo-seletivo-unificado-de-estagiarios-para-a-procuradoria-da-republica-no-para-em-2025-direito;https://www-cdn.mpf.mp.br/o-mpf/unidades/pr-pa/estagio/2025/1pse/1o-processo-seletivo-unificado-de-estagiarios-para-a-procuradoria-da-republica-no-para-em-2025-direito
File;http://svlp-plnptapp01.pgr.mpf.mp.br:8401/portal/pa/estagie-conosco/2025/1pse/alteracao-na-data-de-entrevista-da-banca-de-heteroidentificacao;https://www-cdn.mpf.mp.br/o-mpf/unidades/pr-pa/estagio/2025/1pse/alteracao-na-data-de-entrevista-da-banca-de-heteroidentificacao
File;http://svlp-plnptapp01.pgr.mpf.mp.br:8401/portal/pa/estagie-conosco/2025/1pse/convite-convenio-estagio;https://www-cdn.mpf.mp.br/o-mpf/unidades/pr-pa/estagio/2025/1pse/convite-convenio-estagio
File;http://svlp-plnptapp01.pgr.mpf.mp.br:8401/portal/pa/estagie-conosco/2025/1pse/data-horario-prova-objetiva-online.pdf;https://www-cdn.mpf.mp.br/o-mpf/unidades/pr-pa/estagio/2025/1pse/data-horario-prova-objetiva-online.pdf
File;http://svlp-plnptapp01.pgr.mpf.mp.br:8401/portal/pa/estagie-conosco/2025/1pse/divulgacao-dos-locais-dos-locais-da-prova-subjetiva;https://www-cdn.mpf.mp.br/o-mpf/unidades/pr-pa/estagio/2025/1pse/divulgacao-dos-locais-dos-locais-da-prova-subjetiva
File;http://svlp-plnptapp01.pgr.mpf.mp.br:8401/portal/pa/estagie-conosco/2025/1pse/edital-de-abertura;https://www-cdn.mpf.mp.br/o-mpf/unidades/pr-pa/estagio/2025/1pse/edital-de-abertura
File;http://svlp-plnptapp01.pgr.mpf.mp.br:8401/portal/pa/estagie-conosco/2025/1pse/edital-resultado-final-homologacao-1-pse-prpa-2025.pdf;https://www-cdn.mpf.mp.br/o-mpf/unidades/pr-pa/estagio/2025/1pse/edital-resultado-final-homologacao-1-pse-prpa-2025.pdf
File;http://svlp-plnptapp01.pgr.mpf.mp.br:8401/portal/pa/estagie-conosco/2025/1pse/espelho-da-prova-subjetiva.pdf;https://www-cdn.mpf.mp.br/o-mpf/unidades/pr-pa/estagio/2025/1pse/espelho-da-prova-subjetiva.pdf
File;http://svlp-plnptapp01.pgr.mpf.mp.br:8401/portal/pa/estagie-conosco/2025/1pse/formulario-para-recurso-da-prova-discursiva;https://www-cdn.mpf.mp.br/o-mpf/unidades/pr-pa/estagio/2025/1pse/formulario-para-recurso-da-prova-discursiva
File;http://svlp-plnptapp01.pgr.mpf.mp.br:8401/portal/pa/estagie-conosco/2025/1pse/inscricoes-confirmadas;https://www-cdn.mpf.mp.br/o-mpf/unidades/pr-pa/estagio/2025/1pse/inscricoes-confirmadas
File;http://svlp-plnptapp01.pgr.mpf.mp.br:8401/portal/pa/estagie-conosco/2025/1pse/mudanca-da-data-de-divulgacao-do-resultado-final-do-1o-concurso-de-estagiarios-de-2025;https://www-cdn.mpf.mp.br/o-mpf/unidades/pr-pa/estagio/2025/1pse/mudanca-da-data-de-divulgacao-do-resultado-final-do-1o-concurso-de-estagiarios-de-2025
File;http://svlp-plnptapp01.pgr.mpf.mp.br:8401/portal/pa/estagie-conosco/2025/1pse/orientacoes-acesso-a-prova-discursiva-e-como-apresentar-recurso;https://www-cdn.mpf.mp.br/o-mpf/unidades/pr-pa/estagio/2025/1pse/orientacoes-acesso-a-prova-discursiva-e-como-apresentar-recurso
Document;http://svlp-plnptapp01.pgr.mpf.mp.br:8401/portal/pa/estagie-conosco/2025/1pse/pagina-inicial;https://www-cdn.mpf.mp.br/o-mpf/unidades/pr-pa/estagio/2025/1pse/pagina-inicial
File;http://svlp-plnptapp01.pgr.mpf.mp.br:8401/portal/pa/estagie-conosco/2025/1pse/resposta-aos-recursos-da-prova-objetiva-1;https://www-cdn.mpf.mp.br/o-mpf/unidades/pr-pa/estagio/2025/1pse/resposta-aos-recursos-da-prova-objetiva-1
File;http://svlp-plnptapp01.pgr.mpf.mp.br:8401/portal/pa/estagie-conosco/2025/1pse/resultado-da-banca-medica;https://www-cdn.mpf.mp.br/o-mpf/unidades/pr-pa/estagio/2025/1pse/resultado-da-banca-medica
File;http://svlp-plnptapp01.pgr.mpf.mp.br:8401/portal/pa/estagie-conosco/2025/1pse/resultado-da-entrevista-de-heteroidentificacao;https://www-cdn.mpf.mp.br/o-mpf/unidades/pr-pa/estagio/2025/1pse/resultado-da-entrevista-de-heteroidentificacao
File;http://svlp-plnptapp01.pgr.mpf.mp.br:8401/portal/pa/estagie-conosco/2025/1pse/resultado-das-provas-subjetivas;https://www-cdn.mpf.mp.br/o-mpf/unidades/pr-pa/estagio/2025/1pse/resultado-das-provas-subjetivas
File;http://svlp-plnptapp01.pgr.mpf.mp.br:8401/portal/pa/estagie-conosco/2025/1pse/resultado-prova-objetiva-aprovados.pdf;https://www-cdn.mpf.mp.br/o-mpf/unidades/pr-pa/estagio/2025/1pse/resultado-prova-objetiva-aprovados.pdf
File;http://svlp-plnptapp01.pgr.mpf.mp.br:8401/portal/pa/estagie-conosco/2025/1pse/resultado-prova-objetiva-nao-aprovados.pdf;https://www-cdn.mpf.mp.br/o-mpf/unidades/pr-pa/estagio/2025/1pse/resultado-prova-objetiva-nao-aprovados.pdf
File;http://svlp-plnptapp01.pgr.mpf.mp.br:8401/portal/pa/estagie-conosco/2025/1pse/resumo-das-questoes-anuladas;https://www-cdn.mpf.mp.br/o-mpf/unidades/pr-pa/estagio/2025/1pse/resumo-das-questoes-anuladas
File;http://svlp-plnptapp01.pgr.mpf.mp.br:8401/portal/pa/estagie-conosco/2025/1pse/retificacao-2-aprovados-na-prova-objetiva;https://www-cdn.mpf.mp.br/o-mpf/unidades/pr-pa/estagio/2025/1pse/retificacao-2-aprovados-na-prova-objetiva
File;http://svlp-plnptapp01.pgr.mpf.mp.br:8401/portal/pa/estagie-conosco/2025/1pse/retificacao-2-nao-aprovados-na-prova-objetiva;https://www-cdn.mpf.mp.br/o-mpf/unidades/pr-pa/estagio/2025/1pse/retificacao-2-nao-aprovados-na-prova-objetiva
File;http://svlp-plnptapp01.pgr.mpf.mp.br:8401/portal/pa/estagie-conosco/2025/1pse/retificacao-candidatos-aprovados-na-prova-objetiva;https://www-cdn.mpf.mp.br/o-mpf/unidades/pr-pa/estagio/2025/1pse/retificacao-candidatos-aprovados-na-prova-objetiva
File;http://svlp-plnptapp01.pgr.mpf.mp.br:8401/portal/pa/estagie-conosco/2025/1pse/retificacao-candidatos-nao-aprovados-na-prova-objetiva;https://www-cdn.mpf.mp.br/o-mpf/unidades/pr-pa/estagio/2025/1pse/retificacao-candidatos-nao-aprovados-na-prova-objetiva
File;http://svlp-plnptapp01.pgr.mpf.mp.br:8401/portal/pa/estagie-conosco/2025/1pse/retificacao-edital-abertura;https://www-cdn.mpf.mp.br/o-mpf/unidades/pr-pa/estagio/2025/1pse/retificacao-edital-abertura
Folder;http://svlp-plnptapp01.pgr.mpf.mp.br:8401/portal/pa/estagie-conosco/2025/2o-processo-seletivo-de-estagiarios-do-exercicio-de-2025-jornalismo;https://www-cdn.mpf.mp.br/o-mpf/unidades/pr-pa/estagio/2025/2o-processo-seletivo-de-estagiarios-do-exercicio-de-2025-jornalismo
Document;http://svlp-plnptapp01.pgr.mpf.mp.br:8401/portal/pa/estagie-conosco/2025/2o-processo-seletivo-de-estagiarios-do-exercicio-de-2025-jornalismo/2o-processo-seletivo-de-estagiarios-para-a-procuradoria-da-republica-no-para-em-2025-jornalismo;https://www-cdn.mpf.mp.br/o-mpf/unidades/pr-pa/estagio/2025/2o-processo-seletivo-de-estagiarios-do-exercicio-de-2025-jornalismo/2o-processo-seletivo-de-estagiarios-para-a-procuradoria-da-republica-no-para-em-2025-jornalismo
File;http://svlp-plnptapp01.pgr.mpf.mp.br:8401/portal/pa/estagie-conosco/2025/2o-processo-seletivo-de-estagiarios-do-exercicio-de-2025-jornalismo/anexo-i-instituicoes-conveniadas.pdf;https://www-cdn.mpf.mp.br/o-mpf/unidades/pr-pa/estagio/2025/2o-processo-seletivo-de-estagiarios-do-exercicio-de-2025-jornalismo/anexo-i-instituicoes-conveniadas.pdf
File;http://svlp-plnptapp01.pgr.mpf.mp.br:8401/portal/pa/estagie-conosco/2025/2o-processo-seletivo-de-estagiarios-do-exercicio-de-2025-jornalismo/anexo-ii-conteudo-programatico.pdf;https://www-cdn.mpf.mp.br/o-mpf/unidades/pr-pa/estagio/2025/2o-processo-seletivo-de-estagiarios-do-exercicio-de-2025-jornalismo/anexo-ii-conteudo-programatico.pdf
File;http://svlp-plnptapp01.pgr.mpf.mp.br:8401/portal/pa/estagie-conosco/2025/2o-processo-seletivo-de-estagiarios-do-exercicio-de-2025-jornalismo/anexo-iii-autodeclaracao-para-candidatos-negros.pdf;https://www-cdn.mpf.mp.br/o-mpf/unidades/pr-pa/estagio/2025/2o-processo-seletivo-de-estagiarios-do-exercicio-de-2025-jornalismo/anexo-iii-autodeclaracao-para-candidatos-negros.pdf
File;http://svlp-plnptapp01.pgr.mpf.mp.br:8401/portal/pa/estagie-conosco/2025/2o-processo-seletivo-de-estagiarios-do-exercicio-de-2025-jornalismo/anexo-iv-autodeclaracao-para-candidatos-mer.pdf;https://www-cdn.mpf.mp.br/o-mpf/unidades/pr-pa/estagio/2025/2o-processo-seletivo-de-estagiarios-do-exercicio-de-2025-jornalismo/anexo-iv-autodeclaracao-para-candidatos-mer.pdf
File;http://svlp-plnptapp01.pgr.mpf.mp.br:8401/portal/pa/estagie-conosco/2025/2o-processo-seletivo-de-estagiarios-do-exercicio-de-2025-jornalismo/anexo-v-declaracao-pessoa-com-deficiencia.pdf;https://www-cdn.mpf.mp.br/o-mpf/unidades/pr-pa/estagio/2025/2o-processo-seletivo-de-estagiarios-do-exercicio-de-2025-jornalismo/anexo-v-declaracao-pessoa-com-deficiencia.pdf
File;http://svlp-plnptapp01.pgr.mpf.mp.br:8401/portal/pa/estagie-conosco/2025/2o-processo-seletivo-de-estagiarios-do-exercicio-de-2025-jornalismo/convite-para-celebracao-de-convenio-de-estagio-jornalismo;https://www-cdn.mpf.mp.br/o-mpf/unidades/pr-pa/estagio/2025/2o-processo-seletivo-de-estagiarios-do-exercicio-de-2025-jornalismo/convite-para-celebracao-de-convenio-de-estagio-jornalismo
File;http://svlp-plnptapp01.pgr.mpf.mp.br:8401/portal/pa/estagie-conosco/2025/2o-processo-seletivo-de-estagiarios-do-exercicio-de-2025-jornalismo/data-e-hora-da-prova-objetiva-on-line.pdf;https://www-cdn.mpf.mp.br/o-mpf/unidades/pr-pa/estagio/2025/2o-processo-seletivo-de-estagiarios-do-exercicio-de-2025-jornalismo/data-e-hora-da-prova-objetiva-on-line.pdf
File;http://svlp-plnptapp01.pgr.mpf.mp.br:8401/portal/pa/estagie-conosco/2025/2o-processo-seletivo-de-estagiarios-do-exercicio-de-2025-jornalismo/edital-de-abertura;https://www-cdn.mpf.mp.br/o-mpf/unidades/pr-pa/estagio/2025/2o-processo-seletivo-de-estagiarios-do-exercicio-de-2025-jornalismo/edital-de-abertura
File;http://svlp-plnptapp01.pgr.mpf.mp.br:8401/portal/pa/estagie-conosco/2025/2o-processo-seletivo-de-estagiarios-do-exercicio-de-2025-jornalismo/relacao-de-candidatos-inscritos-no-2o-processo-seletivo-de-estagiarios-comunicacao-social;https://www-cdn.mpf.mp.br/o-mpf/unidades/pr-pa/estagio/2025/2o-processo-seletivo-de-estagiarios-do-exercicio-de-2025-jornalismo/relacao-de-candidatos-inscritos-no-2o-processo-seletivo-de-estagiarios-comunicacao-social
File;http://svlp-plnptapp01.pgr.mpf.mp.br:8401/portal/pa/estagie-conosco/2025/2o-processo-seletivo-de-estagiarios-do-exercicio-de-2025-jornalismo/resultado-final-2pse-2025.pdf;https://www-cdn.mpf.mp.br/o-mpf/unidades/pr-pa/estagio/2025/2o-processo-seletivo-de-estagiarios-do-exercicio-de-2025-jornalismo/resultado-final-2pse-2025.pdf
File;http://svlp-plnptapp01.pgr.mpf.mp.br:8401/portal/pa/estagie-conosco/2025/2o-processo-seletivo-de-estagiarios-do-exercicio-de-2025-jornalismo/resultado-prova-objetiva.pdf;https://www-cdn.mpf.mp.br/o-mpf/unidades/pr-pa/estagio/2025/2o-processo-seletivo-de-estagiarios-do-exercicio-de-2025-jornalismo/resultado-prova-objetiva.pdf
Document;http://svlp-plnptapp01.pgr.mpf.mp.br:8401/portal/pa/estagie-conosco/2025/capa;https://www-cdn.mpf.mp.br/o-mpf/unidades/pr-pa/estagio/2025/capa
Document;http://svlp-plnptapp01.pgr.mpf.mp.br:8401/portal/pa/estagie-conosco/concursos-de-estagio;https://www-cdn.mpf.mp.br/o-mpf/unidades/pr-pa/estagio/concursos-de-estagio
Folder;http://svlp-plnptapp01.pgr.mpf.mp.br:8401/portal/pa/estagie-conosco/home-admin/em-andamento;https://www-cdn.mpf.mp.br/o-mpf/unidades/pr-pa/estagio/home-admin/em-andamento
Document;http://svlp-plnptapp01.pgr.mpf.mp.br:8401/portal/pa/estagie-conosco/home-admin/em-andamento/1o-processo-seletivo-unificado-de-estagiarios-para-a-procuradoria-da-republica-no-distrito-federal-em-2025;https://www-cdn.mpf.mp.br/o-mpf/unidades/pr-pa/estagio/home-admin/em-andamento/1o-processo-seletivo-unificado-de-estagiarios-para-a-procuradoria-da-republica-no-distrito-federal-em-2025
Document;http://svlp-plnptapp01.pgr.mpf.mp.br:8401/portal/pa/estagie-conosco/home-admin/em-andamento/2o-pse-2025-comunicacao;https://www-cdn.mpf.mp.br/o-mpf/unidades/pr-pa/estagio/home-admin/em-andamento/2o-pse-2025-comunicacao
Folder;http://svlp-plnptapp01.pgr.mpf.mp.br:8401/portal/pa/estagie-conosco/home-admin/inscricoes-abertas;https://www-cdn.mpf.mp.br/o-mpf/unidades/pr-pa/estagio/home-admin/inscricoes-abertas
Document;http://svlp-plnptapp01.pgr.mpf.mp.br:8401/portal/pa/estagie-conosco/home-admin/inscricoes-abertas/nao-ha;https://www-cdn.mpf.mp.br/o-mpf/unidades/pr-pa/estagio/home-admin/inscricoes-abertas/nao-ha
