Folder;http://svlp-plnptapp01.pgr.mpf.mp.br:8401/portal/go/estagie-conosco;https://www-cdn.mpf.mp.br/o-mpf/unidades/pr-go/estagio/
Folder;http://svlp-plnptapp01.pgr.mpf.mp.br:8401/portal/go/estagie-conosco/2016;https://www-cdn.mpf.mp.br/o-mpf/unidades/pr-go/estagio/2016
Folder;http://svlp-plnptapp01.pgr.mpf.mp.br:8401/portal/go/estagie-conosco/2016/opcoes;https://www-cdn.mpf.mp.br/o-mpf/unidades/pr-go/estagio/2016/opcoes
File;http://svlp-plnptapp01.pgr.mpf.mp.br:8401/portal/go/estagie-conosco/2016/opcoes/ANAPOLIS%20Inscritos%20para%20publicacao.pdf;https://www-cdn.mpf.mp.br/o-mpf/unidades/pr-go/estagio/2016/opcoes/ANAPOLIS Inscritos para publicacao.pdf
File;http://svlp-plnptapp01.pgr.mpf.mp.br:8401/portal/go/estagie-conosco/2016/opcoes/Aviso%20Local_de_Prova%202016.pdf;https://www-cdn.mpf.mp.br/o-mpf/unidades/pr-go/estagio/2016/opcoes/Aviso Local_de_Prova 2016.pdf
File;http://svlp-plnptapp01.pgr.mpf.mp.br:8401/portal/go/estagie-conosco/2016/opcoes/Aviso%20Prorrogacao%20Inscricoes.pdf;https://www-cdn.mpf.mp.br/o-mpf/unidades/pr-go/estagio/2016/opcoes/Aviso Prorrogacao Inscricoes.pdf
File;http://svlp-plnptapp01.pgr.mpf.mp.br:8401/portal/go/estagie-conosco/2016/opcoes/EDITAL%20-%20SELECAO%202016-2_ANAPOLIS.pdf;https://www-cdn.mpf.mp.br/o-mpf/unidades/pr-go/estagio/2016/opcoes/EDITAL - SELECAO 2016-2_ANAPOLIS.pdf
File;http://svlp-plnptapp01.pgr.mpf.mp.br:8401/portal/go/estagie-conosco/2016/opcoes/Edital-2-2016_resultado_prova_objetiva-DIREITO-PRGO-2016.pdf;https://www-cdn.mpf.mp.br/o-mpf/unidades/pr-go/estagio/2016/opcoes/Edital-2-2016_resultado_prova_objetiva-DIREITO-PRGO-2016.pdf
File;http://svlp-plnptapp01.pgr.mpf.mp.br:8401/portal/go/estagie-conosco/2016/opcoes/Edital-3-2016_resultado_prova_objetiva-DIREITO-PRM-2016.pdf;https://www-cdn.mpf.mp.br/o-mpf/unidades/pr-go/estagio/2016/opcoes/Edital-3-2016_resultado_prova_objetiva-DIREITO-PRM-2016.pdf
File;http://svlp-plnptapp01.pgr.mpf.mp.br:8401/portal/go/estagie-conosco/2016/opcoes/Edital-4-2016_resultado_prova_objetiva-ADMINISTACAO-2016.pdf;https://www-cdn.mpf.mp.br/o-mpf/unidades/pr-go/estagio/2016/opcoes/Edital-4-2016_resultado_prova_objetiva-ADMINISTACAO-2016.pdf
File;http://svlp-plnptapp01.pgr.mpf.mp.br:8401/portal/go/estagie-conosco/2016/opcoes/Edital-5-2016_resultado_prova_objetiva-COMUN.SOCIAL-2016.pdf;https://www-cdn.mpf.mp.br/o-mpf/unidades/pr-go/estagio/2016/opcoes/Edital-5-2016_resultado_prova_objetiva-COMUN.SOCIAL-2016.pdf
File;http://svlp-plnptapp01.pgr.mpf.mp.br:8401/portal/go/estagie-conosco/2016/opcoes/Edital-6-2016_resultado_prova_Discursiva-DIREITO%20PR-GO%20PRMs%20e%20COMUN-2016.pdf;https://www-cdn.mpf.mp.br/o-mpf/unidades/pr-go/estagio/2016/opcoes/Edital-6-2016_resultado_prova_Discursiva-DIREITO PR-GO PRMs e COMUN-2016.pdf
File;http://svlp-plnptapp01.pgr.mpf.mp.br:8401/portal/go/estagie-conosco/2016/opcoes/Edital-7-2016_ResultadoFinal%20-%20Processo%20Seletivo%202016.pdf;https://www-cdn.mpf.mp.br/o-mpf/unidades/pr-go/estagio/2016/opcoes/Edital-7-2016_ResultadoFinal - Processo Seletivo 2016.pdf
File;http://svlp-plnptapp01.pgr.mpf.mp.br:8401/portal/go/estagie-conosco/2016/opcoes/GABARITO%20OFICIAL.pdf;https://www-cdn.mpf.mp.br/o-mpf/unidades/pr-go/estagio/2016/opcoes/GABARITO OFICIAL.pdf
File;http://svlp-plnptapp01.pgr.mpf.mp.br:8401/portal/go/estagie-conosco/2016/opcoes/GOIANIA%20Inscritos%20para%20publicacao.pdf;https://www-cdn.mpf.mp.br/o-mpf/unidades/pr-go/estagio/2016/opcoes/GOIANIA Inscritos para publicacao.pdf
File;http://svlp-plnptapp01.pgr.mpf.mp.br:8401/portal/go/estagie-conosco/2016/opcoes/Gabarito%20Prova%20Objetiva%20Administracao%202016.pdf;https://www-cdn.mpf.mp.br/o-mpf/unidades/pr-go/estagio/2016/opcoes/Gabarito Prova Objetiva Administracao 2016.pdf
File;http://svlp-plnptapp01.pgr.mpf.mp.br:8401/portal/go/estagie-conosco/2016/opcoes/Gabarito%20Prova%20Objetiva%20Comunicacao%202016.pdf;https://www-cdn.mpf.mp.br/o-mpf/unidades/pr-go/estagio/2016/opcoes/Gabarito Prova Objetiva Comunicacao 2016.pdf
File;http://svlp-plnptapp01.pgr.mpf.mp.br:8401/portal/go/estagie-conosco/2016/opcoes/Gabarito%20Prova%20Objetiva%20Direito%20PRM%202016.pdf;https://www-cdn.mpf.mp.br/o-mpf/unidades/pr-go/estagio/2016/opcoes/Gabarito Prova Objetiva Direito PRM 2016.pdf
File;http://svlp-plnptapp01.pgr.mpf.mp.br:8401/portal/go/estagie-conosco/2016/opcoes/LUZIANIA%20Inscritos%20para%20publicacao.pdf;https://www-cdn.mpf.mp.br/o-mpf/unidades/pr-go/estagio/2016/opcoes/LUZIANIA Inscritos para publicacao.pdf
File;http://svlp-plnptapp01.pgr.mpf.mp.br:8401/portal/go/estagie-conosco/2016/opcoes/Local_Provas.pdf;https://www-cdn.mpf.mp.br/o-mpf/unidades/pr-go/estagio/2016/opcoes/Local_Provas.pdf
File;http://svlp-plnptapp01.pgr.mpf.mp.br:8401/portal/go/estagie-conosco/2016/opcoes/RESULTADO%20FINAL.pdf;https://www-cdn.mpf.mp.br/o-mpf/unidades/pr-go/estagio/2016/opcoes/RESULTADO FINAL.pdf
File;http://svlp-plnptapp01.pgr.mpf.mp.br:8401/portal/go/estagie-conosco/2016/opcoes/RIO%20VERDE%20Inscritos%20para%20publicacao.pdf;https://www-cdn.mpf.mp.br/o-mpf/unidades/pr-go/estagio/2016/opcoes/RIO VERDE Inscritos para publicacao.pdf
File;http://svlp-plnptapp01.pgr.mpf.mp.br:8401/portal/go/estagie-conosco/2016/opcoes/cronograma;https://www-cdn.mpf.mp.br/o-mpf/unidades/pr-go/estagio/2016/opcoes/cronograma
File;http://svlp-plnptapp01.pgr.mpf.mp.br:8401/portal/go/estagie-conosco/2016/opcoes/edital-no-01-2016;https://www-cdn.mpf.mp.br/o-mpf/unidades/pr-go/estagio/2016/opcoes/edital-no-01-2016
File;http://svlp-plnptapp01.pgr.mpf.mp.br:8401/portal/go/estagie-conosco/2016/opcoes/gabarito-da-prova-objetiva-direito-2016;https://www-cdn.mpf.mp.br/o-mpf/unidades/pr-go/estagio/2016/opcoes/gabarito-da-prova-objetiva-direito-2016
File;http://svlp-plnptapp01.pgr.mpf.mp.br:8401/portal/go/estagie-conosco/2016/opcoes/resultado-prova-discursiva.pdf;https://www-cdn.mpf.mp.br/o-mpf/unidades/pr-go/estagio/2016/opcoes/resultado-prova-discursiva.pdf
File;http://svlp-plnptapp01.pgr.mpf.mp.br:8401/portal/go/estagie-conosco/2016/opcoes/resultado-prova-objetiva-apos-recursos.pdf;https://www-cdn.mpf.mp.br/o-mpf/unidades/pr-go/estagio/2016/opcoes/resultado-prova-objetiva-apos-recursos.pdf
Document;http://svlp-plnptapp01.pgr.mpf.mp.br:8401/portal/go/estagie-conosco/2016/pre-inscricao-e-confirmacao-da-pre-inscricao;https://www-cdn.mpf.mp.br/o-mpf/unidades/pr-go/estagio/2016/pre-inscricao-e-confirmacao-da-pre-inscricao
Document;http://svlp-plnptapp01.pgr.mpf.mp.br:8401/portal/go/estagie-conosco/2016/processo-seletivo-2016;https://www-cdn.mpf.mp.br/o-mpf/unidades/pr-go/estagio/2016/processo-seletivo-2016
File;http://svlp-plnptapp01.pgr.mpf.mp.br:8401/portal/go/estagie-conosco/DATA%20E%20HORARIO%20DA%20PROVA%20OBJETIVA%20ONLINE.pdf;https://www-cdn.mpf.mp.br/o-mpf/unidades/pr-go/estagio/DATA E HORARIO DA PROVA OBJETIVA ONLINE.pdf
Folder;http://svlp-plnptapp01.pgr.mpf.mp.br:8401/portal/go/estagie-conosco/docs-2025;https://www-cdn.mpf.mp.br/o-mpf/unidades/pr-go/estagio/docs-2025
File;http://svlp-plnptapp01.pgr.mpf.mp.br:8401/portal/go/estagie-conosco/docs-2025/AVISO%20ENTREVISTA%20DE%20HETEROIDENTIFICACAO%20-%20CANDIDATOS%20QUE%20SE%20DECLARARAM%20NEGROS.pdf;https://www-cdn.mpf.mp.br/o-mpf/unidades/pr-go/estagio/docs-2025/AVISO ENTREVISTA DE HETEROIDENTIFICACAO - CANDIDATOS QUE SE DECLARARAM NEGROS.pdf
File;http://svlp-plnptapp01.pgr.mpf.mp.br:8401/portal/go/estagie-conosco/docs-2025/Aviso%20para%20publicacao%20-%20Acesso%20ao%20ambiente%20de%20prova.pdf;https://www-cdn.mpf.mp.br/o-mpf/unidades/pr-go/estagio/docs-2025/Aviso para publicacao - Acesso ao ambiente de prova.pdf
File;http://svlp-plnptapp01.pgr.mpf.mp.br:8401/portal/go/estagie-conosco/docs-2025/DATA%20E%20HORARIO%20DA%20PROVA%20OBJETIVA%20ONLINE.pdf;https://www-cdn.mpf.mp.br/o-mpf/unidades/pr-go/estagio/docs-2025/DATA E HORARIO DA PROVA OBJETIVA ONLINE.pdf
File;http://svlp-plnptapp01.pgr.mpf.mp.br:8401/portal/go/estagie-conosco/docs-2025/EDITAL%20DE%20RETIFICACAO%20ALTERACAO%20DATA%20DA%20PROVA%20assinado%20PRGO.pdf;https://www-cdn.mpf.mp.br/o-mpf/unidades/pr-go/estagio/docs-2025/EDITAL DE RETIFICACAO ALTERACAO DATA DA PROVA assinado PRGO.pdf
File;http://svlp-plnptapp01.pgr.mpf.mp.br:8401/portal/go/estagie-conosco/docs-2025/EDITAL%20divulga%20Relacao%20inscritos%20para%20prova%20objetiva%20online%202025%20assinado%20PRGO.pdf;https://www-cdn.mpf.mp.br/o-mpf/unidades/pr-go/estagio/docs-2025/EDITAL divulga Relacao inscritos para prova objetiva online 2025 assinado PRGO.pdf
File;http://svlp-plnptapp01.pgr.mpf.mp.br:8401/portal/go/estagie-conosco/docs-2025/EDITAL%20divulga%20aprovados%20na%20prova%20objetiva%20online%202025%20assinado.pdf;https://www-cdn.mpf.mp.br/o-mpf/unidades/pr-go/estagio/docs-2025/EDITAL divulga aprovados na prova objetiva online 2025 assinado.pdf
File;http://svlp-plnptapp01.pgr.mpf.mp.br:8401/portal/go/estagie-conosco/docs-2025/EDITAL%20divulga%20notas%20IRA%20e%20IGC%20dos%20aprovados%202025%20assinado%20PRGO.pdf;https://www-cdn.mpf.mp.br/o-mpf/unidades/pr-go/estagio/docs-2025/EDITAL divulga notas IRA e IGC dos aprovados 2025 assinado PRGO.pdf
File;http://svlp-plnptapp01.pgr.mpf.mp.br:8401/portal/go/estagie-conosco/docs-2025/EDITAL%20divulga%20notas%20definitivas%20IRA%20e%20IGC%20apos%20Recursos%20assinado%20PRGO.pdf;https://www-cdn.mpf.mp.br/o-mpf/unidades/pr-go/estagio/docs-2025/EDITAL divulga notas definitivas IRA e IGC apos Recursos assinado PRGO.pdf
File;http://svlp-plnptapp01.pgr.mpf.mp.br:8401/portal/go/estagie-conosco/docs-2025/EDITALRESULTADOFINALPROCESSOSELETIVO2025%20assinado%20PRGO.pdf;https://www-cdn.mpf.mp.br/o-mpf/unidades/pr-go/estagio/docs-2025/EDITALRESULTADOFINALPROCESSOSELETIVO2025 assinado PRGO.pdf
File;http://svlp-plnptapp01.pgr.mpf.mp.br:8401/portal/go/estagie-conosco/docs-2025/Edital%20Abertura%20Processo%20Seletivo%20Estagiarios%202025%20assinado%20PRGO.pdf;https://www-cdn.mpf.mp.br/o-mpf/unidades/pr-go/estagio/docs-2025/Edital Abertura Processo Seletivo Estagiarios 2025 assinado PRGO.pdf
File;http://svlp-plnptapp01.pgr.mpf.mp.br:8401/portal/go/estagie-conosco/docs-2025/RESULTADO%20DO%20PROCEDIMENTO%20DE%20HETEROIDENTIFICACAO%202025.pdf;https://www-cdn.mpf.mp.br/o-mpf/unidades/pr-go/estagio/docs-2025/RESULTADO DO PROCEDIMENTO DE HETEROIDENTIFICACAO 2025.pdf
File;http://svlp-plnptapp01.pgr.mpf.mp.br:8401/portal/go/estagie-conosco/docs-2025/Resultado%20Definitivo%20apos%20Recurso%20BANCA%20MEDICA%20para%20publicacao.pdf;https://www-cdn.mpf.mp.br/o-mpf/unidades/pr-go/estagio/docs-2025/Resultado Definitivo apos Recurso BANCA MEDICA para publicacao.pdf
File;http://svlp-plnptapp01.pgr.mpf.mp.br:8401/portal/go/estagie-conosco/docs-2025/Resultado%20preliminar%20BANCA%20MEDICA%20para%20publicacao.pdf;https://www-cdn.mpf.mp.br/o-mpf/unidades/pr-go/estagio/docs-2025/Resultado preliminar BANCA MEDICA para publicacao.pdf
File;http://svlp-plnptapp01.pgr.mpf.mp.br:8401/portal/go/estagie-conosco/docs-2025/convite-convenio-instituicoes-de-ensino-2025-assinado.pdf;https://www-cdn.mpf.mp.br/o-mpf/unidades/pr-go/estagio/docs-2025/convite-convenio-instituicoes-de-ensino-2025-assinado.pdf
Folder;http://svlp-plnptapp01.pgr.mpf.mp.br:8401/portal/go/estagie-conosco/home-admin/em-andamento;https://www-cdn.mpf.mp.br/o-mpf/unidades/pr-go/estagio/home-admin/em-andamento
Document;http://svlp-plnptapp01.pgr.mpf.mp.br:8401/portal/go/estagie-conosco/home-admin/em-andamento/1o-processo-seletivo-unificado-de-estagio-do-mpf-go;https://www-cdn.mpf.mp.br/o-mpf/unidades/pr-go/estagio/home-admin/em-andamento/1o-processo-seletivo-unificado-de-estagio-do-mpf-go
Folder;http://svlp-plnptapp01.pgr.mpf.mp.br:8401/portal/go/estagie-conosco/home-admin/inscricoes-abertas;https://www-cdn.mpf.mp.br/o-mpf/unidades/pr-go/estagio/home-admin/inscricoes-abertas
Document;http://svlp-plnptapp01.pgr.mpf.mp.br:8401/portal/go/estagie-conosco/pre-inscricao;https://www-cdn.mpf.mp.br/o-mpf/unidades/pr-go/estagio/pre-inscricao
Folder;http://svlp-plnptapp01.pgr.mpf.mp.br:8401/portal/go/estagie-conosco/processo-seletivo-2017;https://www-cdn.mpf.mp.br/o-mpf/unidades/pr-go/estagio/processo-seletivo-2017
Folder;http://svlp-plnptapp01.pgr.mpf.mp.br:8401/portal/go/estagie-conosco/processo-seletivo-2017/docs;https://www-cdn.mpf.mp.br/o-mpf/unidades/pr-go/estagio/processo-seletivo-2017/docs
File;http://svlp-plnptapp01.pgr.mpf.mp.br:8401/portal/go/estagie-conosco/processo-seletivo-2017/docs/ANAPOLIS%20Inscritos%20para%20publicacao%202017.pdf;https://www-cdn.mpf.mp.br/o-mpf/unidades/pr-go/estagio/processo-seletivo-2017/docs/ANAPOLIS Inscritos para publicacao 2017.pdf
File;http://svlp-plnptapp01.pgr.mpf.mp.br:8401/portal/go/estagie-conosco/processo-seletivo-2017/docs/Aviso%20Local_de_Prova%202017.pdf;https://www-cdn.mpf.mp.br/o-mpf/unidades/pr-go/estagio/processo-seletivo-2017/docs/Aviso Local_de_Prova 2017.pdf
File;http://svlp-plnptapp01.pgr.mpf.mp.br:8401/portal/go/estagie-conosco/processo-seletivo-2017/docs/CRONOGRAMA%201o%20Processo%20Seletivo%20Estagiarios%202017.pdf;https://www-cdn.mpf.mp.br/o-mpf/unidades/pr-go/estagio/processo-seletivo-2017/docs/CRONOGRAMA 1o Processo Seletivo Estagiarios 2017.pdf
File;http://svlp-plnptapp01.pgr.mpf.mp.br:8401/portal/go/estagie-conosco/processo-seletivo-2017/docs/EDITAL%20ABERTURA%20-%20PRGO%20e%20PRMs.pdf;https://www-cdn.mpf.mp.br/o-mpf/unidades/pr-go/estagio/processo-seletivo-2017/docs/EDITAL ABERTURA - PRGO e PRMs.pdf
File;http://svlp-plnptapp01.pgr.mpf.mp.br:8401/portal/go/estagie-conosco/processo-seletivo-2017/docs/EDITAL%20PRGO%20-%20Direito%202017.pdf;https://www-cdn.mpf.mp.br/o-mpf/unidades/pr-go/estagio/processo-seletivo-2017/docs/EDITAL PRGO - Direito 2017.pdf
File;http://svlp-plnptapp01.pgr.mpf.mp.br:8401/portal/go/estagie-conosco/processo-seletivo-2017/docs/EDITAL%20PRMs%20-%20Direito%202017.pdf;https://www-cdn.mpf.mp.br/o-mpf/unidades/pr-go/estagio/processo-seletivo-2017/docs/EDITAL PRMs - Direito 2017.pdf
File;http://svlp-plnptapp01.pgr.mpf.mp.br:8401/portal/go/estagie-conosco/processo-seletivo-2017/docs/EDITAL%20RESULTADO%20ADMINISTRACAO%20PRGO%20e%20PRMs.pdf;https://www-cdn.mpf.mp.br/o-mpf/unidades/pr-go/estagio/processo-seletivo-2017/docs/EDITAL RESULTADO ADMINISTRACAO PRGO e PRMs.pdf
File;http://svlp-plnptapp01.pgr.mpf.mp.br:8401/portal/go/estagie-conosco/processo-seletivo-2017/docs/EDITAL%20RESULTADO%20BIBLIOTECONOMIA.pdf;https://www-cdn.mpf.mp.br/o-mpf/unidades/pr-go/estagio/processo-seletivo-2017/docs/EDITAL RESULTADO BIBLIOTECONOMIA.pdf
File;http://svlp-plnptapp01.pgr.mpf.mp.br:8401/portal/go/estagie-conosco/processo-seletivo-2017/docs/EDITAL%20RESULTADO%20DIREITO%20PRGO.pdf;https://www-cdn.mpf.mp.br/o-mpf/unidades/pr-go/estagio/processo-seletivo-2017/docs/EDITAL RESULTADO DIREITO PRGO.pdf
File;http://svlp-plnptapp01.pgr.mpf.mp.br:8401/portal/go/estagie-conosco/processo-seletivo-2017/docs/EDITAL%20RESULTADO%20DIREITO%20PRMs.pdf;https://www-cdn.mpf.mp.br/o-mpf/unidades/pr-go/estagio/processo-seletivo-2017/docs/EDITAL RESULTADO DIREITO PRMs.pdf
File;http://svlp-plnptapp01.pgr.mpf.mp.br:8401/portal/go/estagie-conosco/processo-seletivo-2017/docs/EDITAL%20RESULTADO%20FINAL%20Direito%20PRGO%20e%20PRMs.pdf;https://www-cdn.mpf.mp.br/o-mpf/unidades/pr-go/estagio/processo-seletivo-2017/docs/EDITAL RESULTADO FINAL Direito PRGO e PRMs.pdf
File;http://svlp-plnptapp01.pgr.mpf.mp.br:8401/portal/go/estagie-conosco/processo-seletivo-2017/docs/GOIANIA%20Inscritos%20para%20publicacao%202017.pdf;https://www-cdn.mpf.mp.br/o-mpf/unidades/pr-go/estagio/processo-seletivo-2017/docs/GOIANIA Inscritos para publicacao 2017.pdf
File;http://svlp-plnptapp01.pgr.mpf.mp.br:8401/portal/go/estagie-conosco/processo-seletivo-2017/docs/LUZIANIA%20Inscritos%20para%20publicacao%202017.pdf;https://www-cdn.mpf.mp.br/o-mpf/unidades/pr-go/estagio/processo-seletivo-2017/docs/LUZIANIA Inscritos para publicacao 2017.pdf
File;http://svlp-plnptapp01.pgr.mpf.mp.br:8401/portal/go/estagie-conosco/processo-seletivo-2017/docs/RIO%20VERDE%20Inscritos%20para%20publicacao%202017.pdf;https://www-cdn.mpf.mp.br/o-mpf/unidades/pr-go/estagio/processo-seletivo-2017/docs/RIO VERDE Inscritos para publicacao 2017.pdf
File;http://svlp-plnptapp01.pgr.mpf.mp.br:8401/portal/go/estagie-conosco/processo-seletivo-2017/docs/aviso-publico-instituicoes-de-ensino.pdf;https://www-cdn.mpf.mp.br/o-mpf/unidades/pr-go/estagio/processo-seletivo-2017/docs/aviso-publico-instituicoes-de-ensino.pdf
File;http://svlp-plnptapp01.pgr.mpf.mp.br:8401/portal/go/estagie-conosco/processo-seletivo-2017/docs/gabarito-prova-objetiva-administracao-2017.pdf;https://www-cdn.mpf.mp.br/o-mpf/unidades/pr-go/estagio/processo-seletivo-2017/docs/gabarito-prova-objetiva-administracao-2017.pdf
File;http://svlp-plnptapp01.pgr.mpf.mp.br:8401/portal/go/estagie-conosco/processo-seletivo-2017/docs/gabarito-prova-objetiva-biblioteconomia-2017.pdf;https://www-cdn.mpf.mp.br/o-mpf/unidades/pr-go/estagio/processo-seletivo-2017/docs/gabarito-prova-objetiva-biblioteconomia-2017.pdf
File;http://svlp-plnptapp01.pgr.mpf.mp.br:8401/portal/go/estagie-conosco/processo-seletivo-2017/docs/gabarito-prova-objetiva-direito-prgo-2017.pdf;https://www-cdn.mpf.mp.br/o-mpf/unidades/pr-go/estagio/processo-seletivo-2017/docs/gabarito-prova-objetiva-direito-prgo-2017.pdf
File;http://svlp-plnptapp01.pgr.mpf.mp.br:8401/portal/go/estagie-conosco/processo-seletivo-2017/docs/gabarito-prova-objetiva-direito-rio-verde-2017.pdf;https://www-cdn.mpf.mp.br/o-mpf/unidades/pr-go/estagio/processo-seletivo-2017/docs/gabarito-prova-objetiva-direito-rio-verde-2017.pdf
Document;http://svlp-plnptapp01.pgr.mpf.mp.br:8401/portal/go/estagie-conosco/processo-seletivo-2017/pre-inscricao-e-confirmacao-da-inscricao;https://www-cdn.mpf.mp.br/o-mpf/unidades/pr-go/estagio/processo-seletivo-2017/pre-inscricao-e-confirmacao-da-inscricao
Document;http://svlp-plnptapp01.pgr.mpf.mp.br:8401/portal/go/estagie-conosco/processo-seletivo-2017/processo-seletivo-2017;https://www-cdn.mpf.mp.br/o-mpf/unidades/pr-go/estagio/processo-seletivo-2017/processo-seletivo-2017
Folder;http://svlp-plnptapp01.pgr.mpf.mp.br:8401/portal/go/estagie-conosco/processo-seletivo-2018;https://www-cdn.mpf.mp.br/o-mpf/unidades/pr-go/estagio/processo-seletivo-2018
Folder;http://svlp-plnptapp01.pgr.mpf.mp.br:8401/portal/go/estagie-conosco/processo-seletivo-2018/docs;https://www-cdn.mpf.mp.br/o-mpf/unidades/pr-go/estagio/processo-seletivo-2018/docs
File;http://svlp-plnptapp01.pgr.mpf.mp.br:8401/portal/go/estagie-conosco/processo-seletivo-2018/docs/Aviso%20Palestra%20Ambientacao%202018.pdf;https://www-cdn.mpf.mp.br/o-mpf/unidades/pr-go/estagio/processo-seletivo-2018/docs/Aviso Palestra Ambientacao 2018.pdf
File;http://svlp-plnptapp01.pgr.mpf.mp.br:8401/portal/go/estagie-conosco/processo-seletivo-2018/docs/CRONOGRAMA%201o%20Processo%20Seletivo%20Estagiarios%202018.pdf;https://www-cdn.mpf.mp.br/o-mpf/unidades/pr-go/estagio/processo-seletivo-2018/docs/CRONOGRAMA 1o Processo Seletivo Estagiarios 2018.pdf
File;http://svlp-plnptapp01.pgr.mpf.mp.br:8401/portal/go/estagie-conosco/processo-seletivo-2018/docs/EDITAL%20ABERTURA%202018.pdf;https://www-cdn.mpf.mp.br/o-mpf/unidades/pr-go/estagio/processo-seletivo-2018/docs/EDITAL ABERTURA 2018.pdf
File;http://svlp-plnptapp01.pgr.mpf.mp.br:8401/portal/go/estagie-conosco/processo-seletivo-2018/docs/EDITAL%20DISCURSIVA%20PRGO%20-%20Comunicacao%202018.pdf;https://www-cdn.mpf.mp.br/o-mpf/unidades/pr-go/estagio/processo-seletivo-2018/docs/EDITAL DISCURSIVA PRGO - Comunicacao 2018.pdf
File;http://svlp-plnptapp01.pgr.mpf.mp.br:8401/portal/go/estagie-conosco/processo-seletivo-2018/docs/EDITAL%20DISCURSIVA%20PRGO%20e%20PRMs%20-%20Direito%202018.pdf;https://www-cdn.mpf.mp.br/o-mpf/unidades/pr-go/estagio/processo-seletivo-2018/docs/EDITAL DISCURSIVA PRGO e PRMs - Direito 2018.pdf
File;http://svlp-plnptapp01.pgr.mpf.mp.br:8401/portal/go/estagie-conosco/processo-seletivo-2018/docs/EDITAL%20RESULTADO%20FINAL%20Direito%20PRGO%20e%20PRMs%202018.pdf;https://www-cdn.mpf.mp.br/o-mpf/unidades/pr-go/estagio/processo-seletivo-2018/docs/EDITAL RESULTADO FINAL Direito PRGO e PRMs 2018.pdf
File;http://svlp-plnptapp01.pgr.mpf.mp.br:8401/portal/go/estagie-conosco/processo-seletivo-2018/docs/EDITAL%20RESULTADO%20FINAL%20PRGO%20-%20Comunicacao%202018.pdf;https://www-cdn.mpf.mp.br/o-mpf/unidades/pr-go/estagio/processo-seletivo-2018/docs/EDITAL RESULTADO FINAL PRGO - Comunicacao 2018.pdf
File;http://svlp-plnptapp01.pgr.mpf.mp.br:8401/portal/go/estagie-conosco/processo-seletivo-2018/docs/aviso-locais-de-prova;https://www-cdn.mpf.mp.br/o-mpf/unidades/pr-go/estagio/processo-seletivo-2018/docs/aviso-locais-de-prova
File;http://svlp-plnptapp01.pgr.mpf.mp.br:8401/portal/go/estagie-conosco/processo-seletivo-2018/docs/aviso-publico;https://www-cdn.mpf.mp.br/o-mpf/unidades/pr-go/estagio/processo-seletivo-2018/docs/aviso-publico
File;http://svlp-plnptapp01.pgr.mpf.mp.br:8401/portal/go/estagie-conosco/processo-seletivo-2018/docs/edital-complementar-rio-verde;https://www-cdn.mpf.mp.br/o-mpf/unidades/pr-go/estagio/processo-seletivo-2018/docs/edital-complementar-rio-verde
File;http://svlp-plnptapp01.pgr.mpf.mp.br:8401/portal/go/estagie-conosco/processo-seletivo-2018/docs/edital-resultado-final-administracao-prgo-e-prms;https://www-cdn.mpf.mp.br/o-mpf/unidades/pr-go/estagio/processo-seletivo-2018/docs/edital-resultado-final-administracao-prgo-e-prms
File;http://svlp-plnptapp01.pgr.mpf.mp.br:8401/portal/go/estagie-conosco/processo-seletivo-2018/docs/edital-resultado-final-biblioteconomia;https://www-cdn.mpf.mp.br/o-mpf/unidades/pr-go/estagio/processo-seletivo-2018/docs/edital-resultado-final-biblioteconomia
File;http://svlp-plnptapp01.pgr.mpf.mp.br:8401/portal/go/estagie-conosco/processo-seletivo-2018/docs/edital-resultado-prova-objetiva-comunicacao-social;https://www-cdn.mpf.mp.br/o-mpf/unidades/pr-go/estagio/processo-seletivo-2018/docs/edital-resultado-prova-objetiva-comunicacao-social
File;http://svlp-plnptapp01.pgr.mpf.mp.br:8401/portal/go/estagie-conosco/processo-seletivo-2018/docs/edital-resultado-prova-objetiva-direito-prms;https://www-cdn.mpf.mp.br/o-mpf/unidades/pr-go/estagio/processo-seletivo-2018/docs/edital-resultado-prova-objetiva-direito-prms
File;http://svlp-plnptapp01.pgr.mpf.mp.br:8401/portal/go/estagie-conosco/processo-seletivo-2018/docs/edital-resultado-prova-objetivo-direito-prgo;https://www-cdn.mpf.mp.br/o-mpf/unidades/pr-go/estagio/processo-seletivo-2018/docs/edital-resultado-prova-objetivo-direito-prgo
File;http://svlp-plnptapp01.pgr.mpf.mp.br:8401/portal/go/estagie-conosco/processo-seletivo-2018/docs/gabarito-administracao;https://www-cdn.mpf.mp.br/o-mpf/unidades/pr-go/estagio/processo-seletivo-2018/docs/gabarito-administracao
File;http://svlp-plnptapp01.pgr.mpf.mp.br:8401/portal/go/estagie-conosco/processo-seletivo-2018/docs/gabarito-biblioteconomia;https://www-cdn.mpf.mp.br/o-mpf/unidades/pr-go/estagio/processo-seletivo-2018/docs/gabarito-biblioteconomia
File;http://svlp-plnptapp01.pgr.mpf.mp.br:8401/portal/go/estagie-conosco/processo-seletivo-2018/docs/gabarito-comunicacao-social;https://www-cdn.mpf.mp.br/o-mpf/unidades/pr-go/estagio/processo-seletivo-2018/docs/gabarito-comunicacao-social
File;http://svlp-plnptapp01.pgr.mpf.mp.br:8401/portal/go/estagie-conosco/processo-seletivo-2018/docs/gabarito-direito-goiania-anapolis-luziania;https://www-cdn.mpf.mp.br/o-mpf/unidades/pr-go/estagio/processo-seletivo-2018/docs/gabarito-direito-goiania-anapolis-luziania
File;http://svlp-plnptapp01.pgr.mpf.mp.br:8401/portal/go/estagie-conosco/processo-seletivo-2018/docs/gabarito-direito-rio-verde;https://www-cdn.mpf.mp.br/o-mpf/unidades/pr-go/estagio/processo-seletivo-2018/docs/gabarito-direito-rio-verde
File;http://svlp-plnptapp01.pgr.mpf.mp.br:8401/portal/go/estagie-conosco/processo-seletivo-2018/docs/lista-inscritos-pr-go-goiania-2018;https://www-cdn.mpf.mp.br/o-mpf/unidades/pr-go/estagio/processo-seletivo-2018/docs/lista-inscritos-pr-go-goiania-2018
File;http://svlp-plnptapp01.pgr.mpf.mp.br:8401/portal/go/estagie-conosco/processo-seletivo-2018/docs/lista-inscritos-prm-anapolis-anapolis-2018;https://www-cdn.mpf.mp.br/o-mpf/unidades/pr-go/estagio/processo-seletivo-2018/docs/lista-inscritos-prm-anapolis-anapolis-2018
File;http://svlp-plnptapp01.pgr.mpf.mp.br:8401/portal/go/estagie-conosco/processo-seletivo-2018/docs/lista-inscritos-prm-luziania-luziania-2018;https://www-cdn.mpf.mp.br/o-mpf/unidades/pr-go/estagio/processo-seletivo-2018/docs/lista-inscritos-prm-luziania-luziania-2018
File;http://svlp-plnptapp01.pgr.mpf.mp.br:8401/portal/go/estagie-conosco/processo-seletivo-2018/docs/lista-inscritos-prm-rio-verde-rio-verde-2018;https://www-cdn.mpf.mp.br/o-mpf/unidades/pr-go/estagio/processo-seletivo-2018/docs/lista-inscritos-prm-rio-verde-rio-verde-2018
Document;http://svlp-plnptapp01.pgr.mpf.mp.br:8401/portal/go/estagie-conosco/processo-seletivo-2018/pre-inscricao-e-confirmacao-da-inscricao;https://www-cdn.mpf.mp.br/o-mpf/unidades/pr-go/estagio/processo-seletivo-2018/pre-inscricao-e-confirmacao-da-inscricao
Document;http://svlp-plnptapp01.pgr.mpf.mp.br:8401/portal/go/estagie-conosco/processo-seletivo-2018/processo-seletivo-2018;https://www-cdn.mpf.mp.br/o-mpf/unidades/pr-go/estagio/processo-seletivo-2018/processo-seletivo-2018
Folder;http://svlp-plnptapp01.pgr.mpf.mp.br:8401/portal/go/estagie-conosco/processo-seletivo-2019;https://www-cdn.mpf.mp.br/o-mpf/unidades/pr-go/estagio/processo-seletivo-2019
Folder;http://svlp-plnptapp01.pgr.mpf.mp.br:8401/portal/go/estagie-conosco/processo-seletivo-2019/docs;https://www-cdn.mpf.mp.br/o-mpf/unidades/pr-go/estagio/processo-seletivo-2019/docs
File;http://svlp-plnptapp01.pgr.mpf.mp.br:8401/portal/go/estagie-conosco/processo-seletivo-2019/docs/Aviso%20Doacao%20de%20Alimentos.pdf;https://www-cdn.mpf.mp.br/o-mpf/unidades/pr-go/estagio/processo-seletivo-2019/docs/Aviso Doacao de Alimentos.pdf
File;http://svlp-plnptapp01.pgr.mpf.mp.br:8401/portal/go/estagie-conosco/processo-seletivo-2019/docs/Aviso%20Local_de_Prova%202019.pdf;https://www-cdn.mpf.mp.br/o-mpf/unidades/pr-go/estagio/processo-seletivo-2019/docs/Aviso Local_de_Prova 2019.pdf
File;http://svlp-plnptapp01.pgr.mpf.mp.br:8401/portal/go/estagie-conosco/processo-seletivo-2019/docs/Aviso%20Prorrogacao%20Inscricoes%202019.pdf;https://www-cdn.mpf.mp.br/o-mpf/unidades/pr-go/estagio/processo-seletivo-2019/docs/Aviso Prorrogacao Inscricoes 2019.pdf
File;http://svlp-plnptapp01.pgr.mpf.mp.br:8401/portal/go/estagie-conosco/processo-seletivo-2019/docs/Aviso%20Publico%20Instituicoes%20de%20Ensino%202019.pdf;https://www-cdn.mpf.mp.br/o-mpf/unidades/pr-go/estagio/processo-seletivo-2019/docs/Aviso Publico Instituicoes de Ensino 2019.pdf
File;http://svlp-plnptapp01.pgr.mpf.mp.br:8401/portal/go/estagie-conosco/processo-seletivo-2019/docs/CRONOGRAMA%20Processo%20Seletivo%20Estagiarios%202019.pdf;https://www-cdn.mpf.mp.br/o-mpf/unidades/pr-go/estagio/processo-seletivo-2019/docs/CRONOGRAMA Processo Seletivo Estagiarios 2019.pdf
File;http://svlp-plnptapp01.pgr.mpf.mp.br:8401/portal/go/estagie-conosco/processo-seletivo-2019/docs/EDITAL%20ABERTURA%202019%20-%20CONSOLIDADO.pdf;https://www-cdn.mpf.mp.br/o-mpf/unidades/pr-go/estagio/processo-seletivo-2019/docs/EDITAL ABERTURA 2019 - CONSOLIDADO.pdf
File;http://svlp-plnptapp01.pgr.mpf.mp.br:8401/portal/go/estagie-conosco/processo-seletivo-2019/docs/EDITAL%20ABERTURA%202019%20Assinado%20Digitalmente.pdf;https://www-cdn.mpf.mp.br/o-mpf/unidades/pr-go/estagio/processo-seletivo-2019/docs/EDITAL ABERTURA 2019 Assinado Digitalmente.pdf
File;http://svlp-plnptapp01.pgr.mpf.mp.br:8401/portal/go/estagie-conosco/processo-seletivo-2019/docs/EDITAL%20ABERTURA-RetificacaoAssinadoDigital.pdf;https://www-cdn.mpf.mp.br/o-mpf/unidades/pr-go/estagio/processo-seletivo-2019/docs/EDITAL ABERTURA-RetificacaoAssinadoDigital.pdf
File;http://svlp-plnptapp01.pgr.mpf.mp.br:8401/portal/go/estagie-conosco/processo-seletivo-2019/docs/EDITAL%20DISCURSIVA%20PRGO%20e%20PRMs%20-%20Direito%202019.pdf;https://www-cdn.mpf.mp.br/o-mpf/unidades/pr-go/estagio/processo-seletivo-2019/docs/EDITAL DISCURSIVA PRGO e PRMs - Direito 2019.pdf
File;http://svlp-plnptapp01.pgr.mpf.mp.br:8401/portal/go/estagie-conosco/processo-seletivo-2019/docs/EDITAL%20RESULTADO%20OBJETIVA%20DIREITO%20PRMS%202019.pdf;https://www-cdn.mpf.mp.br/o-mpf/unidades/pr-go/estagio/processo-seletivo-2019/docs/EDITAL RESULTADO OBJETIVA DIREITO PRMS 2019.pdf
File;http://svlp-plnptapp01.pgr.mpf.mp.br:8401/portal/go/estagie-conosco/processo-seletivo-2019/docs/EDITAL%20RESULTADO%20OBJETIVA%20DIREITO%20e%20BIBLIOTECONOMIA%20PRGO%202019.pdf;https://www-cdn.mpf.mp.br/o-mpf/unidades/pr-go/estagio/processo-seletivo-2019/docs/EDITAL RESULTADO OBJETIVA DIREITO e BIBLIOTECONOMIA PRGO 2019.pdf
File;http://svlp-plnptapp01.pgr.mpf.mp.br:8401/portal/go/estagie-conosco/processo-seletivo-2019/docs/GOIANIA%20Inscritos%20para%20publicacao%202019_FORMATADO.pdf;https://www-cdn.mpf.mp.br/o-mpf/unidades/pr-go/estagio/processo-seletivo-2019/docs/GOIANIA Inscritos para publicacao 2019_FORMATADO.pdf
File;http://svlp-plnptapp01.pgr.mpf.mp.br:8401/portal/go/estagie-conosco/processo-seletivo-2019/docs/Gabarito%20Prova%20Objetiva%20Biblioteconomia%202019.pdf;https://www-cdn.mpf.mp.br/o-mpf/unidades/pr-go/estagio/processo-seletivo-2019/docs/Gabarito Prova Objetiva Biblioteconomia 2019.pdf
File;http://svlp-plnptapp01.pgr.mpf.mp.br:8401/portal/go/estagie-conosco/processo-seletivo-2019/docs/Gabarito%20Prova%20Objetiva%20Direito%202019.pdf;https://www-cdn.mpf.mp.br/o-mpf/unidades/pr-go/estagio/processo-seletivo-2019/docs/Gabarito Prova Objetiva Direito 2019.pdf
File;http://svlp-plnptapp01.pgr.mpf.mp.br:8401/portal/go/estagie-conosco/processo-seletivo-2019/docs/PRM%20ANAPOLIS%20Inscritos%20para%20publicacao%202019.pdf;https://www-cdn.mpf.mp.br/o-mpf/unidades/pr-go/estagio/processo-seletivo-2019/docs/PRM ANAPOLIS Inscritos para publicacao 2019.pdf
File;http://svlp-plnptapp01.pgr.mpf.mp.br:8401/portal/go/estagie-conosco/processo-seletivo-2019/docs/PRM%20LUZIANIA%20Inscritos%20para%20publicacao%202019.pdf;https://www-cdn.mpf.mp.br/o-mpf/unidades/pr-go/estagio/processo-seletivo-2019/docs/PRM LUZIANIA Inscritos para publicacao 2019.pdf
File;http://svlp-plnptapp01.pgr.mpf.mp.br:8401/portal/go/estagie-conosco/processo-seletivo-2019/docs/edital-resultado-final-direito-prgo-e-prms-2019.pdf;https://www-cdn.mpf.mp.br/o-mpf/unidades/pr-go/estagio/processo-seletivo-2019/docs/edital-resultado-final-direito-prgo-e-prms-2019.pdf
Document;http://svlp-plnptapp01.pgr.mpf.mp.br:8401/portal/go/estagie-conosco/processo-seletivo-2019/pre-inscricao-e-confirmacao-da-inscricao;https://www-cdn.mpf.mp.br/o-mpf/unidades/pr-go/estagio/processo-seletivo-2019/pre-inscricao-e-confirmacao-da-inscricao
Document;http://svlp-plnptapp01.pgr.mpf.mp.br:8401/portal/go/estagie-conosco/processo-seletivo-2019/processo-seletivo-2019;https://www-cdn.mpf.mp.br/o-mpf/unidades/pr-go/estagio/processo-seletivo-2019/processo-seletivo-2019
Folder;http://svlp-plnptapp01.pgr.mpf.mp.br:8401/portal/go/estagie-conosco/processo-seletivo-2021;https://www-cdn.mpf.mp.br/o-mpf/unidades/pr-go/estagio/processo-seletivo-2021
File;http://svlp-plnptapp01.pgr.mpf.mp.br:8401/portal/go/estagie-conosco/processo-seletivo-2021/Aviso%20Orientacoes%20Prova%20Discursiva%202021.pdf;https://www-cdn.mpf.mp.br/o-mpf/unidades/pr-go/estagio/processo-seletivo-2021/Aviso Orientacoes Prova Discursiva 2021.pdf
Folder;http://svlp-plnptapp01.pgr.mpf.mp.br:8401/portal/go/estagie-conosco/processo-seletivo-2021/docs;https://www-cdn.mpf.mp.br/o-mpf/unidades/pr-go/estagio/processo-seletivo-2021/docs
File;http://svlp-plnptapp01.pgr.mpf.mp.br:8401/portal/go/estagie-conosco/processo-seletivo-2021/docs/2%20CRONOGRAMA%20Processo%20Seletivo%20Estagiarios%202021%20DIREITO%20assinado%20PRGO.pdf;https://www-cdn.mpf.mp.br/o-mpf/unidades/pr-go/estagio/processo-seletivo-2021/docs/2 CRONOGRAMA Processo Seletivo Estagiarios 2021 DIREITO assinado PRGO.pdf
File;http://svlp-plnptapp01.pgr.mpf.mp.br:8401/portal/go/estagie-conosco/processo-seletivo-2021/docs/2%20EDITAL%20ABERTURA%20DIREITO%202021%20PRGO%20Assinado%20PRGO.pdf;https://www-cdn.mpf.mp.br/o-mpf/unidades/pr-go/estagio/processo-seletivo-2021/docs/2 EDITAL ABERTURA DIREITO 2021 PRGO Assinado PRGO.pdf
File;http://svlp-plnptapp01.pgr.mpf.mp.br:8401/portal/go/estagie-conosco/processo-seletivo-2021/docs/ANAPOLIS%20Inscritos%20para%20publicacao%202021.pdf;https://www-cdn.mpf.mp.br/o-mpf/unidades/pr-go/estagio/processo-seletivo-2021/docs/ANAPOLIS Inscritos para publicacao 2021.pdf
File;http://svlp-plnptapp01.pgr.mpf.mp.br:8401/portal/go/estagie-conosco/processo-seletivo-2021/docs/AVISO%20Anulacao%20da%20Prova%20Online%20de%20Direito%20assinado%20PRGO.pdf;https://www-cdn.mpf.mp.br/o-mpf/unidades/pr-go/estagio/processo-seletivo-2021/docs/AVISO Anulacao da Prova Online de Direito assinado PRGO.pdf
File;http://svlp-plnptapp01.pgr.mpf.mp.br:8401/portal/go/estagie-conosco/processo-seletivo-2021/docs/Aviso%20Orientacoes%20Prova%20Discursiva%202021.pdf;https://www-cdn.mpf.mp.br/o-mpf/unidades/pr-go/estagio/processo-seletivo-2021/docs/Aviso Orientacoes Prova Discursiva 2021.pdf
File;http://svlp-plnptapp01.pgr.mpf.mp.br:8401/portal/go/estagie-conosco/processo-seletivo-2021/docs/Aviso%20Publico%20Instituicoes%20de%20Ensino%202021%20-%20Assinado%20Digitalmente.pdf;https://www-cdn.mpf.mp.br/o-mpf/unidades/pr-go/estagio/processo-seletivo-2021/docs/Aviso Publico Instituicoes de Ensino 2021 - Assinado Digitalmente.pdf
File;http://svlp-plnptapp01.pgr.mpf.mp.br:8401/portal/go/estagie-conosco/processo-seletivo-2021/docs/Aviso%20prorrogaco%20periodo%20inscricao%20assinado%20PRGO.pdf;https://www-cdn.mpf.mp.br/o-mpf/unidades/pr-go/estagio/processo-seletivo-2021/docs/Aviso prorrogaco periodo inscricao assinado PRGO.pdf
File;http://svlp-plnptapp01.pgr.mpf.mp.br:8401/portal/go/estagie-conosco/processo-seletivo-2021/docs/CRONOGRAMA%20Processo%20Seletivo%20Estagiarios%202021.pdf;https://www-cdn.mpf.mp.br/o-mpf/unidades/pr-go/estagio/processo-seletivo-2021/docs/CRONOGRAMA Processo Seletivo Estagiarios 2021.pdf
File;http://svlp-plnptapp01.pgr.mpf.mp.br:8401/portal/go/estagie-conosco/processo-seletivo-2021/docs/EDITAL%2015%20RESULTADO%20NOTAS%20E%20INSCRITOS%20DIREITO%20PRGO%202021%20Assinado.pdf;https://www-cdn.mpf.mp.br/o-mpf/unidades/pr-go/estagio/processo-seletivo-2021/docs/EDITAL 15 RESULTADO NOTAS E INSCRITOS DIREITO PRGO 2021 Assinado.pdf
File;http://svlp-plnptapp01.pgr.mpf.mp.br:8401/portal/go/estagie-conosco/processo-seletivo-2021/docs/EDITAL%2016%20RESULTADO%20NOTAS%20E%20INSCRITOS%20DIREITO%20PRMS%202021%20Assinado.pdf;https://www-cdn.mpf.mp.br/o-mpf/unidades/pr-go/estagio/processo-seletivo-2021/docs/EDITAL 16 RESULTADO NOTAS E INSCRITOS DIREITO PRMS 2021 Assinado.pdf
File;http://svlp-plnptapp01.pgr.mpf.mp.br:8401/portal/go/estagie-conosco/processo-seletivo-2021/docs/EDITAL%2017%20RESULTADO%20NOTAS%20PRGO%20e%20PRMS%20Demais%20Cursos%202021%20Assinado.pdf;https://www-cdn.mpf.mp.br/o-mpf/unidades/pr-go/estagio/processo-seletivo-2021/docs/EDITAL 17 RESULTADO NOTAS PRGO e PRMS Demais Cursos 2021 Assinado.pdf
File;http://svlp-plnptapp01.pgr.mpf.mp.br:8401/portal/go/estagie-conosco/processo-seletivo-2021/docs/EDITAL%20ABERTURA-Retificacao%20assinado%20PRGO.pdf;https://www-cdn.mpf.mp.br/o-mpf/unidades/pr-go/estagio/processo-seletivo-2021/docs/EDITAL ABERTURA-Retificacao assinado PRGO.pdf
File;http://svlp-plnptapp01.pgr.mpf.mp.br:8401/portal/go/estagie-conosco/processo-seletivo-2021/docs/EDITAL%20CANCELAMENTO%20PARCIAL%202021%20-%20PRGO%20-%20Aprovado%20assinado.pdf;https://www-cdn.mpf.mp.br/o-mpf/unidades/pr-go/estagio/processo-seletivo-2021/docs/EDITAL CANCELAMENTO PARCIAL 2021 - PRGO - Aprovado assinado.pdf
File;http://svlp-plnptapp01.pgr.mpf.mp.br:8401/portal/go/estagie-conosco/processo-seletivo-2021/docs/EDITAL%20Convocacao%20Entrevista%20Heteroidentificacao%20assinado%20PRGO.pdf;https://www-cdn.mpf.mp.br/o-mpf/unidades/pr-go/estagio/processo-seletivo-2021/docs/EDITAL Convocacao Entrevista Heteroidentificacao assinado PRGO.pdf
File;http://svlp-plnptapp01.pgr.mpf.mp.br:8401/portal/go/estagie-conosco/processo-seletivo-2021/docs/EDITAL%20NOTA%20DISCURSIVA%20PRGO%20e%20PRMs%20-%20Direito%202021-1.pdf;https://www-cdn.mpf.mp.br/o-mpf/unidades/pr-go/estagio/processo-seletivo-2021/docs/EDITAL NOTA DISCURSIVA PRGO e PRMs - Direito 2021-1.pdf
File;http://svlp-plnptapp01.pgr.mpf.mp.br:8401/portal/go/estagie-conosco/processo-seletivo-2021/docs/EDITAL%20RESULTADO%20FINAL%20assinado%20PRGO.pdf;https://www-cdn.mpf.mp.br/o-mpf/unidades/pr-go/estagio/processo-seletivo-2021/docs/EDITAL RESULTADO FINAL assinado PRGO.pdf
File;http://svlp-plnptapp01.pgr.mpf.mp.br:8401/portal/go/estagie-conosco/processo-seletivo-2021/docs/Edital%20Abertura%20Assinado%20Eletronicamente.pdf;https://www-cdn.mpf.mp.br/o-mpf/unidades/pr-go/estagio/processo-seletivo-2021/docs/Edital Abertura Assinado Eletronicamente.pdf
File;http://svlp-plnptapp01.pgr.mpf.mp.br:8401/portal/go/estagie-conosco/processo-seletivo-2021/docs/GOIANIA%20Inscritos%20para%20publicacao%202021.pdf;https://www-cdn.mpf.mp.br/o-mpf/unidades/pr-go/estagio/processo-seletivo-2021/docs/GOIANIA Inscritos para publicacao 2021.pdf
File;http://svlp-plnptapp01.pgr.mpf.mp.br:8401/portal/go/estagie-conosco/processo-seletivo-2021/docs/LUZIANIA%20Inscritos%20para%20publicacao%202021.pdf;https://www-cdn.mpf.mp.br/o-mpf/unidades/pr-go/estagio/processo-seletivo-2021/docs/LUZIANIA Inscritos para publicacao 2021.pdf
File;http://svlp-plnptapp01.pgr.mpf.mp.br:8401/portal/go/estagie-conosco/processo-seletivo-2021/docs/Orientacoes%20para%20Prova%20Online.pdf;https://www-cdn.mpf.mp.br/o-mpf/unidades/pr-go/estagio/processo-seletivo-2021/docs/Orientacoes para Prova Online.pdf
File;http://svlp-plnptapp01.pgr.mpf.mp.br:8401/portal/go/estagie-conosco/processo-seletivo-2021/docs/RIO%20VERDE%20Inscritos%20para%20publicacao%202021.pdf;https://www-cdn.mpf.mp.br/o-mpf/unidades/pr-go/estagio/processo-seletivo-2021/docs/RIO VERDE Inscritos para publicacao 2021.pdf
File;http://svlp-plnptapp01.pgr.mpf.mp.br:8401/portal/go/estagie-conosco/processo-seletivo-2021/docs/Resultado%20Provisorio%20Entrevista%20Heteroidentificacao.pdf;https://www-cdn.mpf.mp.br/o-mpf/unidades/pr-go/estagio/processo-seletivo-2021/docs/Resultado Provisorio Entrevista Heteroidentificacao.pdf
Document;http://svlp-plnptapp01.pgr.mpf.mp.br:8401/portal/go/estagie-conosco/processo-seletivo-2021/inscricao-2o-processo-seletivo-direito;https://www-cdn.mpf.mp.br/o-mpf/unidades/pr-go/estagio/processo-seletivo-2021/inscricao-2o-processo-seletivo-direito
Document;http://svlp-plnptapp01.pgr.mpf.mp.br:8401/portal/go/estagie-conosco/processo-seletivo-2021/inscricoes;https://www-cdn.mpf.mp.br/o-mpf/unidades/pr-go/estagio/processo-seletivo-2021/inscricoes
Document;http://svlp-plnptapp01.pgr.mpf.mp.br:8401/portal/go/estagie-conosco/processo-seletivo-2021/processo-seletivo-2021;https://www-cdn.mpf.mp.br/o-mpf/unidades/pr-go/estagio/processo-seletivo-2021/processo-seletivo-2021
Folder;http://svlp-plnptapp01.pgr.mpf.mp.br:8401/portal/go/estagie-conosco/processo-seletivo-2022;https://www-cdn.mpf.mp.br/o-mpf/unidades/pr-go/estagio/processo-seletivo-2022
Folder;http://svlp-plnptapp01.pgr.mpf.mp.br:8401/portal/go/estagie-conosco/processo-seletivo-2022/docs;https://www-cdn.mpf.mp.br/o-mpf/unidades/pr-go/estagio/processo-seletivo-2022/docs
File;http://svlp-plnptapp01.pgr.mpf.mp.br:8401/portal/go/estagie-conosco/processo-seletivo-2022/docs/AVISO%20Prorrogacao%20periodo%20inscricoes%202022%20assinado%20PRGO.pdf;https://www-cdn.mpf.mp.br/o-mpf/unidades/pr-go/estagio/processo-seletivo-2022/docs/AVISO Prorrogacao periodo inscricoes 2022 assinado PRGO.pdf
File;http://svlp-plnptapp01.pgr.mpf.mp.br:8401/portal/go/estagie-conosco/processo-seletivo-2022/docs/Aviso%20Locais%20de%20Prova%202022.pdf;https://www-cdn.mpf.mp.br/o-mpf/unidades/pr-go/estagio/processo-seletivo-2022/docs/Aviso Locais de Prova 2022.pdf
File;http://svlp-plnptapp01.pgr.mpf.mp.br:8401/portal/go/estagie-conosco/processo-seletivo-2022/docs/Aviso%20Publico%20Instituicoes%20de%20Ensino%202022.pdf;https://www-cdn.mpf.mp.br/o-mpf/unidades/pr-go/estagio/processo-seletivo-2022/docs/Aviso Publico Instituicoes de Ensino 2022.pdf
File;http://svlp-plnptapp01.pgr.mpf.mp.br:8401/portal/go/estagie-conosco/processo-seletivo-2022/docs/CRONOGRAMA%20Processo%20Seletivo%20Estagiarios%202022.pdf;https://www-cdn.mpf.mp.br/o-mpf/unidades/pr-go/estagio/processo-seletivo-2022/docs/CRONOGRAMA Processo Seletivo Estagiarios 2022.pdf
File;http://svlp-plnptapp01.pgr.mpf.mp.br:8401/portal/go/estagie-conosco/processo-seletivo-2022/docs/EDITAL%20ABERTURA%20PROCESSO%20SELETIVO%20ESTAGIO%202022%20PRGO%20assinado%20eletronicamente.pdf;https://www-cdn.mpf.mp.br/o-mpf/unidades/pr-go/estagio/processo-seletivo-2022/docs/EDITAL ABERTURA PROCESSO SELETIVO ESTAGIO 2022 PRGO assinado eletronicamente.pdf
File;http://svlp-plnptapp01.pgr.mpf.mp.br:8401/portal/go/estagie-conosco/processo-seletivo-2022/docs/EDITAL%20ABERTURA%20Retificacao%202022%20assinado%20PRGO.pdf;https://www-cdn.mpf.mp.br/o-mpf/unidades/pr-go/estagio/processo-seletivo-2022/docs/EDITAL ABERTURA Retificacao 2022 assinado PRGO.pdf
File;http://svlp-plnptapp01.pgr.mpf.mp.br:8401/portal/go/estagie-conosco/processo-seletivo-2022/docs/EDITAL%20Convocacao%20Entrevista%20Heteroidentificacao%202022%20assinado%20PRGO.pdf;https://www-cdn.mpf.mp.br/o-mpf/unidades/pr-go/estagio/processo-seletivo-2022/docs/EDITAL Convocacao Entrevista Heteroidentificacao 2022 assinado PRGO.pdf
File;http://svlp-plnptapp01.pgr.mpf.mp.br:8401/portal/go/estagie-conosco/processo-seletivo-2022/docs/EDITAL%20RESULTADO%20FINAL%202022%20assinado%20PRGO.pdf;https://www-cdn.mpf.mp.br/o-mpf/unidades/pr-go/estagio/processo-seletivo-2022/docs/EDITAL RESULTADO FINAL 2022 assinado PRGO.pdf
File;http://svlp-plnptapp01.pgr.mpf.mp.br:8401/portal/go/estagie-conosco/processo-seletivo-2022/docs/EDITAL%20RESULTADO%20NOTAS%20DEMAIS%20CURSOS%20PRGO%20e%20PRM%202022%20assinado%20PRGO.pdf;https://www-cdn.mpf.mp.br/o-mpf/unidades/pr-go/estagio/processo-seletivo-2022/docs/EDITAL RESULTADO NOTAS DEMAIS CURSOS PRGO e PRM 2022 assinado PRGO.pdf
File;http://svlp-plnptapp01.pgr.mpf.mp.br:8401/portal/go/estagie-conosco/processo-seletivo-2022/docs/EDITAL%20RESULTADO%20NOTAS%20DIREITO%20PRGO%20e%20PRMS%202022%20assinado%20PRGO.pdf;https://www-cdn.mpf.mp.br/o-mpf/unidades/pr-go/estagio/processo-seletivo-2022/docs/EDITAL RESULTADO NOTAS DIREITO PRGO e PRMS 2022 assinado PRGO.pdf
File;http://svlp-plnptapp01.pgr.mpf.mp.br:8401/portal/go/estagie-conosco/processo-seletivo-2022/docs/EDITAL%20RESULTADO%20NOTAS%20DIREITO%20e%20DEMAIS%20CURSOS%20PRGO%20e%20PRMS%202022%20apos%20Recursos%20assinado%20PRGO.pdf;https://www-cdn.mpf.mp.br/o-mpf/unidades/pr-go/estagio/processo-seletivo-2022/docs/EDITAL RESULTADO NOTAS DIREITO e DEMAIS CURSOS PRGO e PRMS 2022 apos Recursos assinado PRGO.pdf
File;http://svlp-plnptapp01.pgr.mpf.mp.br:8401/portal/go/estagie-conosco/processo-seletivo-2022/docs/EDITAL%20RESULTADO%20PROVA%20DISCURSIVA%20DIREITO%20PRGO%20e%20PRMS%202022%20assinado.pdf;https://www-cdn.mpf.mp.br/o-mpf/unidades/pr-go/estagio/processo-seletivo-2022/docs/EDITAL RESULTADO PROVA DISCURSIVA DIREITO PRGO e PRMS 2022 assinado.pdf
File;http://svlp-plnptapp01.pgr.mpf.mp.br:8401/portal/go/estagie-conosco/processo-seletivo-2022/docs/Resultado%20Provisorio%20Entrevista%20Heteroidentificacao%202022.pdf;https://www-cdn.mpf.mp.br/o-mpf/unidades/pr-go/estagio/processo-seletivo-2022/docs/Resultado Provisorio Entrevista Heteroidentificacao 2022.pdf
File;http://svlp-plnptapp01.pgr.mpf.mp.br:8401/portal/go/estagie-conosco/processo-seletivo-2022/docs/TERMO%20DE%20DE%20CONSENTIMENTO%20PARA%20TRATAMENTO%20DE%20DADOS.%20INSCRICAO%20EM%20PROCESSO%20SELETIVO.pdf;https://www-cdn.mpf.mp.br/o-mpf/unidades/pr-go/estagio/processo-seletivo-2022/docs/TERMO DE DE CONSENTIMENTO PARA TRATAMENTO DE DADOS. INSCRICAO EM PROCESSO SELETIVO.pdf
File;http://svlp-plnptapp01.pgr.mpf.mp.br:8401/portal/go/estagie-conosco/processo-seletivo-2022/docs/termo-de-de-consentimento-para-tratamento-de-dados-inscricao-em-processo-seletivo.pdf;https://www-cdn.mpf.mp.br/o-mpf/unidades/pr-go/estagio/processo-seletivo-2022/docs/termo-de-de-consentimento-para-tratamento-de-dados-inscricao-em-processo-seletivo.pdf
Document;http://svlp-plnptapp01.pgr.mpf.mp.br:8401/portal/go/estagie-conosco/processo-seletivo-2022/inscricoes;https://www-cdn.mpf.mp.br/o-mpf/unidades/pr-go/estagio/processo-seletivo-2022/inscricoes
Document;http://svlp-plnptapp01.pgr.mpf.mp.br:8401/portal/go/estagie-conosco/processo-seletivo-2022/processo-seletivo-2022;https://www-cdn.mpf.mp.br/o-mpf/unidades/pr-go/estagio/processo-seletivo-2022/processo-seletivo-2022
Folder;http://svlp-plnptapp01.pgr.mpf.mp.br:8401/portal/go/estagie-conosco/processo-seletivo-2024;https://www-cdn.mpf.mp.br/o-mpf/unidades/pr-go/estagio/processo-seletivo-2024
Folder;http://svlp-plnptapp01.pgr.mpf.mp.br:8401/portal/go/estagie-conosco/processo-seletivo-2024/doc;https://www-cdn.mpf.mp.br/o-mpf/unidades/pr-go/estagio/processo-seletivo-2024/doc
File;http://svlp-plnptapp01.pgr.mpf.mp.br:8401/portal/go/estagie-conosco/processo-seletivo-2024/doc/Aviso%20Locais%20de%20Prova%202024.pdf;https://www-cdn.mpf.mp.br/o-mpf/unidades/pr-go/estagio/processo-seletivo-2024/doc/Aviso Locais de Prova 2024.pdf
File;http://svlp-plnptapp01.pgr.mpf.mp.br:8401/portal/go/estagie-conosco/processo-seletivo-2024/doc/CRONOGRAMA%20Processo%20Seletivo%20Estagiarios%202024%20Retificado.pdf;https://www-cdn.mpf.mp.br/o-mpf/unidades/pr-go/estagio/processo-seletivo-2024/doc/CRONOGRAMA Processo Seletivo Estagiarios 2024 Retificado.pdf
File;http://svlp-plnptapp01.pgr.mpf.mp.br:8401/portal/go/estagie-conosco/processo-seletivo-2024/doc/EDITAL%20CONVOCACAO%20ENTREVISTA%20HETEROIDENTIFICACAO%20assinado%20CE.pdf;https://www-cdn.mpf.mp.br/o-mpf/unidades/pr-go/estagio/processo-seletivo-2024/doc/EDITAL CONVOCACAO ENTREVISTA HETEROIDENTIFICACAO assinado CE.pdf
File;http://svlp-plnptapp01.pgr.mpf.mp.br:8401/portal/go/estagie-conosco/processo-seletivo-2024/doc/EDITAL%20DE%20RETIFICACAO%202024%20assinado%20CE.pdf;https://www-cdn.mpf.mp.br/o-mpf/unidades/pr-go/estagio/processo-seletivo-2024/doc/EDITAL DE RETIFICACAO 2024 assinado CE.pdf
File;http://svlp-plnptapp01.pgr.mpf.mp.br:8401/portal/go/estagie-conosco/processo-seletivo-2024/doc/EDITAL%20DIVULGA%20RESULTADO%20FINAL%20ADMINISTRACAO%20BIBLIOTECONOMIA%20COMUNICACAO%20SOCIAL%202024%20assinado%20CE.pdf;https://www-cdn.mpf.mp.br/o-mpf/unidades/pr-go/estagio/processo-seletivo-2024/doc/EDITAL DIVULGA RESULTADO FINAL ADMINISTRACAO BIBLIOTECONOMIA COMUNICACAO SOCIAL 2024 assinado CE.pdf
File;http://svlp-plnptapp01.pgr.mpf.mp.br:8401/portal/go/estagie-conosco/processo-seletivo-2024/doc/EDITAL%20RESULTADO%20FINAL%20CURSO%20GRADUACAO%20E%20POS%20GRADUCAO%20DIREITO%202024%20assinado%20CE.pdf;https://www-cdn.mpf.mp.br/o-mpf/unidades/pr-go/estagio/processo-seletivo-2024/doc/EDITAL RESULTADO FINAL CURSO GRADUACAO E POS GRADUCAO DIREITO 2024 assinado CE.pdf
File;http://svlp-plnptapp01.pgr.mpf.mp.br:8401/portal/go/estagie-conosco/processo-seletivo-2024/doc/EDITAL%20RESULTADO%20NOTAS%20GRADUACAO%20DIREITO%20PRGO%20e%20PRM%20ANAPOLIS%202024%20apos%20Recursos%20assinado%20CGE.pdf;https://www-cdn.mpf.mp.br/o-mpf/unidades/pr-go/estagio/processo-seletivo-2024/doc/EDITAL RESULTADO NOTAS GRADUACAO DIREITO PRGO e PRM ANAPOLIS 2024 apos Recursos assinado CGE.pdf
File;http://svlp-plnptapp01.pgr.mpf.mp.br:8401/portal/go/estagie-conosco/processo-seletivo-2024/doc/EDITAL%20RESULTADO%20NOTAS%20GRADUACAO%20DIREITO%20PRGO%20e%20PRM%20ANAPOLIS%202024%20assinado%20CE.pdf;https://www-cdn.mpf.mp.br/o-mpf/unidades/pr-go/estagio/processo-seletivo-2024/doc/EDITAL RESULTADO NOTAS GRADUACAO DIREITO PRGO e PRM ANAPOLIS 2024 assinado CE.pdf
File;http://svlp-plnptapp01.pgr.mpf.mp.br:8401/portal/go/estagie-conosco/processo-seletivo-2024/doc/EDITAL%20RESULTADO%20NOTAS%20PROVAS%20DISCURSIVAS%20GRADUACAO%20E%20POS-GRADUACAO%20DIREITO.pdf;https://www-cdn.mpf.mp.br/o-mpf/unidades/pr-go/estagio/processo-seletivo-2024/doc/EDITAL RESULTADO NOTAS PROVAS DISCURSIVAS GRADUACAO E POS-GRADUACAO DIREITO.pdf
File;http://svlp-plnptapp01.pgr.mpf.mp.br:8401/portal/go/estagie-conosco/processo-seletivo-2024/doc/Edital%20Abertura%20Processo%20Seletivo%20Estagiarios%202024.pdf;https://www-cdn.mpf.mp.br/o-mpf/unidades/pr-go/estagio/processo-seletivo-2024/doc/Edital Abertura Processo Seletivo Estagiarios 2024.pdf
File;http://svlp-plnptapp01.pgr.mpf.mp.br:8401/portal/go/estagie-conosco/processo-seletivo-2024/doc/Edital%20Resultado%20Entrevista%20Heteroidentificacao%202024.pdf;https://www-cdn.mpf.mp.br/o-mpf/unidades/pr-go/estagio/processo-seletivo-2024/doc/Edital Resultado Entrevista Heteroidentificacao 2024.pdf
File;http://svlp-plnptapp01.pgr.mpf.mp.br:8401/portal/go/estagie-conosco/processo-seletivo-2024/doc/Gabarito%20Definitivo%20PROVAS%20OBJETIVAS%20MPF%20GO.pdf;https://www-cdn.mpf.mp.br/o-mpf/unidades/pr-go/estagio/processo-seletivo-2024/doc/Gabarito Definitivo PROVAS OBJETIVAS MPF GO.pdf
File;http://svlp-plnptapp01.pgr.mpf.mp.br:8401/portal/go/estagie-conosco/processo-seletivo-2024/doc/Gabarito%20preliminar%20PROVAS%20OBJETIVAS%20MPF%20GO.pdf;https://www-cdn.mpf.mp.br/o-mpf/unidades/pr-go/estagio/processo-seletivo-2024/doc/Gabarito preliminar PROVAS OBJETIVAS MPF GO.pdf
File;http://svlp-plnptapp01.pgr.mpf.mp.br:8401/portal/go/estagie-conosco/processo-seletivo-2024/doc/aviso-publico-instituicoes-de-ensino-2024-assinado-ce-1.pdf;https://www-cdn.mpf.mp.br/o-mpf/unidades/pr-go/estagio/processo-seletivo-2024/doc/aviso-publico-instituicoes-de-ensino-2024-assinado-ce-1.pdf
Document;http://svlp-plnptapp01.pgr.mpf.mp.br:8401/portal/go/estagie-conosco/processo-seletivo-2024/pre-inscricao-e-inscricao;https://www-cdn.mpf.mp.br/o-mpf/unidades/pr-go/estagio/processo-seletivo-2024/pre-inscricao-e-inscricao
Document;http://svlp-plnptapp01.pgr.mpf.mp.br:8401/portal/go/estagie-conosco/processo-seletivo-2024/processo-seletivo-2024;https://www-cdn.mpf.mp.br/o-mpf/unidades/pr-go/estagio/processo-seletivo-2024/processo-seletivo-2024
Folder;http://svlp-plnptapp01.pgr.mpf.mp.br:8401/portal/go/estagie-conosco/provas%20anteriores;https://www-cdn.mpf.mp.br/o-mpf/unidades/pr-go/estagio/provas anteriores
Folder;http://svlp-plnptapp01.pgr.mpf.mp.br:8401/portal/go/estagie-conosco/provas%20anteriores/administracao;https://www-cdn.mpf.mp.br/o-mpf/unidades/pr-go/estagio/provas anteriores/administracao
File;http://svlp-plnptapp01.pgr.mpf.mp.br:8401/portal/go/estagie-conosco/provas%20anteriores/administracao/2016;https://www-cdn.mpf.mp.br/o-mpf/unidades/pr-go/estagio/provas anteriores/administracao/2016
File;http://svlp-plnptapp01.pgr.mpf.mp.br:8401/portal/go/estagie-conosco/provas%20anteriores/administracao/2017;https://www-cdn.mpf.mp.br/o-mpf/unidades/pr-go/estagio/provas anteriores/administracao/2017
File;http://svlp-plnptapp01.pgr.mpf.mp.br:8401/portal/go/estagie-conosco/provas%20anteriores/administracao/2018;https://www-cdn.mpf.mp.br/o-mpf/unidades/pr-go/estagio/provas anteriores/administracao/2018
Folder;http://svlp-plnptapp01.pgr.mpf.mp.br:8401/portal/go/estagie-conosco/provas%20anteriores/biblioteconomia;https://www-cdn.mpf.mp.br/o-mpf/unidades/pr-go/estagio/provas anteriores/biblioteconomia
File;http://svlp-plnptapp01.pgr.mpf.mp.br:8401/portal/go/estagie-conosco/provas%20anteriores/biblioteconomia/2017;https://www-cdn.mpf.mp.br/o-mpf/unidades/pr-go/estagio/provas anteriores/biblioteconomia/2017
File;http://svlp-plnptapp01.pgr.mpf.mp.br:8401/portal/go/estagie-conosco/provas%20anteriores/biblioteconomia/2018;https://www-cdn.mpf.mp.br/o-mpf/unidades/pr-go/estagio/provas anteriores/biblioteconomia/2018
File;http://svlp-plnptapp01.pgr.mpf.mp.br:8401/portal/go/estagie-conosco/provas%20anteriores/biblioteconomia/2019;https://www-cdn.mpf.mp.br/o-mpf/unidades/pr-go/estagio/provas anteriores/biblioteconomia/2019
Folder;http://svlp-plnptapp01.pgr.mpf.mp.br:8401/portal/go/estagie-conosco/provas%20anteriores/comunicacao-social;https://www-cdn.mpf.mp.br/o-mpf/unidades/pr-go/estagio/provas anteriores/comunicacao-social
File;http://svlp-plnptapp01.pgr.mpf.mp.br:8401/portal/go/estagie-conosco/provas%20anteriores/comunicacao-social/prova-objetiva-2016;https://www-cdn.mpf.mp.br/o-mpf/unidades/pr-go/estagio/provas anteriores/comunicacao-social/prova-objetiva-2016
File;http://svlp-plnptapp01.pgr.mpf.mp.br:8401/portal/go/estagie-conosco/provas%20anteriores/comunicacao-social/prova-objetiva-2018;https://www-cdn.mpf.mp.br/o-mpf/unidades/pr-go/estagio/provas anteriores/comunicacao-social/prova-objetiva-2018
File;http://svlp-plnptapp01.pgr.mpf.mp.br:8401/portal/go/estagie-conosco/provas%20anteriores/comunicacao-social/release-2016;https://www-cdn.mpf.mp.br/o-mpf/unidades/pr-go/estagio/provas anteriores/comunicacao-social/release-2016
File;http://svlp-plnptapp01.pgr.mpf.mp.br:8401/portal/go/estagie-conosco/provas%20anteriores/comunicacao-social/release-2018;https://www-cdn.mpf.mp.br/o-mpf/unidades/pr-go/estagio/provas anteriores/comunicacao-social/release-2018
Folder;http://svlp-plnptapp01.pgr.mpf.mp.br:8401/portal/go/estagie-conosco/provas%20anteriores/direito;https://www-cdn.mpf.mp.br/o-mpf/unidades/pr-go/estagio/provas anteriores/direito
Folder;http://svlp-plnptapp01.pgr.mpf.mp.br:8401/portal/go/estagie-conosco/provas%20anteriores/direito/provas-discursivas;https://www-cdn.mpf.mp.br/o-mpf/unidades/pr-go/estagio/provas anteriores/direito/provas-discursivas
File;http://svlp-plnptapp01.pgr.mpf.mp.br:8401/portal/go/estagie-conosco/provas%20anteriores/direito/provas-discursivas/2016;https://www-cdn.mpf.mp.br/o-mpf/unidades/pr-go/estagio/provas anteriores/direito/provas-discursivas/2016
File;http://svlp-plnptapp01.pgr.mpf.mp.br:8401/portal/go/estagie-conosco/provas%20anteriores/direito/provas-discursivas/2017;https://www-cdn.mpf.mp.br/o-mpf/unidades/pr-go/estagio/provas anteriores/direito/provas-discursivas/2017
File;http://svlp-plnptapp01.pgr.mpf.mp.br:8401/portal/go/estagie-conosco/provas%20anteriores/direito/provas-discursivas/2018;https://www-cdn.mpf.mp.br/o-mpf/unidades/pr-go/estagio/provas anteriores/direito/provas-discursivas/2018
File;http://svlp-plnptapp01.pgr.mpf.mp.br:8401/portal/go/estagie-conosco/provas%20anteriores/direito/provas-discursivas/2019;https://www-cdn.mpf.mp.br/o-mpf/unidades/pr-go/estagio/provas anteriores/direito/provas-discursivas/2019
Folder;http://svlp-plnptapp01.pgr.mpf.mp.br:8401/portal/go/estagie-conosco/provas%20anteriores/direito/provas-objetivas;https://www-cdn.mpf.mp.br/o-mpf/unidades/pr-go/estagio/provas anteriores/direito/provas-objetivas
File;http://svlp-plnptapp01.pgr.mpf.mp.br:8401/portal/go/estagie-conosco/provas%20anteriores/direito/provas-objetivas/2016;https://www-cdn.mpf.mp.br/o-mpf/unidades/pr-go/estagio/provas anteriores/direito/provas-objetivas/2016
File;http://svlp-plnptapp01.pgr.mpf.mp.br:8401/portal/go/estagie-conosco/provas%20anteriores/direito/provas-objetivas/2017;https://www-cdn.mpf.mp.br/o-mpf/unidades/pr-go/estagio/provas anteriores/direito/provas-objetivas/2017
File;http://svlp-plnptapp01.pgr.mpf.mp.br:8401/portal/go/estagie-conosco/provas%20anteriores/direito/provas-objetivas/2018;https://www-cdn.mpf.mp.br/o-mpf/unidades/pr-go/estagio/provas anteriores/direito/provas-objetivas/2018
File;http://svlp-plnptapp01.pgr.mpf.mp.br:8401/portal/go/estagie-conosco/provas%20anteriores/direito/provas-objetivas/2019;https://www-cdn.mpf.mp.br/o-mpf/unidades/pr-go/estagio/provas anteriores/direito/provas-objetivas/2019
Document;http://svlp-plnptapp01.pgr.mpf.mp.br:8401/portal/go/estagie-conosco/provas-anteriores;https://www-cdn.mpf.mp.br/o-mpf/unidades/pr-go/estagio/provas-anteriores
