Folder;http://svlp-plnptapp01.pgr.mpf.mp.br:8401/portal/ms/estagie-conosco;https://www-cdn.mpf.mp.br/o-mpf/unidades/pr-ms/estagio/
File;http://svlp-plnptapp01.pgr.mpf.mp.br:8401/portal/ms/estagie-conosco/CONVITE%20DE%20CONVOCACAO%20DE%20CONVENIO%20ASSINADA%202026.pdf;https://www-cdn.mpf.mp.br/o-mpf/unidades/pr-ms/estagio/CONVITE DE CONVOCACAO DE CONVENIO ASSINADA 2026.pdf
File;http://svlp-plnptapp01.pgr.mpf.mp.br:8401/portal/ms/estagie-conosco/acesso-ao-ambiente-de-prova;https://www-cdn.mpf.mp.br/o-mpf/unidades/pr-ms/estagio/acesso-ao-ambiente-de-prova
File;http://svlp-plnptapp01.pgr.mpf.mp.br:8401/portal/ms/estagie-conosco/alteracao-da-data-da-prova-objetiva;https://www-cdn.mpf.mp.br/o-mpf/unidades/pr-ms/estagio/alteracao-da-data-da-prova-objetiva
File;http://svlp-plnptapp01.pgr.mpf.mp.br:8401/portal/ms/estagie-conosco/aviso-dia-30-08-dia-da-prova-e-gabarito-preliminar;https://www-cdn.mpf.mp.br/o-mpf/unidades/pr-ms/estagio/aviso-dia-30-08-dia-da-prova-e-gabarito-preliminar
File;http://svlp-plnptapp01.pgr.mpf.mp.br:8401/portal/ms/estagie-conosco/banca-medica-definitiva;https://www-cdn.mpf.mp.br/o-mpf/unidades/pr-ms/estagio/banca-medica-definitiva
File;http://svlp-plnptapp01.pgr.mpf.mp.br:8401/portal/ms/estagie-conosco/banca-medica-preliminar;https://www-cdn.mpf.mp.br/o-mpf/unidades/pr-ms/estagio/banca-medica-preliminar
File;http://svlp-plnptapp01.pgr.mpf.mp.br:8401/portal/ms/estagie-conosco/classif-prova-subj-cra;https://www-cdn.mpf.mp.br/o-mpf/unidades/pr-ms/estagio/classif-prova-subj-cra
File;http://svlp-plnptapp01.pgr.mpf.mp.br:8401/portal/ms/estagie-conosco/classif-prova-subj-drs;https://www-cdn.mpf.mp.br/o-mpf/unidades/pr-ms/estagio/classif-prova-subj-drs
File;http://svlp-plnptapp01.pgr.mpf.mp.br:8401/portal/ms/estagie-conosco/classif-prova-subj-tls;https://www-cdn.mpf.mp.br/o-mpf/unidades/pr-ms/estagio/classif-prova-subj-tls
File;http://svlp-plnptapp01.pgr.mpf.mp.br:8401/portal/ms/estagie-conosco/classif-ps-jornalismo;https://www-cdn.mpf.mp.br/o-mpf/unidades/pr-ms/estagio/classif-ps-jornalismo
File;http://svlp-plnptapp01.pgr.mpf.mp.br:8401/portal/ms/estagie-conosco/classif-ps-prms;https://www-cdn.mpf.mp.br/o-mpf/unidades/pr-ms/estagio/classif-ps-prms
File;http://svlp-plnptapp01.pgr.mpf.mp.br:8401/portal/ms/estagie-conosco/classificados-ps-drs;https://www-cdn.mpf.mp.br/o-mpf/unidades/pr-ms/estagio/classificados-ps-drs
File;http://svlp-plnptapp01.pgr.mpf.mp.br:8401/portal/ms/estagie-conosco/classificados-ps-prms-cra;https://www-cdn.mpf.mp.br/o-mpf/unidades/pr-ms/estagio/classificados-ps-prms-cra
File;http://svlp-plnptapp01.pgr.mpf.mp.br:8401/portal/ms/estagie-conosco/classificados-ps-tls;https://www-cdn.mpf.mp.br/o-mpf/unidades/pr-ms/estagio/classificados-ps-tls
File;http://svlp-plnptapp01.pgr.mpf.mp.br:8401/portal/ms/estagie-conosco/classificados-ps-tls-1;https://www-cdn.mpf.mp.br/o-mpf/unidades/pr-ms/estagio/classificados-ps-tls-1
Document;http://svlp-plnptapp01.pgr.mpf.mp.br:8401/portal/ms/estagie-conosco/concursos-de-estagio;https://www-cdn.mpf.mp.br/o-mpf/unidades/pr-ms/estagio/concursos-de-estagio
File;http://svlp-plnptapp01.pgr.mpf.mp.br:8401/portal/ms/estagie-conosco/data-e-horario-de-po-online;https://www-cdn.mpf.mp.br/o-mpf/unidades/pr-ms/estagio/data-e-horario-de-po-online
File;http://svlp-plnptapp01.pgr.mpf.mp.br:8401/portal/ms/estagie-conosco/data-e-horario-de-prova;https://www-cdn.mpf.mp.br/o-mpf/unidades/pr-ms/estagio/data-e-horario-de-prova
File;http://svlp-plnptapp01.pgr.mpf.mp.br:8401/portal/ms/estagie-conosco/edital;https://www-cdn.mpf.mp.br/o-mpf/unidades/pr-ms/estagio/edital
File;http://svlp-plnptapp01.pgr.mpf.mp.br:8401/portal/ms/estagie-conosco/edital-2025;https://www-cdn.mpf.mp.br/o-mpf/unidades/pr-ms/estagio/edital-2025
File;http://svlp-plnptapp01.pgr.mpf.mp.br:8401/portal/ms/estagie-conosco/edital-de-convocacao-de-heteroidentificacao-2024;https://www-cdn.mpf.mp.br/o-mpf/unidades/pr-ms/estagio/edital-de-convocacao-de-heteroidentificacao-2024
File;http://svlp-plnptapp01.pgr.mpf.mp.br:8401/portal/ms/estagie-conosco/edital-resultado-final;https://www-cdn.mpf.mp.br/o-mpf/unidades/pr-ms/estagio/edital-resultado-final
File;http://svlp-plnptapp01.pgr.mpf.mp.br:8401/portal/ms/estagie-conosco/formulario-de-recurso-1;https://www-cdn.mpf.mp.br/o-mpf/unidades/pr-ms/estagio/formulario-de-recurso-1
File;http://svlp-plnptapp01.pgr.mpf.mp.br:8401/portal/ms/estagie-conosco/formulario-de-recurso_-1;https://www-cdn.mpf.mp.br/o-mpf/unidades/pr-ms/estagio/formulario-de-recurso_-1
File;http://svlp-plnptapp01.pgr.mpf.mp.br:8401/portal/ms/estagie-conosco/formulario-do-recurso_;https://www-cdn.mpf.mp.br/o-mpf/unidades/pr-ms/estagio/formulario-do-recurso_
Folder;http://svlp-plnptapp01.pgr.mpf.mp.br:8401/portal/ms/estagie-conosco/home-admin/em-andamento;https://www-cdn.mpf.mp.br/o-mpf/unidades/pr-ms/estagio/home-admin/em-andamento
Document;http://svlp-plnptapp01.pgr.mpf.mp.br:8401/portal/ms/estagie-conosco/home-admin/em-andamento/2o-processo-seletivo-de-estagiario-da-procuradoria-da-reublica-em-mato-grosso-do-sul-de-2025;https://www-cdn.mpf.mp.br/o-mpf/unidades/pr-ms/estagio/home-admin/em-andamento/2o-processo-seletivo-de-estagiario-da-procuradoria-da-reublica-em-mato-grosso-do-sul-de-2025
Document;http://svlp-plnptapp01.pgr.mpf.mp.br:8401/portal/ms/estagie-conosco/home-admin/inscricoes-abertas/nao-ha;https://www-cdn.mpf.mp.br/o-mpf/unidades/pr-ms/estagio/home-admin/inscricoes-abertas/nao-ha
File;http://svlp-plnptapp01.pgr.mpf.mp.br:8401/portal/ms/estagie-conosco/horario-e-local-de-prova-discursiva;https://www-cdn.mpf.mp.br/o-mpf/unidades/pr-ms/estagio/horario-e-local-de-prova-discursiva
File;http://svlp-plnptapp01.pgr.mpf.mp.br:8401/portal/ms/estagie-conosco/insc-conf-ps2-prms-dir;https://www-cdn.mpf.mp.br/o-mpf/unidades/pr-ms/estagio/insc-conf-ps2-prms-dir
File;http://svlp-plnptapp01.pgr.mpf.mp.br:8401/portal/ms/estagie-conosco/insc-conf-ps2-prms-em;https://www-cdn.mpf.mp.br/o-mpf/unidades/pr-ms/estagio/insc-conf-ps2-prms-em
File;http://svlp-plnptapp01.pgr.mpf.mp.br:8401/portal/ms/estagie-conosco/insc-def-ps2-prm-tls;https://www-cdn.mpf.mp.br/o-mpf/unidades/pr-ms/estagio/insc-def-ps2-prm-tls
File;http://svlp-plnptapp01.pgr.mpf.mp.br:8401/portal/ms/estagie-conosco/insc-def-ps2-prms;https://www-cdn.mpf.mp.br/o-mpf/unidades/pr-ms/estagio/insc-def-ps2-prms
File;http://svlp-plnptapp01.pgr.mpf.mp.br:8401/portal/ms/estagie-conosco/insc-def-ps2-prms-1;https://www-cdn.mpf.mp.br/o-mpf/unidades/pr-ms/estagio/insc-def-ps2-prms-1
File;http://svlp-plnptapp01.pgr.mpf.mp.br:8401/portal/ms/estagie-conosco/nf-pobj-tls-2025;https://www-cdn.mpf.mp.br/o-mpf/unidades/pr-ms/estagio/nf-pobj-tls-2025
File;http://svlp-plnptapp01.pgr.mpf.mp.br:8401/portal/ms/estagie-conosco/nota-def-cra-ps1-1;https://www-cdn.mpf.mp.br/o-mpf/unidades/pr-ms/estagio/nota-def-cra-ps1-1
File;http://svlp-plnptapp01.pgr.mpf.mp.br:8401/portal/ms/estagie-conosco/nota-def-drs-ps1;https://www-cdn.mpf.mp.br/o-mpf/unidades/pr-ms/estagio/nota-def-drs-ps1
File;http://svlp-plnptapp01.pgr.mpf.mp.br:8401/portal/ms/estagie-conosco/nota-def-jor-ps1-2;https://www-cdn.mpf.mp.br/o-mpf/unidades/pr-ms/estagio/nota-def-jor-ps1-2
File;http://svlp-plnptapp01.pgr.mpf.mp.br:8401/portal/ms/estagie-conosco/nota-def-jor-ps1-3;https://www-cdn.mpf.mp.br/o-mpf/unidades/pr-ms/estagio/nota-def-jor-ps1-3
File;http://svlp-plnptapp01.pgr.mpf.mp.br:8401/portal/ms/estagie-conosco/nota-def-tls-ps1-1;https://www-cdn.mpf.mp.br/o-mpf/unidades/pr-ms/estagio/nota-def-tls-ps1-1
File;http://svlp-plnptapp01.pgr.mpf.mp.br:8401/portal/ms/estagie-conosco/nota-definitiva-da-prova-discursiva;https://www-cdn.mpf.mp.br/o-mpf/unidades/pr-ms/estagio/nota-definitiva-da-prova-discursiva
File;http://svlp-plnptapp01.pgr.mpf.mp.br:8401/portal/ms/estagie-conosco/nota-obj-prelim-prm-cra;https://www-cdn.mpf.mp.br/o-mpf/unidades/pr-ms/estagio/nota-obj-prelim-prm-cra
File;http://svlp-plnptapp01.pgr.mpf.mp.br:8401/portal/ms/estagie-conosco/nota-obj-prelim-prm-drs;https://www-cdn.mpf.mp.br/o-mpf/unidades/pr-ms/estagio/nota-obj-prelim-prm-drs
File;http://svlp-plnptapp01.pgr.mpf.mp.br:8401/portal/ms/estagie-conosco/nota-po-cra-2025;https://www-cdn.mpf.mp.br/o-mpf/unidades/pr-ms/estagio/nota-po-cra-2025
File;http://svlp-plnptapp01.pgr.mpf.mp.br:8401/portal/ms/estagie-conosco/nota-po-drs-2025;https://www-cdn.mpf.mp.br/o-mpf/unidades/pr-ms/estagio/nota-po-drs-2025
File;http://svlp-plnptapp01.pgr.mpf.mp.br:8401/portal/ms/estagie-conosco/nota-po-prms-2025;https://www-cdn.mpf.mp.br/o-mpf/unidades/pr-ms/estagio/nota-po-prms-2025
File;http://svlp-plnptapp01.pgr.mpf.mp.br:8401/portal/ms/estagie-conosco/nota-po-prms-2025-2;https://www-cdn.mpf.mp.br/o-mpf/unidades/pr-ms/estagio/nota-po-prms-2025-2
File;http://svlp-plnptapp01.pgr.mpf.mp.br:8401/portal/ms/estagie-conosco/nota-po-tls-2025;https://www-cdn.mpf.mp.br/o-mpf/unidades/pr-ms/estagio/nota-po-tls-2025
File;http://svlp-plnptapp01.pgr.mpf.mp.br:8401/portal/ms/estagie-conosco/nota-preliminar-da-prova-objetiva-do-em-1;https://www-cdn.mpf.mp.br/o-mpf/unidades/pr-ms/estagio/nota-preliminar-da-prova-objetiva-do-em-1
File;http://svlp-plnptapp01.pgr.mpf.mp.br:8401/portal/ms/estagie-conosco/nota-preliminar-na-prova-subjetiva-e-prazo-para-recurso-1;https://www-cdn.mpf.mp.br/o-mpf/unidades/pr-ms/estagio/nota-preliminar-na-prova-subjetiva-e-prazo-para-recurso-1
File;http://svlp-plnptapp01.pgr.mpf.mp.br:8401/portal/ms/estagie-conosco/nota-subj-definitiva-ps1;https://www-cdn.mpf.mp.br/o-mpf/unidades/pr-ms/estagio/nota-subj-definitiva-ps1
File;http://svlp-plnptapp01.pgr.mpf.mp.br:8401/portal/ms/estagie-conosco/nota-subj-drs;https://www-cdn.mpf.mp.br/o-mpf/unidades/pr-ms/estagio/nota-subj-drs
File;http://svlp-plnptapp01.pgr.mpf.mp.br:8401/portal/ms/estagie-conosco/nota-subj-prel-cra;https://www-cdn.mpf.mp.br/o-mpf/unidades/pr-ms/estagio/nota-subj-prel-cra
File;http://svlp-plnptapp01.pgr.mpf.mp.br:8401/portal/ms/estagie-conosco/nota-subj-prel-drs;https://www-cdn.mpf.mp.br/o-mpf/unidades/pr-ms/estagio/nota-subj-prel-drs
File;http://svlp-plnptapp01.pgr.mpf.mp.br:8401/portal/ms/estagie-conosco/nota-subj-prel-tls;https://www-cdn.mpf.mp.br/o-mpf/unidades/pr-ms/estagio/nota-subj-prel-tls
File;http://svlp-plnptapp01.pgr.mpf.mp.br:8401/portal/ms/estagie-conosco/nota-subj-tls;https://www-cdn.mpf.mp.br/o-mpf/unidades/pr-ms/estagio/nota-subj-tls
File;http://svlp-plnptapp01.pgr.mpf.mp.br:8401/portal/ms/estagie-conosco/nota-subjetiva-prms;https://www-cdn.mpf.mp.br/o-mpf/unidades/pr-ms/estagio/nota-subjetiva-prms
File;http://svlp-plnptapp01.pgr.mpf.mp.br:8401/portal/ms/estagie-conosco/nota-sujb-prel-prms;https://www-cdn.mpf.mp.br/o-mpf/unidades/pr-ms/estagio/nota-sujb-prel-prms
File;http://svlp-plnptapp01.pgr.mpf.mp.br:8401/portal/ms/estagie-conosco/orientacoes;https://www-cdn.mpf.mp.br/o-mpf/unidades/pr-ms/estagio/orientacoes
File;http://svlp-plnptapp01.pgr.mpf.mp.br:8401/portal/ms/estagie-conosco/orientacoes-heteroidentifiacao;https://www-cdn.mpf.mp.br/o-mpf/unidades/pr-ms/estagio/orientacoes-heteroidentifiacao
Folder;http://svlp-plnptapp01.pgr.mpf.mp.br:8401/portal/ms/estagie-conosco/processo-seletivo-2016;https://www-cdn.mpf.mp.br/o-mpf/unidades/pr-ms/estagio/processo-seletivo-2016
File;http://svlp-plnptapp01.pgr.mpf.mp.br:8401/portal/ms/estagie-conosco/processo-seletivo-2016/edital-2016;https://www-cdn.mpf.mp.br/o-mpf/unidades/pr-ms/estagio/processo-seletivo-2016/edital-2016
File;http://svlp-plnptapp01.pgr.mpf.mp.br:8401/portal/ms/estagie-conosco/processo-seletivo-2016/gabarito-preliminar-direito;https://www-cdn.mpf.mp.br/o-mpf/unidades/pr-ms/estagio/processo-seletivo-2016/gabarito-preliminar-direito
Document;http://svlp-plnptapp01.pgr.mpf.mp.br:8401/portal/ms/estagie-conosco/processo-seletivo-2016/processo-seletivo-2016;https://www-cdn.mpf.mp.br/o-mpf/unidades/pr-ms/estagio/processo-seletivo-2016/processo-seletivo-2016
File;http://svlp-plnptapp01.pgr.mpf.mp.br:8401/portal/ms/estagie-conosco/processo-seletivo-2016/prova-de-direito;https://www-cdn.mpf.mp.br/o-mpf/unidades/pr-ms/estagio/processo-seletivo-2016/prova-de-direito
File;http://svlp-plnptapp01.pgr.mpf.mp.br:8401/portal/ms/estagie-conosco/processo-seletivo-2016/prova-dissertativa;https://www-cdn.mpf.mp.br/o-mpf/unidades/pr-ms/estagio/processo-seletivo-2016/prova-dissertativa
Folder;http://svlp-plnptapp01.pgr.mpf.mp.br:8401/portal/ms/estagie-conosco/processo-seletivo-2017;https://www-cdn.mpf.mp.br/o-mpf/unidades/pr-ms/estagio/processo-seletivo-2017
Document;http://svlp-plnptapp01.pgr.mpf.mp.br:8401/portal/ms/estagie-conosco/processo-seletivo-2017/processo-seletivo-2017;https://www-cdn.mpf.mp.br/o-mpf/unidades/pr-ms/estagio/processo-seletivo-2017/processo-seletivo-2017
File;http://svlp-plnptapp01.pgr.mpf.mp.br:8401/portal/ms/estagie-conosco/processo-seletivo-2017/prova-de-direito;https://www-cdn.mpf.mp.br/o-mpf/unidades/pr-ms/estagio/processo-seletivo-2017/prova-de-direito
Folder;http://svlp-plnptapp01.pgr.mpf.mp.br:8401/portal/ms/estagie-conosco/processo-seletivo-2018;https://www-cdn.mpf.mp.br/o-mpf/unidades/pr-ms/estagio/processo-seletivo-2018
Document;http://svlp-plnptapp01.pgr.mpf.mp.br:8401/portal/ms/estagie-conosco/processo-seletivo-2018/processo-seletivo-2018;https://www-cdn.mpf.mp.br/o-mpf/unidades/pr-ms/estagio/processo-seletivo-2018/processo-seletivo-2018
File;http://svlp-plnptapp01.pgr.mpf.mp.br:8401/portal/ms/estagie-conosco/processo-seletivo-2018/prova-de-direito;https://www-cdn.mpf.mp.br/o-mpf/unidades/pr-ms/estagio/processo-seletivo-2018/prova-de-direito
File;http://svlp-plnptapp01.pgr.mpf.mp.br:8401/portal/ms/estagie-conosco/processo-seletivo-2018/prova-subjetiva;https://www-cdn.mpf.mp.br/o-mpf/unidades/pr-ms/estagio/processo-seletivo-2018/prova-subjetiva
Folder;http://svlp-plnptapp01.pgr.mpf.mp.br:8401/portal/ms/estagie-conosco/processo-seletivo-2019;https://www-cdn.mpf.mp.br/o-mpf/unidades/pr-ms/estagio/processo-seletivo-2019
File;http://svlp-plnptapp01.pgr.mpf.mp.br:8401/portal/ms/estagie-conosco/processo-seletivo-2019/classificacao-preliminar-campo-grande;https://www-cdn.mpf.mp.br/o-mpf/unidades/pr-ms/estagio/processo-seletivo-2019/classificacao-preliminar-campo-grande
File;http://svlp-plnptapp01.pgr.mpf.mp.br:8401/portal/ms/estagie-conosco/processo-seletivo-2019/classificacao-preliminar-corumba;https://www-cdn.mpf.mp.br/o-mpf/unidades/pr-ms/estagio/processo-seletivo-2019/classificacao-preliminar-corumba
File;http://svlp-plnptapp01.pgr.mpf.mp.br:8401/portal/ms/estagie-conosco/processo-seletivo-2019/classificacao-preliminar-dourados;https://www-cdn.mpf.mp.br/o-mpf/unidades/pr-ms/estagio/processo-seletivo-2019/classificacao-preliminar-dourados
File;http://svlp-plnptapp01.pgr.mpf.mp.br:8401/portal/ms/estagie-conosco/processo-seletivo-2019/classificacao-preliminar-informatica;https://www-cdn.mpf.mp.br/o-mpf/unidades/pr-ms/estagio/processo-seletivo-2019/classificacao-preliminar-informatica
File;http://svlp-plnptapp01.pgr.mpf.mp.br:8401/portal/ms/estagie-conosco/processo-seletivo-2019/classificacao-preliminar-informatica-1;https://www-cdn.mpf.mp.br/o-mpf/unidades/pr-ms/estagio/processo-seletivo-2019/classificacao-preliminar-informatica-1
File;http://svlp-plnptapp01.pgr.mpf.mp.br:8401/portal/ms/estagie-conosco/processo-seletivo-2019/classificacao-preliminar-jornalismo;https://www-cdn.mpf.mp.br/o-mpf/unidades/pr-ms/estagio/processo-seletivo-2019/classificacao-preliminar-jornalismo
File;http://svlp-plnptapp01.pgr.mpf.mp.br:8401/portal/ms/estagie-conosco/processo-seletivo-2019/classificacao-preliminar-jornalismo-1;https://www-cdn.mpf.mp.br/o-mpf/unidades/pr-ms/estagio/processo-seletivo-2019/classificacao-preliminar-jornalismo-1
File;http://svlp-plnptapp01.pgr.mpf.mp.br:8401/portal/ms/estagie-conosco/processo-seletivo-2019/classificacao-preliminar-navirai;https://www-cdn.mpf.mp.br/o-mpf/unidades/pr-ms/estagio/processo-seletivo-2019/classificacao-preliminar-navirai
File;http://svlp-plnptapp01.pgr.mpf.mp.br:8401/portal/ms/estagie-conosco/processo-seletivo-2019/classificacao-preliminar-ponta-pora;https://www-cdn.mpf.mp.br/o-mpf/unidades/pr-ms/estagio/processo-seletivo-2019/classificacao-preliminar-ponta-pora
File;http://svlp-plnptapp01.pgr.mpf.mp.br:8401/portal/ms/estagie-conosco/processo-seletivo-2019/classificacao-preliminar-tres-lagoas;https://www-cdn.mpf.mp.br/o-mpf/unidades/pr-ms/estagio/processo-seletivo-2019/classificacao-preliminar-tres-lagoas
File;http://svlp-plnptapp01.pgr.mpf.mp.br:8401/portal/ms/estagie-conosco/processo-seletivo-2019/classificados-para-correcao-da-prova-dissertativa-direito;https://www-cdn.mpf.mp.br/o-mpf/unidades/pr-ms/estagio/processo-seletivo-2019/classificados-para-correcao-da-prova-dissertativa-direito
File;http://svlp-plnptapp01.pgr.mpf.mp.br:8401/portal/ms/estagie-conosco/processo-seletivo-2019/classificados-para-correcao-da-prova-dissertativa-informatica-1;https://www-cdn.mpf.mp.br/o-mpf/unidades/pr-ms/estagio/processo-seletivo-2019/classificados-para-correcao-da-prova-dissertativa-informatica-1
File;http://svlp-plnptapp01.pgr.mpf.mp.br:8401/portal/ms/estagie-conosco/processo-seletivo-2019/classificados-para-correcao-da-prova-dissertativa-jornalismo;https://www-cdn.mpf.mp.br/o-mpf/unidades/pr-ms/estagio/processo-seletivo-2019/classificados-para-correcao-da-prova-dissertativa-jornalismo
File;http://svlp-plnptapp01.pgr.mpf.mp.br:8401/portal/ms/estagie-conosco/processo-seletivo-2019/classificados-para-correcao-da-questao-subjetiva;https://www-cdn.mpf.mp.br/o-mpf/unidades/pr-ms/estagio/processo-seletivo-2019/classificados-para-correcao-da-questao-subjetiva
File;http://svlp-plnptapp01.pgr.mpf.mp.br:8401/portal/ms/estagie-conosco/processo-seletivo-2019/classificados-ps-navirai;https://www-cdn.mpf.mp.br/o-mpf/unidades/pr-ms/estagio/processo-seletivo-2019/classificados-ps-navirai
File;http://svlp-plnptapp01.pgr.mpf.mp.br:8401/portal/ms/estagie-conosco/processo-seletivo-2019/classificados-ps-tls;https://www-cdn.mpf.mp.br/o-mpf/unidades/pr-ms/estagio/processo-seletivo-2019/classificados-ps-tls
File;http://svlp-plnptapp01.pgr.mpf.mp.br:8401/portal/ms/estagie-conosco/processo-seletivo-2019/correcao-da-ps-nvi;https://www-cdn.mpf.mp.br/o-mpf/unidades/pr-ms/estagio/processo-seletivo-2019/correcao-da-ps-nvi
File;http://svlp-plnptapp01.pgr.mpf.mp.br:8401/portal/ms/estagie-conosco/processo-seletivo-2019/correcao-da-questao-subjetiva-corumba;https://www-cdn.mpf.mp.br/o-mpf/unidades/pr-ms/estagio/processo-seletivo-2019/correcao-da-questao-subjetiva-corumba
File;http://svlp-plnptapp01.pgr.mpf.mp.br:8401/portal/ms/estagie-conosco/processo-seletivo-2019/correcao-da-questao-subjetiva-corumba-1;https://www-cdn.mpf.mp.br/o-mpf/unidades/pr-ms/estagio/processo-seletivo-2019/correcao-da-questao-subjetiva-corumba-1
File;http://svlp-plnptapp01.pgr.mpf.mp.br:8401/portal/ms/estagie-conosco/processo-seletivo-2019/correcao-questao-subjetiva-dourados;https://www-cdn.mpf.mp.br/o-mpf/unidades/pr-ms/estagio/processo-seletivo-2019/correcao-questao-subjetiva-dourados
File;http://svlp-plnptapp01.pgr.mpf.mp.br:8401/portal/ms/estagie-conosco/processo-seletivo-2019/correcao-questao-subjetiva-navirai;https://www-cdn.mpf.mp.br/o-mpf/unidades/pr-ms/estagio/processo-seletivo-2019/correcao-questao-subjetiva-navirai
File;http://svlp-plnptapp01.pgr.mpf.mp.br:8401/portal/ms/estagie-conosco/processo-seletivo-2019/correcao-questao-subjetiva-ponta-pora;https://www-cdn.mpf.mp.br/o-mpf/unidades/pr-ms/estagio/processo-seletivo-2019/correcao-questao-subjetiva-ponta-pora
File;http://svlp-plnptapp01.pgr.mpf.mp.br:8401/portal/ms/estagie-conosco/processo-seletivo-2019/correcao-questao-subjetiva-tres-lagoas;https://www-cdn.mpf.mp.br/o-mpf/unidades/pr-ms/estagio/processo-seletivo-2019/correcao-questao-subjetiva-tres-lagoas
File;http://svlp-plnptapp01.pgr.mpf.mp.br:8401/portal/ms/estagie-conosco/processo-seletivo-2019/gabarito-definitivo-administracao;https://www-cdn.mpf.mp.br/o-mpf/unidades/pr-ms/estagio/processo-seletivo-2019/gabarito-definitivo-administracao
File;http://svlp-plnptapp01.pgr.mpf.mp.br:8401/portal/ms/estagie-conosco/processo-seletivo-2019/gabarito-definitivo-comunicacao-social-jornalismo;https://www-cdn.mpf.mp.br/o-mpf/unidades/pr-ms/estagio/processo-seletivo-2019/gabarito-definitivo-comunicacao-social-jornalismo
File;http://svlp-plnptapp01.pgr.mpf.mp.br:8401/portal/ms/estagie-conosco/processo-seletivo-2019/gabarito-definitivo-direito;https://www-cdn.mpf.mp.br/o-mpf/unidades/pr-ms/estagio/processo-seletivo-2019/gabarito-definitivo-direito
File;http://svlp-plnptapp01.pgr.mpf.mp.br:8401/portal/ms/estagie-conosco/processo-seletivo-2019/gabarito-definitivo-engenharia-civil;https://www-cdn.mpf.mp.br/o-mpf/unidades/pr-ms/estagio/processo-seletivo-2019/gabarito-definitivo-engenharia-civil
File;http://svlp-plnptapp01.pgr.mpf.mp.br:8401/portal/ms/estagie-conosco/processo-seletivo-2019/gabarito-definitivo-ensino-medio;https://www-cdn.mpf.mp.br/o-mpf/unidades/pr-ms/estagio/processo-seletivo-2019/gabarito-definitivo-ensino-medio
File;http://svlp-plnptapp01.pgr.mpf.mp.br:8401/portal/ms/estagie-conosco/processo-seletivo-2019/gabarito-definitivo-informatica;https://www-cdn.mpf.mp.br/o-mpf/unidades/pr-ms/estagio/processo-seletivo-2019/gabarito-definitivo-informatica
File;http://svlp-plnptapp01.pgr.mpf.mp.br:8401/portal/ms/estagie-conosco/processo-seletivo-2019/gabarito-preliminar-administracao;https://www-cdn.mpf.mp.br/o-mpf/unidades/pr-ms/estagio/processo-seletivo-2019/gabarito-preliminar-administracao
File;http://svlp-plnptapp01.pgr.mpf.mp.br:8401/portal/ms/estagie-conosco/processo-seletivo-2019/gabarito-preliminar-direito;https://www-cdn.mpf.mp.br/o-mpf/unidades/pr-ms/estagio/processo-seletivo-2019/gabarito-preliminar-direito
File;http://svlp-plnptapp01.pgr.mpf.mp.br:8401/portal/ms/estagie-conosco/processo-seletivo-2019/gabarito-preliminar-engenharia-civil;https://www-cdn.mpf.mp.br/o-mpf/unidades/pr-ms/estagio/processo-seletivo-2019/gabarito-preliminar-engenharia-civil
File;http://svlp-plnptapp01.pgr.mpf.mp.br:8401/portal/ms/estagie-conosco/processo-seletivo-2019/gabarito-preliminar-ensino-medio;https://www-cdn.mpf.mp.br/o-mpf/unidades/pr-ms/estagio/processo-seletivo-2019/gabarito-preliminar-ensino-medio
File;http://svlp-plnptapp01.pgr.mpf.mp.br:8401/portal/ms/estagie-conosco/processo-seletivo-2019/gabarito-preliminar-informatica;https://www-cdn.mpf.mp.br/o-mpf/unidades/pr-ms/estagio/processo-seletivo-2019/gabarito-preliminar-informatica
File;http://svlp-plnptapp01.pgr.mpf.mp.br:8401/portal/ms/estagie-conosco/processo-seletivo-2019/gabarito-preliminar-jornalismo;https://www-cdn.mpf.mp.br/o-mpf/unidades/pr-ms/estagio/processo-seletivo-2019/gabarito-preliminar-jornalismo
Document;http://svlp-plnptapp01.pgr.mpf.mp.br:8401/portal/ms/estagie-conosco/processo-seletivo-2019/processo-seletivo-2019;https://www-cdn.mpf.mp.br/o-mpf/unidades/pr-ms/estagio/processo-seletivo-2019/processo-seletivo-2019
File;http://svlp-plnptapp01.pgr.mpf.mp.br:8401/portal/ms/estagie-conosco/processo-seletivo-2019/resultado-final-administracao;https://www-cdn.mpf.mp.br/o-mpf/unidades/pr-ms/estagio/processo-seletivo-2019/resultado-final-administracao
File;http://svlp-plnptapp01.pgr.mpf.mp.br:8401/portal/ms/estagie-conosco/processo-seletivo-2019/resultado-final-engenharia-civil;https://www-cdn.mpf.mp.br/o-mpf/unidades/pr-ms/estagio/processo-seletivo-2019/resultado-final-engenharia-civil
File;http://svlp-plnptapp01.pgr.mpf.mp.br:8401/portal/ms/estagie-conosco/processo-seletivo-2019/resultado-final-ensino-medio;https://www-cdn.mpf.mp.br/o-mpf/unidades/pr-ms/estagio/processo-seletivo-2019/resultado-final-ensino-medio
File;http://svlp-plnptapp01.pgr.mpf.mp.br:8401/portal/ms/estagie-conosco/processo-seletivo-2019/resultado-final-informatica;https://www-cdn.mpf.mp.br/o-mpf/unidades/pr-ms/estagio/processo-seletivo-2019/resultado-final-informatica
File;http://svlp-plnptapp01.pgr.mpf.mp.br:8401/portal/ms/estagie-conosco/processo-seletivo-2019/resultado-final-jornalismo;https://www-cdn.mpf.mp.br/o-mpf/unidades/pr-ms/estagio/processo-seletivo-2019/resultado-final-jornalismo
File;http://svlp-plnptapp01.pgr.mpf.mp.br:8401/portal/ms/estagie-conosco/processo-seletivo-2019/rf-cg;https://www-cdn.mpf.mp.br/o-mpf/unidades/pr-ms/estagio/processo-seletivo-2019/rf-cg
File;http://svlp-plnptapp01.pgr.mpf.mp.br:8401/portal/ms/estagie-conosco/processo-seletivo-2019/rf-crb;https://www-cdn.mpf.mp.br/o-mpf/unidades/pr-ms/estagio/processo-seletivo-2019/rf-crb
File;http://svlp-plnptapp01.pgr.mpf.mp.br:8401/portal/ms/estagie-conosco/processo-seletivo-2019/rf-drs;https://www-cdn.mpf.mp.br/o-mpf/unidades/pr-ms/estagio/processo-seletivo-2019/rf-drs
File;http://svlp-plnptapp01.pgr.mpf.mp.br:8401/portal/ms/estagie-conosco/processo-seletivo-2019/rf-nvi;https://www-cdn.mpf.mp.br/o-mpf/unidades/pr-ms/estagio/processo-seletivo-2019/rf-nvi
File;http://svlp-plnptapp01.pgr.mpf.mp.br:8401/portal/ms/estagie-conosco/processo-seletivo-2019/rf-ppa;https://www-cdn.mpf.mp.br/o-mpf/unidades/pr-ms/estagio/processo-seletivo-2019/rf-ppa
File;http://svlp-plnptapp01.pgr.mpf.mp.br:8401/portal/ms/estagie-conosco/processo-seletivo-2019/rf-tls;https://www-cdn.mpf.mp.br/o-mpf/unidades/pr-ms/estagio/processo-seletivo-2019/rf-tls
Folder;http://svlp-plnptapp01.pgr.mpf.mp.br:8401/portal/ms/estagie-conosco/processo-seletivo-2021;https://www-cdn.mpf.mp.br/o-mpf/unidades/pr-ms/estagio/processo-seletivo-2021
File;http://svlp-plnptapp01.pgr.mpf.mp.br:8401/portal/ms/estagie-conosco/processo-seletivo-2021/anexo-vi-recurso;https://www-cdn.mpf.mp.br/o-mpf/unidades/pr-ms/estagio/processo-seletivo-2021/anexo-vi-recurso
File;http://svlp-plnptapp01.pgr.mpf.mp.br:8401/portal/ms/estagie-conosco/processo-seletivo-2021/confirmados-cg;https://www-cdn.mpf.mp.br/o-mpf/unidades/pr-ms/estagio/processo-seletivo-2021/confirmados-cg
File;http://svlp-plnptapp01.pgr.mpf.mp.br:8401/portal/ms/estagie-conosco/processo-seletivo-2021/confirmados-crb;https://www-cdn.mpf.mp.br/o-mpf/unidades/pr-ms/estagio/processo-seletivo-2021/confirmados-crb
File;http://svlp-plnptapp01.pgr.mpf.mp.br:8401/portal/ms/estagie-conosco/processo-seletivo-2021/confirmados-drs;https://www-cdn.mpf.mp.br/o-mpf/unidades/pr-ms/estagio/processo-seletivo-2021/confirmados-drs
File;http://svlp-plnptapp01.pgr.mpf.mp.br:8401/portal/ms/estagie-conosco/processo-seletivo-2021/confirmados-tls;https://www-cdn.mpf.mp.br/o-mpf/unidades/pr-ms/estagio/processo-seletivo-2021/confirmados-tls
File;http://svlp-plnptapp01.pgr.mpf.mp.br:8401/portal/ms/estagie-conosco/processo-seletivo-2021/crb-classificados;https://www-cdn.mpf.mp.br/o-mpf/unidades/pr-ms/estagio/processo-seletivo-2021/crb-classificados
File;http://svlp-plnptapp01.pgr.mpf.mp.br:8401/portal/ms/estagie-conosco/processo-seletivo-2021/crb-final;https://www-cdn.mpf.mp.br/o-mpf/unidades/pr-ms/estagio/processo-seletivo-2021/crb-final
File;http://svlp-plnptapp01.pgr.mpf.mp.br:8401/portal/ms/estagie-conosco/processo-seletivo-2021/drs-classificados;https://www-cdn.mpf.mp.br/o-mpf/unidades/pr-ms/estagio/processo-seletivo-2021/drs-classificados
File;http://svlp-plnptapp01.pgr.mpf.mp.br:8401/portal/ms/estagie-conosco/processo-seletivo-2021/drs-final;https://www-cdn.mpf.mp.br/o-mpf/unidades/pr-ms/estagio/processo-seletivo-2021/drs-final
File;http://svlp-plnptapp01.pgr.mpf.mp.br:8401/portal/ms/estagie-conosco/processo-seletivo-2021/edital-2021;https://www-cdn.mpf.mp.br/o-mpf/unidades/pr-ms/estagio/processo-seletivo-2021/edital-2021
File;http://svlp-plnptapp01.pgr.mpf.mp.br:8401/portal/ms/estagie-conosco/processo-seletivo-2021/edital-de-convocacao-de-heteroidentificacao;https://www-cdn.mpf.mp.br/o-mpf/unidades/pr-ms/estagio/processo-seletivo-2021/edital-de-convocacao-de-heteroidentificacao
File;http://svlp-plnptapp01.pgr.mpf.mp.br:8401/portal/ms/estagie-conosco/processo-seletivo-2021/navirai-1;https://www-cdn.mpf.mp.br/o-mpf/unidades/pr-ms/estagio/processo-seletivo-2021/navirai-1
File;http://svlp-plnptapp01.pgr.mpf.mp.br:8401/portal/ms/estagie-conosco/processo-seletivo-2021/nota-da-pd-prms;https://www-cdn.mpf.mp.br/o-mpf/unidades/pr-ms/estagio/processo-seletivo-2021/nota-da-pd-prms
File;http://svlp-plnptapp01.pgr.mpf.mp.br:8401/portal/ms/estagie-conosco/processo-seletivo-2021/nota-pd-prm-crb;https://www-cdn.mpf.mp.br/o-mpf/unidades/pr-ms/estagio/processo-seletivo-2021/nota-pd-prm-crb
File;http://svlp-plnptapp01.pgr.mpf.mp.br:8401/portal/ms/estagie-conosco/processo-seletivo-2021/nota-pd-prm-drs;https://www-cdn.mpf.mp.br/o-mpf/unidades/pr-ms/estagio/processo-seletivo-2021/nota-pd-prm-drs
File;http://svlp-plnptapp01.pgr.mpf.mp.br:8401/portal/ms/estagie-conosco/processo-seletivo-2021/nota-pd-prm-nvi;https://www-cdn.mpf.mp.br/o-mpf/unidades/pr-ms/estagio/processo-seletivo-2021/nota-pd-prm-nvi
File;http://svlp-plnptapp01.pgr.mpf.mp.br:8401/portal/ms/estagie-conosco/processo-seletivo-2021/nota-pd-prm-tls;https://www-cdn.mpf.mp.br/o-mpf/unidades/pr-ms/estagio/processo-seletivo-2021/nota-pd-prm-tls
File;http://svlp-plnptapp01.pgr.mpf.mp.br:8401/portal/ms/estagie-conosco/processo-seletivo-2021/nvi-classificados;https://www-cdn.mpf.mp.br/o-mpf/unidades/pr-ms/estagio/processo-seletivo-2021/nvi-classificados
File;http://svlp-plnptapp01.pgr.mpf.mp.br:8401/portal/ms/estagie-conosco/processo-seletivo-2021/nvi-final;https://www-cdn.mpf.mp.br/o-mpf/unidades/pr-ms/estagio/processo-seletivo-2021/nvi-final
File;http://svlp-plnptapp01.pgr.mpf.mp.br:8401/portal/ms/estagie-conosco/processo-seletivo-2021/orientacoes-aos-candidatos;https://www-cdn.mpf.mp.br/o-mpf/unidades/pr-ms/estagio/processo-seletivo-2021/orientacoes-aos-candidatos
File;http://svlp-plnptapp01.pgr.mpf.mp.br:8401/portal/ms/estagie-conosco/processo-seletivo-2021/orientacoes-para-recurso;https://www-cdn.mpf.mp.br/o-mpf/unidades/pr-ms/estagio/processo-seletivo-2021/orientacoes-para-recurso
File;http://svlp-plnptapp01.pgr.mpf.mp.br:8401/portal/ms/estagie-conosco/processo-seletivo-2021/orientacoes-para-recurso-1;https://www-cdn.mpf.mp.br/o-mpf/unidades/pr-ms/estagio/processo-seletivo-2021/orientacoes-para-recurso-1
File;http://svlp-plnptapp01.pgr.mpf.mp.br:8401/portal/ms/estagie-conosco/processo-seletivo-2021/orientacoes-recurso;https://www-cdn.mpf.mp.br/o-mpf/unidades/pr-ms/estagio/processo-seletivo-2021/orientacoes-recurso
File;http://svlp-plnptapp01.pgr.mpf.mp.br:8401/portal/ms/estagie-conosco/processo-seletivo-2021/prms-classificados;https://www-cdn.mpf.mp.br/o-mpf/unidades/pr-ms/estagio/processo-seletivo-2021/prms-classificados
File;http://svlp-plnptapp01.pgr.mpf.mp.br:8401/portal/ms/estagie-conosco/processo-seletivo-2021/prms-final-1;https://www-cdn.mpf.mp.br/o-mpf/unidades/pr-ms/estagio/processo-seletivo-2021/prms-final-1
File;http://svlp-plnptapp01.pgr.mpf.mp.br:8401/portal/ms/estagie-conosco/processo-seletivo-2021/prms-final-2;https://www-cdn.mpf.mp.br/o-mpf/unidades/pr-ms/estagio/processo-seletivo-2021/prms-final-2
Document;http://svlp-plnptapp01.pgr.mpf.mp.br:8401/portal/ms/estagie-conosco/processo-seletivo-2021/processo-seletivo-2021;https://www-cdn.mpf.mp.br/o-mpf/unidades/pr-ms/estagio/processo-seletivo-2021/processo-seletivo-2021
Folder;http://svlp-plnptapp01.pgr.mpf.mp.br:8401/portal/ms/estagie-conosco/processo-seletivo-2021/processo-seletivo-2022;https://www-cdn.mpf.mp.br/o-mpf/unidades/pr-ms/estagio/processo-seletivo-2021/processo-seletivo-2022
Document;http://svlp-plnptapp01.pgr.mpf.mp.br:8401/portal/ms/estagie-conosco/processo-seletivo-2021/processo-seletivo-2022/processo-seletivo-2022;https://www-cdn.mpf.mp.br/o-mpf/unidades/pr-ms/estagio/processo-seletivo-2021/processo-seletivo-2022/processo-seletivo-2022
File;http://svlp-plnptapp01.pgr.mpf.mp.br:8401/portal/ms/estagie-conosco/processo-seletivo-2021/resultado-heteroidentificacao;https://www-cdn.mpf.mp.br/o-mpf/unidades/pr-ms/estagio/processo-seletivo-2021/resultado-heteroidentificacao
File;http://svlp-plnptapp01.pgr.mpf.mp.br:8401/portal/ms/estagie-conosco/processo-seletivo-2021/resultado-recurso;https://www-cdn.mpf.mp.br/o-mpf/unidades/pr-ms/estagio/processo-seletivo-2021/resultado-recurso
File;http://svlp-plnptapp01.pgr.mpf.mp.br:8401/portal/ms/estagie-conosco/processo-seletivo-2021/tls-classificados;https://www-cdn.mpf.mp.br/o-mpf/unidades/pr-ms/estagio/processo-seletivo-2021/tls-classificados
File;http://svlp-plnptapp01.pgr.mpf.mp.br:8401/portal/ms/estagie-conosco/processo-seletivo-2021/tls-final;https://www-cdn.mpf.mp.br/o-mpf/unidades/pr-ms/estagio/processo-seletivo-2021/tls-final
Folder;http://svlp-plnptapp01.pgr.mpf.mp.br:8401/portal/ms/estagie-conosco/processo-seletivo-2022;https://www-cdn.mpf.mp.br/o-mpf/unidades/pr-ms/estagio/processo-seletivo-2022
File;http://svlp-plnptapp01.pgr.mpf.mp.br:8401/portal/ms/estagie-conosco/processo-seletivo-2022/classif-correcao-ps-cra;https://www-cdn.mpf.mp.br/o-mpf/unidades/pr-ms/estagio/processo-seletivo-2022/classif-correcao-ps-cra
File;http://svlp-plnptapp01.pgr.mpf.mp.br:8401/portal/ms/estagie-conosco/processo-seletivo-2022/classif-correcao-ps-tls;https://www-cdn.mpf.mp.br/o-mpf/unidades/pr-ms/estagio/processo-seletivo-2022/classif-correcao-ps-tls
File;http://svlp-plnptapp01.pgr.mpf.mp.br:8401/portal/ms/estagie-conosco/processo-seletivo-2022/classif-para-correcao-da-ps-drs;https://www-cdn.mpf.mp.br/o-mpf/unidades/pr-ms/estagio/processo-seletivo-2022/classif-para-correcao-da-ps-drs
File;http://svlp-plnptapp01.pgr.mpf.mp.br:8401/portal/ms/estagie-conosco/processo-seletivo-2022/classif-ps-direito;https://www-cdn.mpf.mp.br/o-mpf/unidades/pr-ms/estagio/processo-seletivo-2022/classif-ps-direito
File;http://svlp-plnptapp01.pgr.mpf.mp.br:8401/portal/ms/estagie-conosco/processo-seletivo-2022/edital-2022;https://www-cdn.mpf.mp.br/o-mpf/unidades/pr-ms/estagio/processo-seletivo-2022/edital-2022
File;http://svlp-plnptapp01.pgr.mpf.mp.br:8401/portal/ms/estagie-conosco/processo-seletivo-2022/edital-2022-1;https://www-cdn.mpf.mp.br/o-mpf/unidades/pr-ms/estagio/processo-seletivo-2022/edital-2022-1
File;http://svlp-plnptapp01.pgr.mpf.mp.br:8401/portal/ms/estagie-conosco/processo-seletivo-2022/edital-de-convocacao-heteroidentificacao;https://www-cdn.mpf.mp.br/o-mpf/unidades/pr-ms/estagio/processo-seletivo-2022/edital-de-convocacao-heteroidentificacao
File;http://svlp-plnptapp01.pgr.mpf.mp.br:8401/portal/ms/estagie-conosco/processo-seletivo-2022/formulario-de-recurso;https://www-cdn.mpf.mp.br/o-mpf/unidades/pr-ms/estagio/processo-seletivo-2022/formulario-de-recurso
File;http://svlp-plnptapp01.pgr.mpf.mp.br:8401/portal/ms/estagie-conosco/processo-seletivo-2022/gab-def-direito;https://www-cdn.mpf.mp.br/o-mpf/unidades/pr-ms/estagio/processo-seletivo-2022/gab-def-direito
File;http://svlp-plnptapp01.pgr.mpf.mp.br:8401/portal/ms/estagie-conosco/processo-seletivo-2022/gab-def-em;https://www-cdn.mpf.mp.br/o-mpf/unidades/pr-ms/estagio/processo-seletivo-2022/gab-def-em
File;http://svlp-plnptapp01.pgr.mpf.mp.br:8401/portal/ms/estagie-conosco/processo-seletivo-2022/gab-def-eng;https://www-cdn.mpf.mp.br/o-mpf/unidades/pr-ms/estagio/processo-seletivo-2022/gab-def-eng
File;http://svlp-plnptapp01.pgr.mpf.mp.br:8401/portal/ms/estagie-conosco/processo-seletivo-2022/gab-def-jor;https://www-cdn.mpf.mp.br/o-mpf/unidades/pr-ms/estagio/processo-seletivo-2022/gab-def-jor
File;http://svlp-plnptapp01.pgr.mpf.mp.br:8401/portal/ms/estagie-conosco/processo-seletivo-2022/gab-p-dir;https://www-cdn.mpf.mp.br/o-mpf/unidades/pr-ms/estagio/processo-seletivo-2022/gab-p-dir
File;http://svlp-plnptapp01.pgr.mpf.mp.br:8401/portal/ms/estagie-conosco/processo-seletivo-2022/gab-p-em;https://www-cdn.mpf.mp.br/o-mpf/unidades/pr-ms/estagio/processo-seletivo-2022/gab-p-em
File;http://svlp-plnptapp01.pgr.mpf.mp.br:8401/portal/ms/estagie-conosco/processo-seletivo-2022/gab-prel-direito;https://www-cdn.mpf.mp.br/o-mpf/unidades/pr-ms/estagio/processo-seletivo-2022/gab-prel-direito
File;http://svlp-plnptapp01.pgr.mpf.mp.br:8401/portal/ms/estagie-conosco/processo-seletivo-2022/gab-prel-eng-c;https://www-cdn.mpf.mp.br/o-mpf/unidades/pr-ms/estagio/processo-seletivo-2022/gab-prel-eng-c
File;http://svlp-plnptapp01.pgr.mpf.mp.br:8401/portal/ms/estagie-conosco/processo-seletivo-2022/gab-prel-jor;https://www-cdn.mpf.mp.br/o-mpf/unidades/pr-ms/estagio/processo-seletivo-2022/gab-prel-jor
File;http://svlp-plnptapp01.pgr.mpf.mp.br:8401/portal/ms/estagie-conosco/processo-seletivo-2022/ic-cg-direito;https://www-cdn.mpf.mp.br/o-mpf/unidades/pr-ms/estagio/processo-seletivo-2022/ic-cg-direito
File;http://svlp-plnptapp01.pgr.mpf.mp.br:8401/portal/ms/estagie-conosco/processo-seletivo-2022/ic-cg-direito-1;https://www-cdn.mpf.mp.br/o-mpf/unidades/pr-ms/estagio/processo-seletivo-2022/ic-cg-direito-1
File;http://svlp-plnptapp01.pgr.mpf.mp.br:8401/portal/ms/estagie-conosco/processo-seletivo-2022/ic-cg-em;https://www-cdn.mpf.mp.br/o-mpf/unidades/pr-ms/estagio/processo-seletivo-2022/ic-cg-em
File;http://svlp-plnptapp01.pgr.mpf.mp.br:8401/portal/ms/estagie-conosco/processo-seletivo-2022/ic-cg-eng;https://www-cdn.mpf.mp.br/o-mpf/unidades/pr-ms/estagio/processo-seletivo-2022/ic-cg-eng
File;http://svlp-plnptapp01.pgr.mpf.mp.br:8401/portal/ms/estagie-conosco/processo-seletivo-2022/ic-cg-jor;https://www-cdn.mpf.mp.br/o-mpf/unidades/pr-ms/estagio/processo-seletivo-2022/ic-cg-jor
File;http://svlp-plnptapp01.pgr.mpf.mp.br:8401/portal/ms/estagie-conosco/processo-seletivo-2022/ic-cra;https://www-cdn.mpf.mp.br/o-mpf/unidades/pr-ms/estagio/processo-seletivo-2022/ic-cra
File;http://svlp-plnptapp01.pgr.mpf.mp.br:8401/portal/ms/estagie-conosco/processo-seletivo-2022/ic-drs;https://www-cdn.mpf.mp.br/o-mpf/unidades/pr-ms/estagio/processo-seletivo-2022/ic-drs
File;http://svlp-plnptapp01.pgr.mpf.mp.br:8401/portal/ms/estagie-conosco/processo-seletivo-2022/ic-tls;https://www-cdn.mpf.mp.br/o-mpf/unidades/pr-ms/estagio/processo-seletivo-2022/ic-tls
File;http://svlp-plnptapp01.pgr.mpf.mp.br:8401/portal/ms/estagie-conosco/processo-seletivo-2022/ic-tls-1;https://www-cdn.mpf.mp.br/o-mpf/unidades/pr-ms/estagio/processo-seletivo-2022/ic-tls-1
File;http://svlp-plnptapp01.pgr.mpf.mp.br:8401/portal/ms/estagie-conosco/processo-seletivo-2022/lista-de-documentos;https://www-cdn.mpf.mp.br/o-mpf/unidades/pr-ms/estagio/processo-seletivo-2022/lista-de-documentos
Document;http://svlp-plnptapp01.pgr.mpf.mp.br:8401/portal/ms/estagie-conosco/processo-seletivo-2022/processo-seletivo-2022;https://www-cdn.mpf.mp.br/o-mpf/unidades/pr-ms/estagio/processo-seletivo-2022/processo-seletivo-2022
File;http://svlp-plnptapp01.pgr.mpf.mp.br:8401/portal/ms/estagie-conosco/processo-seletivo-2022/result-prelim-dourados;https://www-cdn.mpf.mp.br/o-mpf/unidades/pr-ms/estagio/processo-seletivo-2022/result-prelim-dourados
File;http://svlp-plnptapp01.pgr.mpf.mp.br:8401/portal/ms/estagie-conosco/processo-seletivo-2022/result-prelim-tls;https://www-cdn.mpf.mp.br/o-mpf/unidades/pr-ms/estagio/processo-seletivo-2022/result-prelim-tls
File;http://svlp-plnptapp01.pgr.mpf.mp.br:8401/portal/ms/estagie-conosco/processo-seletivo-2022/resultado-dos-recursos;https://www-cdn.mpf.mp.br/o-mpf/unidades/pr-ms/estagio/processo-seletivo-2022/resultado-dos-recursos
File;http://svlp-plnptapp01.pgr.mpf.mp.br:8401/portal/ms/estagie-conosco/processo-seletivo-2022/resultado-heteroidentificacao;https://www-cdn.mpf.mp.br/o-mpf/unidades/pr-ms/estagio/processo-seletivo-2022/resultado-heteroidentificacao
File;http://svlp-plnptapp01.pgr.mpf.mp.br:8401/portal/ms/estagie-conosco/processo-seletivo-2022/resultado-preliminar-corumba;https://www-cdn.mpf.mp.br/o-mpf/unidades/pr-ms/estagio/processo-seletivo-2022/resultado-preliminar-corumba
File;http://svlp-plnptapp01.pgr.mpf.mp.br:8401/portal/ms/estagie-conosco/processo-seletivo-2022/resultado-preliminar-direito;https://www-cdn.mpf.mp.br/o-mpf/unidades/pr-ms/estagio/processo-seletivo-2022/resultado-preliminar-direito
File;http://svlp-plnptapp01.pgr.mpf.mp.br:8401/portal/ms/estagie-conosco/processo-seletivo-2022/resultado-preliminar-engenharia-civil;https://www-cdn.mpf.mp.br/o-mpf/unidades/pr-ms/estagio/processo-seletivo-2022/resultado-preliminar-engenharia-civil
File;http://svlp-plnptapp01.pgr.mpf.mp.br:8401/portal/ms/estagie-conosco/processo-seletivo-2022/resultado-preliminar-jornalismo;https://www-cdn.mpf.mp.br/o-mpf/unidades/pr-ms/estagio/processo-seletivo-2022/resultado-preliminar-jornalismo
File;http://svlp-plnptapp01.pgr.mpf.mp.br:8401/portal/ms/estagie-conosco/processo-seletivo-2022/rf-direito-cg;https://www-cdn.mpf.mp.br/o-mpf/unidades/pr-ms/estagio/processo-seletivo-2022/rf-direito-cg
File;http://svlp-plnptapp01.pgr.mpf.mp.br:8401/portal/ms/estagie-conosco/processo-seletivo-2022/rf-direito-cra;https://www-cdn.mpf.mp.br/o-mpf/unidades/pr-ms/estagio/processo-seletivo-2022/rf-direito-cra
File;http://svlp-plnptapp01.pgr.mpf.mp.br:8401/portal/ms/estagie-conosco/processo-seletivo-2022/rf-direito-drs;https://www-cdn.mpf.mp.br/o-mpf/unidades/pr-ms/estagio/processo-seletivo-2022/rf-direito-drs
File;http://svlp-plnptapp01.pgr.mpf.mp.br:8401/portal/ms/estagie-conosco/processo-seletivo-2022/rf-direito-tls;https://www-cdn.mpf.mp.br/o-mpf/unidades/pr-ms/estagio/processo-seletivo-2022/rf-direito-tls
File;http://svlp-plnptapp01.pgr.mpf.mp.br:8401/portal/ms/estagie-conosco/processo-seletivo-2022/rf-em;https://www-cdn.mpf.mp.br/o-mpf/unidades/pr-ms/estagio/processo-seletivo-2022/rf-em
File;http://svlp-plnptapp01.pgr.mpf.mp.br:8401/portal/ms/estagie-conosco/processo-seletivo-2022/rf-eng-c;https://www-cdn.mpf.mp.br/o-mpf/unidades/pr-ms/estagio/processo-seletivo-2022/rf-eng-c
File;http://svlp-plnptapp01.pgr.mpf.mp.br:8401/portal/ms/estagie-conosco/processo-seletivo-2022/rf-jorn;https://www-cdn.mpf.mp.br/o-mpf/unidades/pr-ms/estagio/processo-seletivo-2022/rf-jorn
Folder;http://svlp-plnptapp01.pgr.mpf.mp.br:8401/portal/ms/estagie-conosco/processo-seletivo-2023;https://www-cdn.mpf.mp.br/o-mpf/unidades/pr-ms/estagio/processo-seletivo-2023
File;http://svlp-plnptapp01.pgr.mpf.mp.br:8401/portal/ms/estagie-conosco/processo-seletivo-2023/classif-def-ps-cgr;https://www-cdn.mpf.mp.br/o-mpf/unidades/pr-ms/estagio/processo-seletivo-2023/classif-def-ps-cgr
File;http://svlp-plnptapp01.pgr.mpf.mp.br:8401/portal/ms/estagie-conosco/processo-seletivo-2023/classif-def-ps-cra;https://www-cdn.mpf.mp.br/o-mpf/unidades/pr-ms/estagio/processo-seletivo-2023/classif-def-ps-cra
File;http://svlp-plnptapp01.pgr.mpf.mp.br:8401/portal/ms/estagie-conosco/processo-seletivo-2023/classif-def-ps-drs;https://www-cdn.mpf.mp.br/o-mpf/unidades/pr-ms/estagio/processo-seletivo-2023/classif-def-ps-drs
File;http://svlp-plnptapp01.pgr.mpf.mp.br:8401/portal/ms/estagie-conosco/processo-seletivo-2023/classif-def-ps-tls;https://www-cdn.mpf.mp.br/o-mpf/unidades/pr-ms/estagio/processo-seletivo-2023/classif-def-ps-tls
File;http://svlp-plnptapp01.pgr.mpf.mp.br:8401/portal/ms/estagie-conosco/processo-seletivo-2023/classif-ps-cgr-direito;https://www-cdn.mpf.mp.br/o-mpf/unidades/pr-ms/estagio/processo-seletivo-2023/classif-ps-cgr-direito
File;http://svlp-plnptapp01.pgr.mpf.mp.br:8401/portal/ms/estagie-conosco/processo-seletivo-2023/classif-ps-cra;https://www-cdn.mpf.mp.br/o-mpf/unidades/pr-ms/estagio/processo-seletivo-2023/classif-ps-cra
File;http://svlp-plnptapp01.pgr.mpf.mp.br:8401/portal/ms/estagie-conosco/processo-seletivo-2023/classif-ps-drs;https://www-cdn.mpf.mp.br/o-mpf/unidades/pr-ms/estagio/processo-seletivo-2023/classif-ps-drs
File;http://svlp-plnptapp01.pgr.mpf.mp.br:8401/portal/ms/estagie-conosco/processo-seletivo-2023/classif-ps-tls;https://www-cdn.mpf.mp.br/o-mpf/unidades/pr-ms/estagio/processo-seletivo-2023/classif-ps-tls
File;http://svlp-plnptapp01.pgr.mpf.mp.br:8401/portal/ms/estagie-conosco/processo-seletivo-2023/edital-20.11;https://www-cdn.mpf.mp.br/o-mpf/unidades/pr-ms/estagio/processo-seletivo-2023/edital-20.11
File;http://svlp-plnptapp01.pgr.mpf.mp.br:8401/portal/ms/estagie-conosco/processo-seletivo-2023/edital-2023;https://www-cdn.mpf.mp.br/o-mpf/unidades/pr-ms/estagio/processo-seletivo-2023/edital-2023
File;http://svlp-plnptapp01.pgr.mpf.mp.br:8401/portal/ms/estagie-conosco/processo-seletivo-2023/edital-29.09;https://www-cdn.mpf.mp.br/o-mpf/unidades/pr-ms/estagio/processo-seletivo-2023/edital-29.09
File;http://svlp-plnptapp01.pgr.mpf.mp.br:8401/portal/ms/estagie-conosco/processo-seletivo-2023/edital-de-heteroidentificacao;https://www-cdn.mpf.mp.br/o-mpf/unidades/pr-ms/estagio/processo-seletivo-2023/edital-de-heteroidentificacao
File;http://svlp-plnptapp01.pgr.mpf.mp.br:8401/portal/ms/estagie-conosco/processo-seletivo-2023/formulario-de-recurso;https://www-cdn.mpf.mp.br/o-mpf/unidades/pr-ms/estagio/processo-seletivo-2023/formulario-de-recurso
File;http://svlp-plnptapp01.pgr.mpf.mp.br:8401/portal/ms/estagie-conosco/processo-seletivo-2023/formulario-de-recurso-1;https://www-cdn.mpf.mp.br/o-mpf/unidades/pr-ms/estagio/processo-seletivo-2023/formulario-de-recurso-1
File;http://svlp-plnptapp01.pgr.mpf.mp.br:8401/portal/ms/estagie-conosco/processo-seletivo-2023/gabarito-preliminar-em;https://www-cdn.mpf.mp.br/o-mpf/unidades/pr-ms/estagio/processo-seletivo-2023/gabarito-preliminar-em
File;http://svlp-plnptapp01.pgr.mpf.mp.br:8401/portal/ms/estagie-conosco/processo-seletivo-2023/insc-conf-corumba;https://www-cdn.mpf.mp.br/o-mpf/unidades/pr-ms/estagio/processo-seletivo-2023/insc-conf-corumba
File;http://svlp-plnptapp01.pgr.mpf.mp.br:8401/portal/ms/estagie-conosco/processo-seletivo-2023/insc-conf-drs;https://www-cdn.mpf.mp.br/o-mpf/unidades/pr-ms/estagio/processo-seletivo-2023/insc-conf-drs
File;http://svlp-plnptapp01.pgr.mpf.mp.br:8401/portal/ms/estagie-conosco/processo-seletivo-2023/insc-conf-em;https://www-cdn.mpf.mp.br/o-mpf/unidades/pr-ms/estagio/processo-seletivo-2023/insc-conf-em
File;http://svlp-plnptapp01.pgr.mpf.mp.br:8401/portal/ms/estagie-conosco/processo-seletivo-2023/insc-conf-prms-direito;https://www-cdn.mpf.mp.br/o-mpf/unidades/pr-ms/estagio/processo-seletivo-2023/insc-conf-prms-direito
File;http://svlp-plnptapp01.pgr.mpf.mp.br:8401/portal/ms/estagie-conosco/processo-seletivo-2023/insc-conf-tls;https://www-cdn.mpf.mp.br/o-mpf/unidades/pr-ms/estagio/processo-seletivo-2023/insc-conf-tls
File;http://svlp-plnptapp01.pgr.mpf.mp.br:8401/portal/ms/estagie-conosco/processo-seletivo-2023/lista-de-docs;https://www-cdn.mpf.mp.br/o-mpf/unidades/pr-ms/estagio/processo-seletivo-2023/lista-de-docs
File;http://svlp-plnptapp01.pgr.mpf.mp.br:8401/portal/ms/estagie-conosco/processo-seletivo-2023/lista-de-docs-para-inscricao-pdf;https://www-cdn.mpf.mp.br/o-mpf/unidades/pr-ms/estagio/processo-seletivo-2023/lista-de-docs-para-inscricao-pdf
File;http://svlp-plnptapp01.pgr.mpf.mp.br:8401/portal/ms/estagie-conosco/processo-seletivo-2023/lista-de-documentos-para-inscricao;https://www-cdn.mpf.mp.br/o-mpf/unidades/pr-ms/estagio/processo-seletivo-2023/lista-de-documentos-para-inscricao
Document;http://svlp-plnptapp01.pgr.mpf.mp.br:8401/portal/ms/estagie-conosco/processo-seletivo-2023/processo-seletivo-2023;https://www-cdn.mpf.mp.br/o-mpf/unidades/pr-ms/estagio/processo-seletivo-2023/processo-seletivo-2023
File;http://svlp-plnptapp01.pgr.mpf.mp.br:8401/portal/ms/estagie-conosco/processo-seletivo-2023/resultado-de-heteroid;https://www-cdn.mpf.mp.br/o-mpf/unidades/pr-ms/estagio/processo-seletivo-2023/resultado-de-heteroid
File;http://svlp-plnptapp01.pgr.mpf.mp.br:8401/portal/ms/estagie-conosco/processo-seletivo-2023/resultado-de-heteroid-2023;https://www-cdn.mpf.mp.br/o-mpf/unidades/pr-ms/estagio/processo-seletivo-2023/resultado-de-heteroid-2023
File;http://svlp-plnptapp01.pgr.mpf.mp.br:8401/portal/ms/estagie-conosco/processo-seletivo-2023/rf-cra;https://www-cdn.mpf.mp.br/o-mpf/unidades/pr-ms/estagio/processo-seletivo-2023/rf-cra
File;http://svlp-plnptapp01.pgr.mpf.mp.br:8401/portal/ms/estagie-conosco/processo-seletivo-2023/rf-dir-cg;https://www-cdn.mpf.mp.br/o-mpf/unidades/pr-ms/estagio/processo-seletivo-2023/rf-dir-cg
File;http://svlp-plnptapp01.pgr.mpf.mp.br:8401/portal/ms/estagie-conosco/processo-seletivo-2023/rf-drs;https://www-cdn.mpf.mp.br/o-mpf/unidades/pr-ms/estagio/processo-seletivo-2023/rf-drs
File;http://svlp-plnptapp01.pgr.mpf.mp.br:8401/portal/ms/estagie-conosco/processo-seletivo-2023/rf-em;https://www-cdn.mpf.mp.br/o-mpf/unidades/pr-ms/estagio/processo-seletivo-2023/rf-em
File;http://svlp-plnptapp01.pgr.mpf.mp.br:8401/portal/ms/estagie-conosco/processo-seletivo-2023/rf-em-cg;https://www-cdn.mpf.mp.br/o-mpf/unidades/pr-ms/estagio/processo-seletivo-2023/rf-em-cg
File;http://svlp-plnptapp01.pgr.mpf.mp.br:8401/portal/ms/estagie-conosco/processo-seletivo-2023/rf-tls;https://www-cdn.mpf.mp.br/o-mpf/unidades/pr-ms/estagio/processo-seletivo-2023/rf-tls
File;http://svlp-plnptapp01.pgr.mpf.mp.br:8401/portal/ms/estagie-conosco/processo-seletivo-2023/rp-cgr-dir;https://www-cdn.mpf.mp.br/o-mpf/unidades/pr-ms/estagio/processo-seletivo-2023/rp-cgr-dir
File;http://svlp-plnptapp01.pgr.mpf.mp.br:8401/portal/ms/estagie-conosco/processo-seletivo-2023/rp-cra;https://www-cdn.mpf.mp.br/o-mpf/unidades/pr-ms/estagio/processo-seletivo-2023/rp-cra
File;http://svlp-plnptapp01.pgr.mpf.mp.br:8401/portal/ms/estagie-conosco/processo-seletivo-2023/rp-drs;https://www-cdn.mpf.mp.br/o-mpf/unidades/pr-ms/estagio/processo-seletivo-2023/rp-drs
File;http://svlp-plnptapp01.pgr.mpf.mp.br:8401/portal/ms/estagie-conosco/processo-seletivo-2023/rp-tls;https://www-cdn.mpf.mp.br/o-mpf/unidades/pr-ms/estagio/processo-seletivo-2023/rp-tls
File;http://svlp-plnptapp01.pgr.mpf.mp.br:8401/portal/ms/estagie-conosco/processo-seletivo-2024/convite-1;https://www-cdn.mpf.mp.br/o-mpf/unidades/pr-ms/estagio/processo-seletivo-2024/convite-1
File;http://svlp-plnptapp01.pgr.mpf.mp.br:8401/portal/ms/estagie-conosco/processo-seletivo-2024/edital-2024;https://www-cdn.mpf.mp.br/o-mpf/unidades/pr-ms/estagio/processo-seletivo-2024/edital-2024
Folder;http://svlp-plnptapp01.pgr.mpf.mp.br:8401/portal/ms/estagie-conosco/processo-seletivo-2025;https://www-cdn.mpf.mp.br/o-mpf/unidades/pr-ms/estagio/processo-seletivo-2025
File;http://svlp-plnptapp01.pgr.mpf.mp.br:8401/portal/ms/estagie-conosco/processo-seletivo-2025/anexo-i;https://www-cdn.mpf.mp.br/o-mpf/unidades/pr-ms/estagio/processo-seletivo-2025/anexo-i
File;http://svlp-plnptapp01.pgr.mpf.mp.br:8401/portal/ms/estagie-conosco/processo-seletivo-2025/anexo-i-ps2;https://www-cdn.mpf.mp.br/o-mpf/unidades/pr-ms/estagio/processo-seletivo-2025/anexo-i-ps2
File;http://svlp-plnptapp01.pgr.mpf.mp.br:8401/portal/ms/estagie-conosco/processo-seletivo-2025/anexo-iii-ps2;https://www-cdn.mpf.mp.br/o-mpf/unidades/pr-ms/estagio/processo-seletivo-2025/anexo-iii-ps2
File;http://svlp-plnptapp01.pgr.mpf.mp.br:8401/portal/ms/estagie-conosco/processo-seletivo-2025/anexo-iv-ps2;https://www-cdn.mpf.mp.br/o-mpf/unidades/pr-ms/estagio/processo-seletivo-2025/anexo-iv-ps2
File;http://svlp-plnptapp01.pgr.mpf.mp.br:8401/portal/ms/estagie-conosco/processo-seletivo-2025/anexo-v;https://www-cdn.mpf.mp.br/o-mpf/unidades/pr-ms/estagio/processo-seletivo-2025/anexo-v
File;http://svlp-plnptapp01.pgr.mpf.mp.br:8401/portal/ms/estagie-conosco/processo-seletivo-2025/anexoii-ps2;https://www-cdn.mpf.mp.br/o-mpf/unidades/pr-ms/estagio/processo-seletivo-2025/anexoii-ps2
Folder;http://svlp-plnptapp01.pgr.mpf.mp.br:8401/portal/ms/estagie-conosco/processo-seletivo-2025/docs;https://www-cdn.mpf.mp.br/o-mpf/unidades/pr-ms/estagio/processo-seletivo-2025/docs
File;http://svlp-plnptapp01.pgr.mpf.mp.br:8401/portal/ms/estagie-conosco/processo-seletivo-2025/docs/anexo-i;https://www-cdn.mpf.mp.br/o-mpf/unidades/pr-ms/estagio/processo-seletivo-2025/docs/anexo-i
File;http://svlp-plnptapp01.pgr.mpf.mp.br:8401/portal/ms/estagie-conosco/processo-seletivo-2025/docs/anexo-ii;https://www-cdn.mpf.mp.br/o-mpf/unidades/pr-ms/estagio/processo-seletivo-2025/docs/anexo-ii
File;http://svlp-plnptapp01.pgr.mpf.mp.br:8401/portal/ms/estagie-conosco/processo-seletivo-2025/docs/anexo-iii;https://www-cdn.mpf.mp.br/o-mpf/unidades/pr-ms/estagio/processo-seletivo-2025/docs/anexo-iii
File;http://svlp-plnptapp01.pgr.mpf.mp.br:8401/portal/ms/estagie-conosco/processo-seletivo-2025/docs/anexo-iv;https://www-cdn.mpf.mp.br/o-mpf/unidades/pr-ms/estagio/processo-seletivo-2025/docs/anexo-iv
File;http://svlp-plnptapp01.pgr.mpf.mp.br:8401/portal/ms/estagie-conosco/processo-seletivo-2025/docs/anexo-v;https://www-cdn.mpf.mp.br/o-mpf/unidades/pr-ms/estagio/processo-seletivo-2025/docs/anexo-v
File;http://svlp-plnptapp01.pgr.mpf.mp.br:8401/portal/ms/estagie-conosco/processo-seletivo-2025/docs/convite-convenio-2ps-2025;https://www-cdn.mpf.mp.br/o-mpf/unidades/pr-ms/estagio/processo-seletivo-2025/docs/convite-convenio-2ps-2025
File;http://svlp-plnptapp01.pgr.mpf.mp.br:8401/portal/ms/estagie-conosco/processo-seletivo-2025/docs/convite-convocacao-assinar-convernio.pdf;https://www-cdn.mpf.mp.br/o-mpf/unidades/pr-ms/estagio/processo-seletivo-2025/docs/convite-convocacao-assinar-convernio.pdf
File;http://svlp-plnptapp01.pgr.mpf.mp.br:8401/portal/ms/estagie-conosco/processo-seletivo-2025/docs/edital-2025;https://www-cdn.mpf.mp.br/o-mpf/unidades/pr-ms/estagio/processo-seletivo-2025/docs/edital-2025
File;http://svlp-plnptapp01.pgr.mpf.mp.br:8401/portal/ms/estagie-conosco/processo-seletivo-2025/docs/inscricoes-deferidas;https://www-cdn.mpf.mp.br/o-mpf/unidades/pr-ms/estagio/processo-seletivo-2025/docs/inscricoes-deferidas
File;http://svlp-plnptapp01.pgr.mpf.mp.br:8401/portal/ms/estagie-conosco/processo-seletivo-2025/docs/resposta-examinadores-prova-objetiva;https://www-cdn.mpf.mp.br/o-mpf/unidades/pr-ms/estagio/processo-seletivo-2025/docs/resposta-examinadores-prova-objetiva
File;http://svlp-plnptapp01.pgr.mpf.mp.br:8401/portal/ms/estagie-conosco/processo-seletivo-2025/docs/resumo-questoes-anulada;https://www-cdn.mpf.mp.br/o-mpf/unidades/pr-ms/estagio/processo-seletivo-2025/docs/resumo-questoes-anulada
File;http://svlp-plnptapp01.pgr.mpf.mp.br:8401/portal/ms/estagie-conosco/processo-seletivo-2025/docs/rf-arq-assinado;https://www-cdn.mpf.mp.br/o-mpf/unidades/pr-ms/estagio/processo-seletivo-2025/docs/rf-arq-assinado
File;http://svlp-plnptapp01.pgr.mpf.mp.br:8401/portal/ms/estagie-conosco/processo-seletivo-2025/edital-rf-1;https://www-cdn.mpf.mp.br/o-mpf/unidades/pr-ms/estagio/processo-seletivo-2025/edital-rf-1
File;http://svlp-plnptapp01.pgr.mpf.mp.br:8401/portal/ms/estagie-conosco/processo-seletivo-2025/insc-conf-ps2-prm-cra-dir;https://www-cdn.mpf.mp.br/o-mpf/unidades/pr-ms/estagio/processo-seletivo-2025/insc-conf-ps2-prm-cra-dir
File;http://svlp-plnptapp01.pgr.mpf.mp.br:8401/portal/ms/estagie-conosco/processo-seletivo-2025/insc-conf-ps2-prm-drs-dir;https://www-cdn.mpf.mp.br/o-mpf/unidades/pr-ms/estagio/processo-seletivo-2025/insc-conf-ps2-prm-drs-dir
File;http://svlp-plnptapp01.pgr.mpf.mp.br:8401/portal/ms/estagie-conosco/processo-seletivo-2025/insc-conf-ps2-prm-tls-dir;https://www-cdn.mpf.mp.br/o-mpf/unidades/pr-ms/estagio/processo-seletivo-2025/insc-conf-ps2-prm-tls-dir
File;http://svlp-plnptapp01.pgr.mpf.mp.br:8401/portal/ms/estagie-conosco/processo-seletivo-2025/nota-objetiva-definitiva;https://www-cdn.mpf.mp.br/o-mpf/unidades/pr-ms/estagio/processo-seletivo-2025/nota-objetiva-definitiva
Document;http://svlp-plnptapp01.pgr.mpf.mp.br:8401/portal/ms/estagie-conosco/processo-seletivo-2025/processo-seletivo-2025;https://www-cdn.mpf.mp.br/o-mpf/unidades/pr-ms/estagio/processo-seletivo-2025/processo-seletivo-2025
File;http://svlp-plnptapp01.pgr.mpf.mp.br:8401/portal/ms/estagie-conosco/processo-seletivo-2025/validacao-de-acesso;https://www-cdn.mpf.mp.br/o-mpf/unidades/pr-ms/estagio/processo-seletivo-2025/validacao-de-acesso
Folder;http://svlp-plnptapp01.pgr.mpf.mp.br:8401/portal/ms/estagie-conosco/processos-seletivos-2024;https://www-cdn.mpf.mp.br/o-mpf/unidades/pr-ms/estagio/processos-seletivos-2024
Folder;http://svlp-plnptapp01.pgr.mpf.mp.br:8401/portal/ms/estagie-conosco/processos-seletivos-2024/1-processo-seletivo-2024;https://www-cdn.mpf.mp.br/o-mpf/unidades/pr-ms/estagio/processos-seletivos-2024/1-processo-seletivo-2024
File;http://svlp-plnptapp01.pgr.mpf.mp.br:8401/portal/ms/estagie-conosco/processos-seletivos-2024/1-processo-seletivo-2024/GabaritoDEFdeDIR2024.pdf;https://www-cdn.mpf.mp.br/o-mpf/unidades/pr-ms/estagio/processos-seletivos-2024/1-processo-seletivo-2024/GabaritoDEFdeDIR2024.pdf
File;http://svlp-plnptapp01.pgr.mpf.mp.br:8401/portal/ms/estagie-conosco/processos-seletivos-2024/1-processo-seletivo-2024/GabaritoPrelimdeDIR2024.pdf;https://www-cdn.mpf.mp.br/o-mpf/unidades/pr-ms/estagio/processos-seletivos-2024/1-processo-seletivo-2024/GabaritoPrelimdeDIR2024.pdf
File;http://svlp-plnptapp01.pgr.mpf.mp.br:8401/portal/ms/estagie-conosco/processos-seletivos-2024/1-processo-seletivo-2024/GabaritoPrelimdeEM2024.pdf;https://www-cdn.mpf.mp.br/o-mpf/unidades/pr-ms/estagio/processos-seletivos-2024/1-processo-seletivo-2024/GabaritoPrelimdeEM2024.pdf
File;http://svlp-plnptapp01.pgr.mpf.mp.br:8401/portal/ms/estagie-conosco/processos-seletivos-2024/1-processo-seletivo-2024/GabaritoPrelimdeJOR2024.pdf;https://www-cdn.mpf.mp.br/o-mpf/unidades/pr-ms/estagio/processos-seletivos-2024/1-processo-seletivo-2024/GabaritoPrelimdeJOR2024.pdf
File;http://svlp-plnptapp01.pgr.mpf.mp.br:8401/portal/ms/estagie-conosco/processos-seletivos-2024/1-processo-seletivo-2024/GabaritodefdeEM2024.pdf;https://www-cdn.mpf.mp.br/o-mpf/unidades/pr-ms/estagio/processos-seletivos-2024/1-processo-seletivo-2024/GabaritodefdeEM2024.pdf
File;http://svlp-plnptapp01.pgr.mpf.mp.br:8401/portal/ms/estagie-conosco/processos-seletivos-2024/1-processo-seletivo-2024/GabaritodefdeJOR2024.pdf;https://www-cdn.mpf.mp.br/o-mpf/unidades/pr-ms/estagio/processos-seletivos-2024/1-processo-seletivo-2024/GabaritodefdeJOR2024.pdf
File;http://svlp-plnptapp01.pgr.mpf.mp.br:8401/portal/ms/estagie-conosco/processos-seletivos-2024/1-processo-seletivo-2024/edital-2024;https://www-cdn.mpf.mp.br/o-mpf/unidades/pr-ms/estagio/processos-seletivos-2024/1-processo-seletivo-2024/edital-2024
File;http://svlp-plnptapp01.pgr.mpf.mp.br:8401/portal/ms/estagie-conosco/processos-seletivos-2024/1-processo-seletivo-2024/okGabaritoDEFdeDIR2024.pdf;https://www-cdn.mpf.mp.br/o-mpf/unidades/pr-ms/estagio/processos-seletivos-2024/1-processo-seletivo-2024/okGabaritoDEFdeDIR2024.pdf
File;http://svlp-plnptapp01.pgr.mpf.mp.br:8401/portal/ms/estagie-conosco/processos-seletivos-2024/1-processo-seletivo-2024/okGabaritoPrelimdeDIR2024.pdf;https://www-cdn.mpf.mp.br/o-mpf/unidades/pr-ms/estagio/processos-seletivos-2024/1-processo-seletivo-2024/okGabaritoPrelimdeDIR2024.pdf
File;http://svlp-plnptapp01.pgr.mpf.mp.br:8401/portal/ms/estagie-conosco/processos-seletivos-2024/1-processo-seletivo-2024/okGabaritoPrelimdeJOR2024.pdf;https://www-cdn.mpf.mp.br/o-mpf/unidades/pr-ms/estagio/processos-seletivos-2024/1-processo-seletivo-2024/okGabaritoPrelimdeJOR2024.pdf
File;http://svlp-plnptapp01.pgr.mpf.mp.br:8401/portal/ms/estagie-conosco/processos-seletivos-2024/1-processo-seletivo-2024/okGabaritodefdeEM2024.pdf;https://www-cdn.mpf.mp.br/o-mpf/unidades/pr-ms/estagio/processos-seletivos-2024/1-processo-seletivo-2024/okGabaritodefdeEM2024.pdf
File;http://svlp-plnptapp01.pgr.mpf.mp.br:8401/portal/ms/estagie-conosco/processos-seletivos-2024/1-processo-seletivo-2024/okGabaritodefdeJOR2024.pdf;https://www-cdn.mpf.mp.br/o-mpf/unidades/pr-ms/estagio/processos-seletivos-2024/1-processo-seletivo-2024/okGabaritodefdeJOR2024.pdf
Document;http://svlp-plnptapp01.pgr.mpf.mp.br:8401/portal/ms/estagie-conosco/processos-seletivos-2024/1-processo-seletivo-2024/processo-seletivo-2024;https://www-cdn.mpf.mp.br/o-mpf/unidades/pr-ms/estagio/processos-seletivos-2024/1-processo-seletivo-2024/processo-seletivo-2024
Folder;http://svlp-plnptapp01.pgr.mpf.mp.br:8401/portal/ms/estagie-conosco/processos-seletivos-2024/2-processo-seletivo-2024;https://www-cdn.mpf.mp.br/o-mpf/unidades/pr-ms/estagio/processos-seletivos-2024/2-processo-seletivo-2024
File;http://svlp-plnptapp01.pgr.mpf.mp.br:8401/portal/ms/estagie-conosco/processos-seletivos-2024/2-processo-seletivo-2024/Douradosinscricoes.pdf;https://www-cdn.mpf.mp.br/o-mpf/unidades/pr-ms/estagio/processos-seletivos-2024/2-processo-seletivo-2024/Douradosinscricoes.pdf
File;http://svlp-plnptapp01.pgr.mpf.mp.br:8401/portal/ms/estagie-conosco/processos-seletivos-2024/2-processo-seletivo-2024/EditalNacional.pdf;https://www-cdn.mpf.mp.br/o-mpf/unidades/pr-ms/estagio/processos-seletivos-2024/2-processo-seletivo-2024/EditalNacional.pdf
File;http://svlp-plnptapp01.pgr.mpf.mp.br:8401/portal/ms/estagie-conosco/processos-seletivos-2024/2-processo-seletivo-2024/anexos-do-edital;https://www-cdn.mpf.mp.br/o-mpf/unidades/pr-ms/estagio/processos-seletivos-2024/2-processo-seletivo-2024/anexos-do-edital
File;http://svlp-plnptapp01.pgr.mpf.mp.br:8401/portal/ms/estagie-conosco/processos-seletivos-2024/2-processo-seletivo-2024/aviso-provaobjetiva-gabarito-preliminar.pdf;https://www-cdn.mpf.mp.br/o-mpf/unidades/pr-ms/estagio/processos-seletivos-2024/2-processo-seletivo-2024/aviso-provaobjetiva-gabarito-preliminar.pdf
File;http://svlp-plnptapp01.pgr.mpf.mp.br:8401/portal/ms/estagie-conosco/processos-seletivos-2024/2-processo-seletivo-2024/class-prelim-drs;https://www-cdn.mpf.mp.br/o-mpf/unidades/pr-ms/estagio/processos-seletivos-2024/2-processo-seletivo-2024/class-prelim-drs
File;http://svlp-plnptapp01.pgr.mpf.mp.br:8401/portal/ms/estagie-conosco/processos-seletivos-2024/2-processo-seletivo-2024/class-prelim-prms;https://www-cdn.mpf.mp.br/o-mpf/unidades/pr-ms/estagio/processos-seletivos-2024/2-processo-seletivo-2024/class-prelim-prms
File;http://svlp-plnptapp01.pgr.mpf.mp.br:8401/portal/ms/estagie-conosco/processos-seletivos-2024/2-processo-seletivo-2024/classif-prova-subj-prms-2;https://www-cdn.mpf.mp.br/o-mpf/unidades/pr-ms/estagio/processos-seletivos-2024/2-processo-seletivo-2024/classif-prova-subj-prms-2
File;http://svlp-plnptapp01.pgr.mpf.mp.br:8401/portal/ms/estagie-conosco/processos-seletivos-2024/2-processo-seletivo-2024/data-e-horario-da-prova;https://www-cdn.mpf.mp.br/o-mpf/unidades/pr-ms/estagio/processos-seletivos-2024/2-processo-seletivo-2024/data-e-horario-da-prova
File;http://svlp-plnptapp01.pgr.mpf.mp.br:8401/portal/ms/estagie-conosco/processos-seletivos-2024/2-processo-seletivo-2024/edital-2024;https://www-cdn.mpf.mp.br/o-mpf/unidades/pr-ms/estagio/processos-seletivos-2024/2-processo-seletivo-2024/edital-2024
File;http://svlp-plnptapp01.pgr.mpf.mp.br:8401/portal/ms/estagie-conosco/processos-seletivos-2024/2-processo-seletivo-2024/edital-de-convoc-heteroid-ps2;https://www-cdn.mpf.mp.br/o-mpf/unidades/pr-ms/estagio/processos-seletivos-2024/2-processo-seletivo-2024/edital-de-convoc-heteroid-ps2
File;http://svlp-plnptapp01.pgr.mpf.mp.br:8401/portal/ms/estagie-conosco/processos-seletivos-2024/2-processo-seletivo-2024/edital-inclui-fsst;https://www-cdn.mpf.mp.br/o-mpf/unidades/pr-ms/estagio/processos-seletivos-2024/2-processo-seletivo-2024/edital-inclui-fsst
File;http://svlp-plnptapp01.pgr.mpf.mp.br:8401/portal/ms/estagie-conosco/processos-seletivos-2024/2-processo-seletivo-2024/formulario-de-recurso;https://www-cdn.mpf.mp.br/o-mpf/unidades/pr-ms/estagio/processos-seletivos-2024/2-processo-seletivo-2024/formulario-de-recurso
File;http://svlp-plnptapp01.pgr.mpf.mp.br:8401/portal/ms/estagie-conosco/processos-seletivos-2024/2-processo-seletivo-2024/gab-p-dir;https://www-cdn.mpf.mp.br/o-mpf/unidades/pr-ms/estagio/processos-seletivos-2024/2-processo-seletivo-2024/gab-p-dir
File;http://svlp-plnptapp01.pgr.mpf.mp.br:8401/portal/ms/estagie-conosco/processos-seletivos-2024/2-processo-seletivo-2024/gab-p-em;https://www-cdn.mpf.mp.br/o-mpf/unidades/pr-ms/estagio/processos-seletivos-2024/2-processo-seletivo-2024/gab-p-em
File;http://svlp-plnptapp01.pgr.mpf.mp.br:8401/portal/ms/estagie-conosco/processos-seletivos-2024/2-processo-seletivo-2024/gab-p-jorn;https://www-cdn.mpf.mp.br/o-mpf/unidades/pr-ms/estagio/processos-seletivos-2024/2-processo-seletivo-2024/gab-p-jorn
File;http://svlp-plnptapp01.pgr.mpf.mp.br:8401/portal/ms/estagie-conosco/processos-seletivos-2024/2-processo-seletivo-2024/insc-def-cra;https://www-cdn.mpf.mp.br/o-mpf/unidades/pr-ms/estagio/processos-seletivos-2024/2-processo-seletivo-2024/insc-def-cra
File;http://svlp-plnptapp01.pgr.mpf.mp.br:8401/portal/ms/estagie-conosco/processos-seletivos-2024/2-processo-seletivo-2024/insc-def-def-drs;https://www-cdn.mpf.mp.br/o-mpf/unidades/pr-ms/estagio/processos-seletivos-2024/2-processo-seletivo-2024/insc-def-def-drs
File;http://svlp-plnptapp01.pgr.mpf.mp.br:8401/portal/ms/estagie-conosco/processos-seletivos-2024/2-processo-seletivo-2024/insc-def-dir-cg;https://www-cdn.mpf.mp.br/o-mpf/unidades/pr-ms/estagio/processos-seletivos-2024/2-processo-seletivo-2024/insc-def-dir-cg
File;http://svlp-plnptapp01.pgr.mpf.mp.br:8401/portal/ms/estagie-conosco/processos-seletivos-2024/2-processo-seletivo-2024/insc-def-drs;https://www-cdn.mpf.mp.br/o-mpf/unidades/pr-ms/estagio/processos-seletivos-2024/2-processo-seletivo-2024/insc-def-drs
File;http://svlp-plnptapp01.pgr.mpf.mp.br:8401/portal/ms/estagie-conosco/processos-seletivos-2024/2-processo-seletivo-2024/insc-def-drs-editada;https://www-cdn.mpf.mp.br/o-mpf/unidades/pr-ms/estagio/processos-seletivos-2024/2-processo-seletivo-2024/insc-def-drs-editada
File;http://svlp-plnptapp01.pgr.mpf.mp.br:8401/portal/ms/estagie-conosco/processos-seletivos-2024/2-processo-seletivo-2024/insc-def-em;https://www-cdn.mpf.mp.br/o-mpf/unidades/pr-ms/estagio/processos-seletivos-2024/2-processo-seletivo-2024/insc-def-em
File;http://svlp-plnptapp01.pgr.mpf.mp.br:8401/portal/ms/estagie-conosco/processos-seletivos-2024/2-processo-seletivo-2024/insc-def-jor;https://www-cdn.mpf.mp.br/o-mpf/unidades/pr-ms/estagio/processos-seletivos-2024/2-processo-seletivo-2024/insc-def-jor
File;http://svlp-plnptapp01.pgr.mpf.mp.br:8401/portal/ms/estagie-conosco/processos-seletivos-2024/2-processo-seletivo-2024/insc-def-ps2-prm-cra;https://www-cdn.mpf.mp.br/o-mpf/unidades/pr-ms/estagio/processos-seletivos-2024/2-processo-seletivo-2024/insc-def-ps2-prm-cra
File;http://svlp-plnptapp01.pgr.mpf.mp.br:8401/portal/ms/estagie-conosco/processos-seletivos-2024/2-processo-seletivo-2024/insc-def-ps2-prm-drs;https://www-cdn.mpf.mp.br/o-mpf/unidades/pr-ms/estagio/processos-seletivos-2024/2-processo-seletivo-2024/insc-def-ps2-prm-drs
File;http://svlp-plnptapp01.pgr.mpf.mp.br:8401/portal/ms/estagie-conosco/processos-seletivos-2024/2-processo-seletivo-2024/insc-def-tls;https://www-cdn.mpf.mp.br/o-mpf/unidades/pr-ms/estagio/processos-seletivos-2024/2-processo-seletivo-2024/insc-def-tls
File;http://svlp-plnptapp01.pgr.mpf.mp.br:8401/portal/ms/estagie-conosco/processos-seletivos-2024/2-processo-seletivo-2024/insc-def-tls-editada;https://www-cdn.mpf.mp.br/o-mpf/unidades/pr-ms/estagio/processos-seletivos-2024/2-processo-seletivo-2024/insc-def-tls-editada
File;http://svlp-plnptapp01.pgr.mpf.mp.br:8401/portal/ms/estagie-conosco/processos-seletivos-2024/2-processo-seletivo-2024/inscricao-unica;https://www-cdn.mpf.mp.br/o-mpf/unidades/pr-ms/estagio/processos-seletivos-2024/2-processo-seletivo-2024/inscricao-unica
File;http://svlp-plnptapp01.pgr.mpf.mp.br:8401/portal/ms/estagie-conosco/processos-seletivos-2024/2-processo-seletivo-2024/lista-de-documentos;https://www-cdn.mpf.mp.br/o-mpf/unidades/pr-ms/estagio/processos-seletivos-2024/2-processo-seletivo-2024/lista-de-documentos
File;http://svlp-plnptapp01.pgr.mpf.mp.br:8401/portal/ms/estagie-conosco/processos-seletivos-2024/2-processo-seletivo-2024/nota-obj-prelim-prm-prms;https://www-cdn.mpf.mp.br/o-mpf/unidades/pr-ms/estagio/processos-seletivos-2024/2-processo-seletivo-2024/nota-obj-prelim-prm-prms
File;http://svlp-plnptapp01.pgr.mpf.mp.br:8401/portal/ms/estagie-conosco/processos-seletivos-2024/2-processo-seletivo-2024/nota-obj-prelim-prm-tls;https://www-cdn.mpf.mp.br/o-mpf/unidades/pr-ms/estagio/processos-seletivos-2024/2-processo-seletivo-2024/nota-obj-prelim-prm-tls
File;http://svlp-plnptapp01.pgr.mpf.mp.br:8401/portal/ms/estagie-conosco/processos-seletivos-2024/2-processo-seletivo-2024/nota-obj-prelim-prms;https://www-cdn.mpf.mp.br/o-mpf/unidades/pr-ms/estagio/processos-seletivos-2024/2-processo-seletivo-2024/nota-obj-prelim-prms
File;http://svlp-plnptapp01.pgr.mpf.mp.br:8401/portal/ms/estagie-conosco/processos-seletivos-2024/2-processo-seletivo-2024/nota-obj-prov-prms;https://www-cdn.mpf.mp.br/o-mpf/unidades/pr-ms/estagio/processos-seletivos-2024/2-processo-seletivo-2024/nota-obj-prov-prms
File;http://svlp-plnptapp01.pgr.mpf.mp.br:8401/portal/ms/estagie-conosco/processos-seletivos-2024/2-processo-seletivo-2024/novo-cronograma-2ps;https://www-cdn.mpf.mp.br/o-mpf/unidades/pr-ms/estagio/processos-seletivos-2024/2-processo-seletivo-2024/novo-cronograma-2ps
File;http://svlp-plnptapp01.pgr.mpf.mp.br:8401/portal/ms/estagie-conosco/processos-seletivos-2024/2-processo-seletivo-2024/orientacoes-para-inscricao;https://www-cdn.mpf.mp.br/o-mpf/unidades/pr-ms/estagio/processos-seletivos-2024/2-processo-seletivo-2024/orientacoes-para-inscricao
Document;http://svlp-plnptapp01.pgr.mpf.mp.br:8401/portal/ms/estagie-conosco/processos-seletivos-2024/2-processo-seletivo-2024/processo-seletivo-2024;https://www-cdn.mpf.mp.br/o-mpf/unidades/pr-ms/estagio/processos-seletivos-2024/2-processo-seletivo-2024/processo-seletivo-2024
File;http://svlp-plnptapp01.pgr.mpf.mp.br:8401/portal/ms/estagie-conosco/processos-seletivos-2024/2-processo-seletivo-2024/respostas-examinadores-recurso-pobj;https://www-cdn.mpf.mp.br/o-mpf/unidades/pr-ms/estagio/processos-seletivos-2024/2-processo-seletivo-2024/respostas-examinadores-recurso-pobj
File;http://svlp-plnptapp01.pgr.mpf.mp.br:8401/portal/ms/estagie-conosco/processos-seletivos-2024/2-processo-seletivo-2024/result-heteroid-2ps;https://www-cdn.mpf.mp.br/o-mpf/unidades/pr-ms/estagio/processos-seletivos-2024/2-processo-seletivo-2024/result-heteroid-2ps
File;http://svlp-plnptapp01.pgr.mpf.mp.br:8401/portal/ms/estagie-conosco/processos-seletivos-2024/2-processo-seletivo-2024/resumo-questoes-objetivas-anuladas;https://www-cdn.mpf.mp.br/o-mpf/unidades/pr-ms/estagio/processos-seletivos-2024/2-processo-seletivo-2024/resumo-questoes-objetivas-anuladas
File;http://svlp-plnptapp01.pgr.mpf.mp.br:8401/portal/ms/estagie-conosco/processos-seletivos-2024/2-processo-seletivo-2024/rf-cgr-ps2;https://www-cdn.mpf.mp.br/o-mpf/unidades/pr-ms/estagio/processos-seletivos-2024/2-processo-seletivo-2024/rf-cgr-ps2
File;http://svlp-plnptapp01.pgr.mpf.mp.br:8401/portal/ms/estagie-conosco/processos-seletivos-2024/2-processo-seletivo-2024/rf-cra-2ps;https://www-cdn.mpf.mp.br/o-mpf/unidades/pr-ms/estagio/processos-seletivos-2024/2-processo-seletivo-2024/rf-cra-2ps
File;http://svlp-plnptapp01.pgr.mpf.mp.br:8401/portal/ms/estagie-conosco/processos-seletivos-2024/2-processo-seletivo-2024/rf-drs-2ps;https://www-cdn.mpf.mp.br/o-mpf/unidades/pr-ms/estagio/processos-seletivos-2024/2-processo-seletivo-2024/rf-drs-2ps
File;http://svlp-plnptapp01.pgr.mpf.mp.br:8401/portal/ms/estagie-conosco/processos-seletivos-2024/2-processo-seletivo-2024/rf-tls-2ps;https://www-cdn.mpf.mp.br/o-mpf/unidades/pr-ms/estagio/processos-seletivos-2024/2-processo-seletivo-2024/rf-tls-2ps
File;http://svlp-plnptapp01.pgr.mpf.mp.br:8401/portal/ms/estagie-conosco/processos-seletivos-2024/2-processo-seletivo-2024/rf-tls-2ps-1;https://www-cdn.mpf.mp.br/o-mpf/unidades/pr-ms/estagio/processos-seletivos-2024/2-processo-seletivo-2024/rf-tls-2ps-1
File;http://svlp-plnptapp01.pgr.mpf.mp.br:8401/portal/ms/estagie-conosco/processos-seletivos-2024/2-processo-seletivo-2024/rp-cra-2ps;https://www-cdn.mpf.mp.br/o-mpf/unidades/pr-ms/estagio/processos-seletivos-2024/2-processo-seletivo-2024/rp-cra-2ps
File;http://svlp-plnptapp01.pgr.mpf.mp.br:8401/portal/ms/estagie-conosco/processos-seletivos-2024/2-processo-seletivo-2024/rp-crg-2ps;https://www-cdn.mpf.mp.br/o-mpf/unidades/pr-ms/estagio/processos-seletivos-2024/2-processo-seletivo-2024/rp-crg-2ps
File;http://svlp-plnptapp01.pgr.mpf.mp.br:8401/portal/ms/estagie-conosco/processos-seletivos-2024/2-processo-seletivo-2024/rp-drs-2ps;https://www-cdn.mpf.mp.br/o-mpf/unidades/pr-ms/estagio/processos-seletivos-2024/2-processo-seletivo-2024/rp-drs-2ps
File;http://svlp-plnptapp01.pgr.mpf.mp.br:8401/portal/ms/estagie-conosco/respostas-examinadores-recurso-psbj-1ps;https://www-cdn.mpf.mp.br/o-mpf/unidades/pr-ms/estagio/respostas-examinadores-recurso-psbj-1ps
File;http://svlp-plnptapp01.pgr.mpf.mp.br:8401/portal/ms/estagie-conosco/result-prel-nota-subj-jornalismo;https://www-cdn.mpf.mp.br/o-mpf/unidades/pr-ms/estagio/result-prel-nota-subj-jornalismo
File;http://svlp-plnptapp01.pgr.mpf.mp.br:8401/portal/ms/estagie-conosco/resultado-banca-de-heteroidentificacao;https://www-cdn.mpf.mp.br/o-mpf/unidades/pr-ms/estagio/resultado-banca-de-heteroidentificacao
File;http://svlp-plnptapp01.pgr.mpf.mp.br:8401/portal/ms/estagie-conosco/resultado-final-retificado;https://www-cdn.mpf.mp.br/o-mpf/unidades/pr-ms/estagio/resultado-final-retificado
File;http://svlp-plnptapp01.pgr.mpf.mp.br:8401/portal/ms/estagie-conosco/resultado-heteroidentificacao;https://www-cdn.mpf.mp.br/o-mpf/unidades/pr-ms/estagio/resultado-heteroidentificacao
File;http://svlp-plnptapp01.pgr.mpf.mp.br:8401/portal/ms/estagie-conosco/rf-dir-cgr-1ps;https://www-cdn.mpf.mp.br/o-mpf/unidades/pr-ms/estagio/rf-dir-cgr-1ps
File;http://svlp-plnptapp01.pgr.mpf.mp.br:8401/portal/ms/estagie-conosco/rf-dir-cra-1ps;https://www-cdn.mpf.mp.br/o-mpf/unidades/pr-ms/estagio/rf-dir-cra-1ps
File;http://svlp-plnptapp01.pgr.mpf.mp.br:8401/portal/ms/estagie-conosco/rf-dir-drs-1ps;https://www-cdn.mpf.mp.br/o-mpf/unidades/pr-ms/estagio/rf-dir-drs-1ps
File;http://svlp-plnptapp01.pgr.mpf.mp.br:8401/portal/ms/estagie-conosco/rf-dir-tls-1ps;https://www-cdn.mpf.mp.br/o-mpf/unidades/pr-ms/estagio/rf-dir-tls-1ps
File;http://svlp-plnptapp01.pgr.mpf.mp.br:8401/portal/ms/estagie-conosco/rf-em-1ps;https://www-cdn.mpf.mp.br/o-mpf/unidades/pr-ms/estagio/rf-em-1ps
File;http://svlp-plnptapp01.pgr.mpf.mp.br:8401/portal/ms/estagie-conosco/rf-jorn-1ps;https://www-cdn.mpf.mp.br/o-mpf/unidades/pr-ms/estagio/rf-jorn-1ps
File;http://svlp-plnptapp01.pgr.mpf.mp.br:8401/portal/ms/estagie-conosco/validacao-do-acesso-ao-ambiente-de-prova;https://www-cdn.mpf.mp.br/o-mpf/unidades/pr-ms/estagio/validacao-do-acesso-ao-ambiente-de-prova
