Folder;http://svlp-plnptapp01.pgr.mpf.mp.br:8401/portal/al/estagie-conosco;https://www-cdn.mpf.mp.br/o-mpf/unidades/pr-al/estagio/
Link;http://svlp-plnptapp01.pgr.mpf.mp.br:8401/portal/al/estagie-conosco/administracao-e-comunicacao-social;https://www-cdn.mpf.mp.br/o-mpf/unidades/pr-al/estagio/administracao-e-comunicacao-social
Link;http://svlp-plnptapp01.pgr.mpf.mp.br:8401/portal/al/estagie-conosco/direito;https://www-cdn.mpf.mp.br/o-mpf/unidades/pr-al/estagio/direito
Link;http://svlp-plnptapp01.pgr.mpf.mp.br:8401/portal/al/estagie-conosco/documentos-para-contratacao;https://www-cdn.mpf.mp.br/o-mpf/unidades/pr-al/estagio/documentos-para-contratacao
Folder;http://svlp-plnptapp01.pgr.mpf.mp.br:8401/portal/al/estagie-conosco/home-admin/em-andamento;https://www-cdn.mpf.mp.br/o-mpf/unidades/pr-al/estagio/home-admin/em-andamento
Document;http://svlp-plnptapp01.pgr.mpf.mp.br:8401/portal/al/estagie-conosco/home-admin/em-andamento/2025-2-processo-seletivo-de-estagiarios;https://www-cdn.mpf.mp.br/o-mpf/unidades/pr-al/estagio/home-admin/em-andamento/2025-2-processo-seletivo-de-estagiarios
Document;http://svlp-plnptapp01.pgr.mpf.mp.br:8401/portal/al/estagie-conosco/home-admin/em-andamento/2025-processo-seletivo-para-escolha-de-estagiarios-de-direito-para-as-cidades-de-maceio-e-arapiraca;https://www-cdn.mpf.mp.br/o-mpf/unidades/pr-al/estagio/home-admin/em-andamento/2025-processo-seletivo-para-escolha-de-estagiarios-de-direito-para-as-cidades-de-maceio-e-arapiraca
Folder;http://svlp-plnptapp01.pgr.mpf.mp.br:8401/portal/al/estagie-conosco/home-admin/inscricoes-abertas;https://www-cdn.mpf.mp.br/o-mpf/unidades/pr-al/estagio/home-admin/inscricoes-abertas
Document;http://svlp-plnptapp01.pgr.mpf.mp.br:8401/portal/al/estagie-conosco/home-admin/inscricoes-abertas/nao-ha;https://www-cdn.mpf.mp.br/o-mpf/unidades/pr-al/estagio/home-admin/inscricoes-abertas/nao-ha
Noticia;http://svlp-plnptapp01.pgr.mpf.mp.br:8401/portal/al/estagie-conosco/mpf-al-lanca-selecao-para-estagiarios-de-direito-em-maceio-e-arapiraca;https://www-cdn.mpf.mp.br/o-mpf/unidades/pr-al/estagio/mpf-al-lanca-selecao-para-estagiarios-de-direito-em-maceio-e-arapiraca
