Folder;http://svlp-plnptapp01.pgr.mpf.mp.br:8401/portal/es/estagie-conosco;https://www-cdn.mpf.mp.br/o-mpf/unidades/pr-es/estagio/
Folder;http://svlp-plnptapp01.pgr.mpf.mp.br:8401/portal/es/estagie-conosco/anteriores-2021;https://www-cdn.mpf.mp.br/o-mpf/unidades/pr-es/estagio/anteriores-2021
File;http://svlp-plnptapp01.pgr.mpf.mp.br:8401/portal/es/estagie-conosco/anteriores-2021/edital-001-2019;https://www-cdn.mpf.mp.br/o-mpf/unidades/pr-es/estagio/anteriores-2021/edital-001-2019
File;http://svlp-plnptapp01.pgr.mpf.mp.br:8401/portal/es/estagie-conosco/anteriores-2021/edital-001-2020;https://www-cdn.mpf.mp.br/o-mpf/unidades/pr-es/estagio/anteriores-2021/edital-001-2020
File;http://svlp-plnptapp01.pgr.mpf.mp.br:8401/portal/es/estagie-conosco/anteriores-2021/lista-aprovados-edital-002-2020;https://www-cdn.mpf.mp.br/o-mpf/unidades/pr-es/estagio/anteriores-2021/lista-aprovados-edital-002-2020
File;http://svlp-plnptapp01.pgr.mpf.mp.br:8401/portal/es/estagie-conosco/anteriores-2021/portaria-de-prorrogacao-do-processo-seletivo-de-01-2020;https://www-cdn.mpf.mp.br/o-mpf/unidades/pr-es/estagio/anteriores-2021/portaria-de-prorrogacao-do-processo-seletivo-de-01-2020
File;http://svlp-plnptapp01.pgr.mpf.mp.br:8401/portal/es/estagie-conosco/anteriores-2021/resultado-final-edital-001-2019;https://www-cdn.mpf.mp.br/o-mpf/unidades/pr-es/estagio/anteriores-2021/resultado-final-edital-001-2019
File;http://svlp-plnptapp01.pgr.mpf.mp.br:8401/portal/es/estagie-conosco/anteriores-2021/resultado-final-edital-001-2020;https://www-cdn.mpf.mp.br/o-mpf/unidades/pr-es/estagio/anteriores-2021/resultado-final-edital-001-2020
File;http://svlp-plnptapp01.pgr.mpf.mp.br:8401/portal/es/estagie-conosco/atas-de-analise-de-autodeclaracoes-de-raca-para-concorrer-as-vagas-reservadas-negros-pardos;https://www-cdn.mpf.mp.br/o-mpf/unidades/pr-es/estagio/atas-de-analise-de-autodeclaracoes-de-raca-para-concorrer-as-vagas-reservadas-negros-pardos
Folder;http://svlp-plnptapp01.pgr.mpf.mp.br:8401/portal/es/estagie-conosco/concurso-de-estagios-para-nivel-superior-2/2021;https://www-cdn.mpf.mp.br/o-mpf/unidades/pr-es/estagio/concurso-de-estagios-para-nivel-superior-2/2021
Folder;http://svlp-plnptapp01.pgr.mpf.mp.br:8401/portal/es/estagie-conosco/concurso-de-estagios-para-nivel-superior-2/2021/concurso-24-2021;https://www-cdn.mpf.mp.br/o-mpf/unidades/pr-es/estagio/concurso-de-estagios-para-nivel-superior-2/2021/concurso-24-2021
File;http://svlp-plnptapp01.pgr.mpf.mp.br:8401/portal/es/estagie-conosco/concurso-de-estagios-para-nivel-superior-2/2021/concurso-24-2021/edital-24-2021;https://www-cdn.mpf.mp.br/o-mpf/unidades/pr-es/estagio/concurso-de-estagios-para-nivel-superior-2/2021/concurso-24-2021/edital-24-2021
File;http://svlp-plnptapp01.pgr.mpf.mp.br:8401/portal/es/estagie-conosco/concurso-de-estagios-para-nivel-superior-2/2021/concurso-24-2021/formulario-do-concurso-35;https://www-cdn.mpf.mp.br/o-mpf/unidades/pr-es/estagio/concurso-de-estagios-para-nivel-superior-2/2021/concurso-24-2021/formulario-do-concurso-35
File;http://svlp-plnptapp01.pgr.mpf.mp.br:8401/portal/es/estagie-conosco/concurso-de-estagios-para-nivel-superior-2/2021/concurso-24-2021/provas;https://www-cdn.mpf.mp.br/o-mpf/unidades/pr-es/estagio/concurso-de-estagios-para-nivel-superior-2/2021/concurso-24-2021/provas
Folder;http://svlp-plnptapp01.pgr.mpf.mp.br:8401/portal/es/estagie-conosco/concurso-de-estagios-para-nivel-superior-2/2021/concurso-25-2021;https://www-cdn.mpf.mp.br/o-mpf/unidades/pr-es/estagio/concurso-de-estagios-para-nivel-superior-2/2021/concurso-25-2021
File;http://svlp-plnptapp01.pgr.mpf.mp.br:8401/portal/es/estagie-conosco/concurso-de-estagios-para-nivel-superior-2/2021/concurso-25-2021/arquivo-edital;https://www-cdn.mpf.mp.br/o-mpf/unidades/pr-es/estagio/concurso-de-estagios-para-nivel-superior-2/2021/concurso-25-2021/arquivo-edital
File;http://svlp-plnptapp01.pgr.mpf.mp.br:8401/portal/es/estagie-conosco/concurso-de-estagios-para-nivel-superior-2/2021/concurso-25-2021/teste-2-1;https://www-cdn.mpf.mp.br/o-mpf/unidades/pr-es/estagio/concurso-de-estagios-para-nivel-superior-2/2021/concurso-25-2021/teste-2-1
Document;http://svlp-plnptapp01.pgr.mpf.mp.br:8401/portal/es/estagie-conosco/concursos-de-estagio;https://www-cdn.mpf.mp.br/o-mpf/unidades/pr-es/estagio/concursos-de-estagio
File;http://svlp-plnptapp01.pgr.mpf.mp.br:8401/portal/es/estagie-conosco/edital-de-resultado-final-do-processo-seletivo-para-estagiarios-do-mpf-es-2021;https://www-cdn.mpf.mp.br/o-mpf/unidades/pr-es/estagio/edital-de-resultado-final-do-processo-seletivo-para-estagiarios-do-mpf-es-2021
Folder;http://svlp-plnptapp01.pgr.mpf.mp.br:8401/portal/es/estagie-conosco/home-admin;https://www-cdn.mpf.mp.br/o-mpf/unidades/pr-es/estagio/home-admin
Folder;http://svlp-plnptapp01.pgr.mpf.mp.br:8401/portal/es/estagie-conosco/home-admin/em-andamento;https://www-cdn.mpf.mp.br/o-mpf/unidades/pr-es/estagio/home-admin/em-andamento
Folder;http://svlp-plnptapp01.pgr.mpf.mp.br:8401/portal/es/estagie-conosco/home-admin/em-andamento/processo-seletivo-de-estagio-1-2025;https://www-cdn.mpf.mp.br/o-mpf/unidades/pr-es/estagio/home-admin/em-andamento/processo-seletivo-de-estagio-1-2025
Folder;http://svlp-plnptapp01.pgr.mpf.mp.br:8401/portal/es/estagie-conosco/home-admin/em-andamento/processo-seletivo-de-estagio-2-2025;https://www-cdn.mpf.mp.br/o-mpf/unidades/pr-es/estagio/home-admin/em-andamento/processo-seletivo-de-estagio-2-2025
Document;http://svlp-plnptapp01.pgr.mpf.mp.br:8401/portal/es/estagie-conosco/home-admin/em-andamento/processo-seletivo-de-estagio-2-2025/banca-medica-resultado-definitivo;https://www-cdn.mpf.mp.br/o-mpf/unidades/pr-es/estagio/home-admin/em-andamento/processo-seletivo-de-estagio-2-2025/banca-medica-resultado-definitivo
Document;http://svlp-plnptapp01.pgr.mpf.mp.br:8401/portal/es/estagie-conosco/home-admin/em-andamento/processo-seletivo-de-estagio-2-2025/convocacao-para-comparecimento-a-comissao-de-heteroidentificacao;https://www-cdn.mpf.mp.br/o-mpf/unidades/pr-es/estagio/home-admin/em-andamento/processo-seletivo-de-estagio-2-2025/convocacao-para-comparecimento-a-comissao-de-heteroidentificacao
Document;http://svlp-plnptapp01.pgr.mpf.mp.br:8401/portal/es/estagie-conosco/home-admin/em-andamento/processo-seletivo-de-estagio-2-2025/errata-sobre-itens-6-2-1-7-4-2-e-9-3-1-do-edital;https://www-cdn.mpf.mp.br/o-mpf/unidades/pr-es/estagio/home-admin/em-andamento/processo-seletivo-de-estagio-2-2025/errata-sobre-itens-6-2-1-7-4-2-e-9-3-1-do-edital
Document;http://svlp-plnptapp01.pgr.mpf.mp.br:8401/portal/es/estagie-conosco/home-admin/em-andamento/processo-seletivo-de-estagio-2-2025/lista-de-aprovados-na-prova-discursiva-em-ordem-de-classificacao;https://www-cdn.mpf.mp.br/o-mpf/unidades/pr-es/estagio/home-admin/em-andamento/processo-seletivo-de-estagio-2-2025/lista-de-aprovados-na-prova-discursiva-em-ordem-de-classificacao
Folder;http://svlp-plnptapp01.pgr.mpf.mp.br:8401/portal/es/estagie-conosco/home-admin/inscricoes-abertas;https://www-cdn.mpf.mp.br/o-mpf/unidades/pr-es/estagio/home-admin/inscricoes-abertas
Window;http://svlp-plnptapp01.pgr.mpf.mp.br:8401/portal/es/estagie-conosco/nivel-medio/pr-es;https://www-cdn.mpf.mp.br/o-mpf/unidades/pr-es/estagio/nivel-medio/pr-es
Window;http://svlp-plnptapp01.pgr.mpf.mp.br:8401/portal/es/estagie-conosco/nivel-medio/prm-cit;https://www-cdn.mpf.mp.br/o-mpf/unidades/pr-es/estagio/nivel-medio/prm-cit
Window;http://svlp-plnptapp01.pgr.mpf.mp.br:8401/portal/es/estagie-conosco/nivel-medio/prm-col;https://www-cdn.mpf.mp.br/o-mpf/unidades/pr-es/estagio/nivel-medio/prm-col
Window;http://svlp-plnptapp01.pgr.mpf.mp.br:8401/portal/es/estagie-conosco/nivel-medio/prm-lin;https://www-cdn.mpf.mp.br/o-mpf/unidades/pr-es/estagio/nivel-medio/prm-lin
Window;http://svlp-plnptapp01.pgr.mpf.mp.br:8401/portal/es/estagie-conosco/nivel-medio/prm-sam;https://www-cdn.mpf.mp.br/o-mpf/unidades/pr-es/estagio/nivel-medio/prm-sam
Folder;http://svlp-plnptapp01.pgr.mpf.mp.br:8401/portal/es/estagie-conosco/nivel-superior/pr-es;https://www-cdn.mpf.mp.br/o-mpf/unidades/pr-es/estagio/nivel-superior/pr-es
Window;http://svlp-plnptapp01.pgr.mpf.mp.br:8401/portal/es/estagie-conosco/nivel-superior/pr-es/administracao;https://www-cdn.mpf.mp.br/o-mpf/unidades/pr-es/estagio/nivel-superior/pr-es/administracao
Window;http://svlp-plnptapp01.pgr.mpf.mp.br:8401/portal/es/estagie-conosco/nivel-superior/pr-es/arquivologia;https://www-cdn.mpf.mp.br/o-mpf/unidades/pr-es/estagio/nivel-superior/pr-es/arquivologia
Window;http://svlp-plnptapp01.pgr.mpf.mp.br:8401/portal/es/estagie-conosco/nivel-superior/pr-es/comunicacao;https://www-cdn.mpf.mp.br/o-mpf/unidades/pr-es/estagio/nivel-superior/pr-es/comunicacao
Window;http://svlp-plnptapp01.pgr.mpf.mp.br:8401/portal/es/estagie-conosco/nivel-superior/pr-es/direito;https://www-cdn.mpf.mp.br/o-mpf/unidades/pr-es/estagio/nivel-superior/pr-es/direito
Window;http://svlp-plnptapp01.pgr.mpf.mp.br:8401/portal/es/estagie-conosco/nivel-superior/pr-es/engenharia-civil-1;https://www-cdn.mpf.mp.br/o-mpf/unidades/pr-es/estagio/nivel-superior/pr-es/engenharia-civil-1
Window;http://svlp-plnptapp01.pgr.mpf.mp.br:8401/portal/es/estagie-conosco/nivel-superior/pr-es/informatica;https://www-cdn.mpf.mp.br/o-mpf/unidades/pr-es/estagio/nivel-superior/pr-es/informatica
Folder;http://svlp-plnptapp01.pgr.mpf.mp.br:8401/portal/es/estagie-conosco/nivel-superior/prm-cit;https://www-cdn.mpf.mp.br/o-mpf/unidades/pr-es/estagio/nivel-superior/prm-cit
Window;http://svlp-plnptapp01.pgr.mpf.mp.br:8401/portal/es/estagie-conosco/nivel-superior/prm-cit/direito;https://www-cdn.mpf.mp.br/o-mpf/unidades/pr-es/estagio/nivel-superior/prm-cit/direito
Folder;http://svlp-plnptapp01.pgr.mpf.mp.br:8401/portal/es/estagie-conosco/nivel-superior/prm-col;https://www-cdn.mpf.mp.br/o-mpf/unidades/pr-es/estagio/nivel-superior/prm-col
Window;http://svlp-plnptapp01.pgr.mpf.mp.br:8401/portal/es/estagie-conosco/nivel-superior/prm-col/direito;https://www-cdn.mpf.mp.br/o-mpf/unidades/pr-es/estagio/nivel-superior/prm-col/direito
Folder;http://svlp-plnptapp01.pgr.mpf.mp.br:8401/portal/es/estagie-conosco/nivel-superior/prm-lin;https://www-cdn.mpf.mp.br/o-mpf/unidades/pr-es/estagio/nivel-superior/prm-lin
Window;http://svlp-plnptapp01.pgr.mpf.mp.br:8401/portal/es/estagie-conosco/nivel-superior/prm-lin/direito;https://www-cdn.mpf.mp.br/o-mpf/unidades/pr-es/estagio/nivel-superior/prm-lin/direito
Folder;http://svlp-plnptapp01.pgr.mpf.mp.br:8401/portal/es/estagie-conosco/nivel-superior/prm-sam;https://www-cdn.mpf.mp.br/o-mpf/unidades/pr-es/estagio/nivel-superior/prm-sam
Window;http://svlp-plnptapp01.pgr.mpf.mp.br:8401/portal/es/estagie-conosco/nivel-superior/prm-sam/prm-sam;https://www-cdn.mpf.mp.br/o-mpf/unidades/pr-es/estagio/nivel-superior/prm-sam/prm-sam
Link;http://svlp-plnptapp01.pgr.mpf.mp.br:8401/portal/es/estagie-conosco/pagina-inicial-de-estagios-no-mpf-es;https://www-cdn.mpf.mp.br/o-mpf/unidades/pr-es/estagio/pagina-inicial-de-estagios-no-mpf-es
Folder;http://svlp-plnptapp01.pgr.mpf.mp.br:8401/portal/es/estagie-conosco/processos-seletivos;https://www-cdn.mpf.mp.br/o-mpf/unidades/pr-es/estagio/processos-seletivos
Folder;http://svlp-plnptapp01.pgr.mpf.mp.br:8401/portal/es/estagie-conosco/processos-seletivos/2021;https://www-cdn.mpf.mp.br/o-mpf/unidades/pr-es/estagio/processos-seletivos/2021
Folder;http://svlp-plnptapp01.pgr.mpf.mp.br:8401/portal/es/estagie-conosco/processos-seletivos/2021/convenio-com-instituicoes-de-ensino;https://www-cdn.mpf.mp.br/o-mpf/unidades/pr-es/estagio/processos-seletivos/2021/convenio-com-instituicoes-de-ensino
File;http://svlp-plnptapp01.pgr.mpf.mp.br:8401/portal/es/estagie-conosco/processos-seletivos/2021/convenio-com-instituicoes-de-ensino/comunicado-sobre-o-convenio;https://www-cdn.mpf.mp.br/o-mpf/unidades/pr-es/estagio/processos-seletivos/2021/convenio-com-instituicoes-de-ensino/comunicado-sobre-o-convenio
Link;http://svlp-plnptapp01.pgr.mpf.mp.br:8401/portal/es/estagie-conosco/processos-seletivos/2021/convenio-com-instituicoes-de-ensino/envio-da-documentacao;https://www-cdn.mpf.mp.br/o-mpf/unidades/pr-es/estagio/processos-seletivos/2021/convenio-com-instituicoes-de-ensino/envio-da-documentacao
Folder;http://svlp-plnptapp01.pgr.mpf.mp.br:8401/portal/es/estagie-conosco/processos-seletivos/2021/processo-seletivo-01-2021;https://www-cdn.mpf.mp.br/o-mpf/unidades/pr-es/estagio/processos-seletivos/2021/processo-seletivo-01-2021
File;http://svlp-plnptapp01.pgr.mpf.mp.br:8401/portal/es/estagie-conosco/processos-seletivos/2021/processo-seletivo-01-2021/convocacao-heteroidentificacao-1-2021;https://www-cdn.mpf.mp.br/o-mpf/unidades/pr-es/estagio/processos-seletivos/2021/processo-seletivo-01-2021/convocacao-heteroidentificacao-1-2021
File;http://svlp-plnptapp01.pgr.mpf.mp.br:8401/portal/es/estagie-conosco/processos-seletivos/2021/processo-seletivo-01-2021/data-da-prova-do-processo-seletivo-01-2021-mpf-es;https://www-cdn.mpf.mp.br/o-mpf/unidades/pr-es/estagio/processos-seletivos/2021/processo-seletivo-01-2021/data-da-prova-do-processo-seletivo-01-2021-mpf-es
File;http://svlp-plnptapp01.pgr.mpf.mp.br:8401/portal/es/estagie-conosco/processos-seletivos/2021/processo-seletivo-01-2021/edital-01-2021;https://www-cdn.mpf.mp.br/o-mpf/unidades/pr-es/estagio/processos-seletivos/2021/processo-seletivo-01-2021/edital-01-2021
File;http://svlp-plnptapp01.pgr.mpf.mp.br:8401/portal/es/estagie-conosco/processos-seletivos/2021/processo-seletivo-01-2021/edital-de-resultado-final-do-processo-de-heteroidentificacao;https://www-cdn.mpf.mp.br/o-mpf/unidades/pr-es/estagio/processos-seletivos/2021/processo-seletivo-01-2021/edital-de-resultado-final-do-processo-de-heteroidentificacao
File;http://svlp-plnptapp01.pgr.mpf.mp.br:8401/portal/es/estagie-conosco/processos-seletivos/2021/processo-seletivo-01-2021/inscricoes-confirmadas;https://www-cdn.mpf.mp.br/o-mpf/unidades/pr-es/estagio/processos-seletivos/2021/processo-seletivo-01-2021/inscricoes-confirmadas
File;http://svlp-plnptapp01.pgr.mpf.mp.br:8401/portal/es/estagie-conosco/processos-seletivos/2021/processo-seletivo-01-2021/lista-de-candidatos-distribuida-por-sala-de-fiscalizacao-3;https://www-cdn.mpf.mp.br/o-mpf/unidades/pr-es/estagio/processos-seletivos/2021/processo-seletivo-01-2021/lista-de-candidatos-distribuida-por-sala-de-fiscalizacao-3
File;http://svlp-plnptapp01.pgr.mpf.mp.br:8401/portal/es/estagie-conosco/processos-seletivos/2021/processo-seletivo-01-2021/prorrogacao-de-prazo-para-a-entrega-de-documentos;https://www-cdn.mpf.mp.br/o-mpf/unidades/pr-es/estagio/processos-seletivos/2021/processo-seletivo-01-2021/prorrogacao-de-prazo-para-a-entrega-de-documentos
File;http://svlp-plnptapp01.pgr.mpf.mp.br:8401/portal/es/estagie-conosco/processos-seletivos/2021/processo-seletivo-01-2021/prorrogacao-do-prazo-de-inscricao;https://www-cdn.mpf.mp.br/o-mpf/unidades/pr-es/estagio/processos-seletivos/2021/processo-seletivo-01-2021/prorrogacao-do-prazo-de-inscricao
File;http://svlp-plnptapp01.pgr.mpf.mp.br:8401/portal/es/estagie-conosco/processos-seletivos/2021/processo-seletivo-01-2021/resultado-final-do-processo-seletivo-para-estagiarios-01-2021-mpf-es;https://www-cdn.mpf.mp.br/o-mpf/unidades/pr-es/estagio/processos-seletivos/2021/processo-seletivo-01-2021/resultado-final-do-processo-seletivo-para-estagiarios-01-2021-mpf-es
File;http://svlp-plnptapp01.pgr.mpf.mp.br:8401/portal/es/estagie-conosco/processos-seletivos/2021/processo-seletivo-01-2021/resultado-provisorio-do-processo-seletivo-de-estagiarios-1-2021-para-o-mpf-es;https://www-cdn.mpf.mp.br/o-mpf/unidades/pr-es/estagio/processos-seletivos/2021/processo-seletivo-01-2021/resultado-provisorio-do-processo-seletivo-de-estagiarios-1-2021-para-o-mpf-es
Folder;http://svlp-plnptapp01.pgr.mpf.mp.br:8401/portal/es/estagie-conosco/processos-seletivos/2021_2;https://www-cdn.mpf.mp.br/o-mpf/unidades/pr-es/estagio/processos-seletivos/2021_2
File;http://svlp-plnptapp01.pgr.mpf.mp.br:8401/portal/es/estagie-conosco/processos-seletivos/2021_2/confira-as-orientacoes-para-o-acesso-ao-sistema-de-prova-e-as-salas-de-fiscalizacao;https://www-cdn.mpf.mp.br/o-mpf/unidades/pr-es/estagio/processos-seletivos/2021_2/confira-as-orientacoes-para-o-acesso-ao-sistema-de-prova-e-as-salas-de-fiscalizacao
File;http://svlp-plnptapp01.pgr.mpf.mp.br:8401/portal/es/estagie-conosco/processos-seletivos/2021_2/confira-as-regras-do-edital-e-nao-deixe-de-credenciar-sua-instituicao;https://www-cdn.mpf.mp.br/o-mpf/unidades/pr-es/estagio/processos-seletivos/2021_2/confira-as-regras-do-edital-e-nao-deixe-de-credenciar-sua-instituicao
File;http://svlp-plnptapp01.pgr.mpf.mp.br:8401/portal/es/estagie-conosco/processos-seletivos/2021_2/confira-o-edital-para-novo-processo-seletivo-de-estagiarios;https://www-cdn.mpf.mp.br/o-mpf/unidades/pr-es/estagio/processos-seletivos/2021_2/confira-o-edital-para-novo-processo-seletivo-de-estagiarios
File;http://svlp-plnptapp01.pgr.mpf.mp.br:8401/portal/es/estagie-conosco/processos-seletivos/2021_2/edital-de-convocacao-de-heteroidentificacao;https://www-cdn.mpf.mp.br/o-mpf/unidades/pr-es/estagio/processos-seletivos/2021_2/edital-de-convocacao-de-heteroidentificacao
File;http://svlp-plnptapp01.pgr.mpf.mp.br:8401/portal/es/estagie-conosco/processos-seletivos/2021_2/edital-de-resultado-da-heteroidentificacao;https://www-cdn.mpf.mp.br/o-mpf/unidades/pr-es/estagio/processos-seletivos/2021_2/edital-de-resultado-da-heteroidentificacao
File;http://svlp-plnptapp01.pgr.mpf.mp.br:8401/portal/es/estagie-conosco/processos-seletivos/2021_2/edital-do-resultado-provisorio-do-processo-seletivo-02-2021-mpf-es;https://www-cdn.mpf.mp.br/o-mpf/unidades/pr-es/estagio/processos-seletivos/2021_2/edital-do-resultado-provisorio-do-processo-seletivo-02-2021-mpf-es
File;http://svlp-plnptapp01.pgr.mpf.mp.br:8401/portal/es/estagie-conosco/processos-seletivos/2021_2/inscricoes-para-processo-seletivo-do-mpf-es-vao-ate-24-de-outubro;https://www-cdn.mpf.mp.br/o-mpf/unidades/pr-es/estagio/processos-seletivos/2021_2/inscricoes-para-processo-seletivo-do-mpf-es-vao-ate-24-de-outubro
File;http://svlp-plnptapp01.pgr.mpf.mp.br:8401/portal/es/estagie-conosco/processos-seletivos/2021_2/mpf-es-publica-lista-de-inscritos-em-2o-processo-seletivo-para-estagiarios;https://www-cdn.mpf.mp.br/o-mpf/unidades/pr-es/estagio/processos-seletivos/2021_2/mpf-es-publica-lista-de-inscritos-em-2o-processo-seletivo-para-estagiarios
File;http://svlp-plnptapp01.pgr.mpf.mp.br:8401/portal/es/estagie-conosco/processos-seletivos/2021_2/portaria-com-o-resultado-final-do-processo-seletivo-para-estagiarios-2-2021;https://www-cdn.mpf.mp.br/o-mpf/unidades/pr-es/estagio/processos-seletivos/2021_2/portaria-com-o-resultado-final-do-processo-seletivo-para-estagiarios-2-2021
File;http://svlp-plnptapp01.pgr.mpf.mp.br:8401/portal/es/estagie-conosco/processos-seletivos/2021_2/portaria-de-renovacao-de-validade-do-resultado-final;https://www-cdn.mpf.mp.br/o-mpf/unidades/pr-es/estagio/processos-seletivos/2021_2/portaria-de-renovacao-de-validade-do-resultado-final
File;http://svlp-plnptapp01.pgr.mpf.mp.br:8401/portal/es/estagie-conosco/processos-seletivos/2021_2/retificacao-da-portaria-de-resultado-final-do-processo-seletivo-2-2021;https://www-cdn.mpf.mp.br/o-mpf/unidades/pr-es/estagio/processos-seletivos/2021_2/retificacao-da-portaria-de-resultado-final-do-processo-seletivo-2-2021
Folder;http://svlp-plnptapp01.pgr.mpf.mp.br:8401/portal/es/estagie-conosco/processos-seletivos/2022_1;https://www-cdn.mpf.mp.br/o-mpf/unidades/pr-es/estagio/processos-seletivos/2022_1
Folder;http://svlp-plnptapp01.pgr.mpf.mp.br:8401/portal/es/estagie-conosco/processos-seletivos/2022_1/acesso-as-salas-virtuais-prova-objetiva;https://www-cdn.mpf.mp.br/o-mpf/unidades/pr-es/estagio/processos-seletivos/2022_1/acesso-as-salas-virtuais-prova-objetiva
File;http://svlp-plnptapp01.pgr.mpf.mp.br:8401/portal/es/estagie-conosco/processos-seletivos/2022_1/acesso-as-salas-virtuais-prova-objetiva/lista-de-inscritos-por-sala-no-ambiente-virtual-prova-objetiva;https://www-cdn.mpf.mp.br/o-mpf/unidades/pr-es/estagio/processos-seletivos/2022_1/acesso-as-salas-virtuais-prova-objetiva/lista-de-inscritos-por-sala-no-ambiente-virtual-prova-objetiva
Acao;http://svlp-plnptapp01.pgr.mpf.mp.br:8401/portal/es/estagie-conosco/processos-seletivos/2022_1/acesso-as-salas-virtuais-prova-subjetiva;https://www-cdn.mpf.mp.br/o-mpf/unidades/pr-es/estagio/processos-seletivos/2022_1/acesso-as-salas-virtuais-prova-subjetiva
File;http://svlp-plnptapp01.pgr.mpf.mp.br:8401/portal/es/estagie-conosco/processos-seletivos/2022_1/atas-de-analise-de-autodeclaracoes-de-raca-para-concorrer-as-vagas-reservadas-negros-pardos;https://www-cdn.mpf.mp.br/o-mpf/unidades/pr-es/estagio/processos-seletivos/2022_1/atas-de-analise-de-autodeclaracoes-de-raca-para-concorrer-as-vagas-reservadas-negros-pardos
File;http://svlp-plnptapp01.pgr.mpf.mp.br:8401/portal/es/estagie-conosco/processos-seletivos/2022_1/atas-de-analise-de-autodeclaracoes-de-raca-para-concorrer-as-vagas-reservadas-negros-pardos-1;https://www-cdn.mpf.mp.br/o-mpf/unidades/pr-es/estagio/processos-seletivos/2022_1/atas-de-analise-de-autodeclaracoes-de-raca-para-concorrer-as-vagas-reservadas-negros-pardos-1
File;http://svlp-plnptapp01.pgr.mpf.mp.br:8401/portal/es/estagie-conosco/processos-seletivos/2022_1/atas-de-analise-de-autodeclaracoes-de-raca-para-concorrer-as-vagas-reservadas-negros-pardos-2;https://www-cdn.mpf.mp.br/o-mpf/unidades/pr-es/estagio/processos-seletivos/2022_1/atas-de-analise-de-autodeclaracoes-de-raca-para-concorrer-as-vagas-reservadas-negros-pardos-2
Folder;http://svlp-plnptapp01.pgr.mpf.mp.br:8401/portal/es/estagie-conosco/processos-seletivos/2022_1/convenio-com-instituicoes-de-ensino;https://www-cdn.mpf.mp.br/o-mpf/unidades/pr-es/estagio/processos-seletivos/2022_1/convenio-com-instituicoes-de-ensino
File;http://svlp-plnptapp01.pgr.mpf.mp.br:8401/portal/es/estagie-conosco/processos-seletivos/2022_1/convenio-com-instituicoes-de-ensino/comunicado-sobre-convenio-com-instituicoes-de-ensino;https://www-cdn.mpf.mp.br/o-mpf/unidades/pr-es/estagio/processos-seletivos/2022_1/convenio-com-instituicoes-de-ensino/comunicado-sobre-convenio-com-instituicoes-de-ensino
Acao;http://svlp-plnptapp01.pgr.mpf.mp.br:8401/portal/es/estagie-conosco/processos-seletivos/2022_1/convocacao-para-comparecimento-perante-a-comissao-de-heteroidentificacao;https://www-cdn.mpf.mp.br/o-mpf/unidades/pr-es/estagio/processos-seletivos/2022_1/convocacao-para-comparecimento-perante-a-comissao-de-heteroidentificacao
Folder;http://svlp-plnptapp01.pgr.mpf.mp.br:8401/portal/es/estagie-conosco/processos-seletivos/2022_1/edital-no-01-mpf-es-2022;https://www-cdn.mpf.mp.br/o-mpf/unidades/pr-es/estagio/processos-seletivos/2022_1/edital-no-01-mpf-es-2022
File;http://svlp-plnptapp01.pgr.mpf.mp.br:8401/portal/es/estagie-conosco/processos-seletivos/2022_1/edital-no-01-mpf-es-2022/edital-no-01-mpf-es-2022;https://www-cdn.mpf.mp.br/o-mpf/unidades/pr-es/estagio/processos-seletivos/2022_1/edital-no-01-mpf-es-2022/edital-no-01-mpf-es-2022
Acao;http://svlp-plnptapp01.pgr.mpf.mp.br:8401/portal/es/estagie-conosco/processos-seletivos/2022_1/gabarito-da-prova-objetiva-de-comunicacao-social-jornalismo;https://www-cdn.mpf.mp.br/o-mpf/unidades/pr-es/estagio/processos-seletivos/2022_1/gabarito-da-prova-objetiva-de-comunicacao-social-jornalismo
Acao;http://svlp-plnptapp01.pgr.mpf.mp.br:8401/portal/es/estagie-conosco/processos-seletivos/2022_1/gabarito-da-prova-objetiva-de-direito;https://www-cdn.mpf.mp.br/o-mpf/unidades/pr-es/estagio/processos-seletivos/2022_1/gabarito-da-prova-objetiva-de-direito
Acao;http://svlp-plnptapp01.pgr.mpf.mp.br:8401/portal/es/estagie-conosco/processos-seletivos/2022_1/gabarito-da-prova-objetiva-de-engenharia-civil;https://www-cdn.mpf.mp.br/o-mpf/unidades/pr-es/estagio/processos-seletivos/2022_1/gabarito-da-prova-objetiva-de-engenharia-civil
Acao;http://svlp-plnptapp01.pgr.mpf.mp.br:8401/portal/es/estagie-conosco/processos-seletivos/2022_1/gabarito-da-prova-objetiva-de-informatica-engenharia-da-computacao-sistemas-da-informacao-e-ciencias-da-computacao;https://www-cdn.mpf.mp.br/o-mpf/unidades/pr-es/estagio/processos-seletivos/2022_1/gabarito-da-prova-objetiva-de-informatica-engenharia-da-computacao-sistemas-da-informacao-e-ciencias-da-computacao
Acao;http://svlp-plnptapp01.pgr.mpf.mp.br:8401/portal/es/estagie-conosco/processos-seletivos/2022_1/gabarito-prova-de-administracao;https://www-cdn.mpf.mp.br/o-mpf/unidades/pr-es/estagio/processos-seletivos/2022_1/gabarito-prova-de-administracao
Acao;http://svlp-plnptapp01.pgr.mpf.mp.br:8401/portal/es/estagie-conosco/processos-seletivos/2022_1/lista-de-candidatos-classificados-para-a-prova-subjetiva;https://www-cdn.mpf.mp.br/o-mpf/unidades/pr-es/estagio/processos-seletivos/2022_1/lista-de-candidatos-classificados-para-a-prova-subjetiva
Folder;http://svlp-plnptapp01.pgr.mpf.mp.br:8401/portal/es/estagie-conosco/processos-seletivos/2022_1/lista-de-inscritos-no-processo-seletivo;https://www-cdn.mpf.mp.br/o-mpf/unidades/pr-es/estagio/processos-seletivos/2022_1/lista-de-inscritos-no-processo-seletivo
File;http://svlp-plnptapp01.pgr.mpf.mp.br:8401/portal/es/estagie-conosco/processos-seletivos/2022_1/lista-de-inscritos-no-processo-seletivo/lista-de-inscritos;https://www-cdn.mpf.mp.br/o-mpf/unidades/pr-es/estagio/processos-seletivos/2022_1/lista-de-inscritos-no-processo-seletivo/lista-de-inscritos
Acao;http://svlp-plnptapp01.pgr.mpf.mp.br:8401/portal/es/estagie-conosco/processos-seletivos/2022_1/prazo-para-recurso-do-gabarito-de-prova-objetiva;https://www-cdn.mpf.mp.br/o-mpf/unidades/pr-es/estagio/processos-seletivos/2022_1/prazo-para-recurso-do-gabarito-de-prova-objetiva
File;http://svlp-plnptapp01.pgr.mpf.mp.br:8401/portal/es/estagie-conosco/processos-seletivos/2022_1/resultado-final-do-processo-seletivo-de-estagio-1-2022-mpf-es;https://www-cdn.mpf.mp.br/o-mpf/unidades/pr-es/estagio/processos-seletivos/2022_1/resultado-final-do-processo-seletivo-de-estagio-1-2022-mpf-es
Folder;http://svlp-plnptapp01.pgr.mpf.mp.br:8401/portal/es/estagie-conosco/processos-seletivos/2022_1/resultado-provisorio-do-processo-seletivo-e-abertura-do-prazo-para-recurso;https://www-cdn.mpf.mp.br/o-mpf/unidades/pr-es/estagio/processos-seletivos/2022_1/resultado-provisorio-do-processo-seletivo-e-abertura-do-prazo-para-recurso
File;http://svlp-plnptapp01.pgr.mpf.mp.br:8401/portal/es/estagie-conosco/processos-seletivos/2022_1/resultado-provisorio-do-processo-seletivo-e-abertura-do-prazo-para-recurso/resultado-provisorio;https://www-cdn.mpf.mp.br/o-mpf/unidades/pr-es/estagio/processos-seletivos/2022_1/resultado-provisorio-do-processo-seletivo-e-abertura-do-prazo-para-recurso/resultado-provisorio
Folder;http://svlp-plnptapp01.pgr.mpf.mp.br:8401/portal/es/estagie-conosco/processos-seletivos/2022_2;https://www-cdn.mpf.mp.br/o-mpf/unidades/pr-es/estagio/processos-seletivos/2022_2
File;http://svlp-plnptapp01.pgr.mpf.mp.br:8401/portal/es/estagie-conosco/processos-seletivos/2022_2/convite-para-convenio-instituicoes-de-ensino-superior;https://www-cdn.mpf.mp.br/o-mpf/unidades/pr-es/estagio/processos-seletivos/2022_2/convite-para-convenio-instituicoes-de-ensino-superior
File;http://svlp-plnptapp01.pgr.mpf.mp.br:8401/portal/es/estagie-conosco/processos-seletivos/2022_2/convocacao-para-comissao-de-heteroidentificacao-caroline-moreira-domingues-13-10-2022-15h30;https://www-cdn.mpf.mp.br/o-mpf/unidades/pr-es/estagio/processos-seletivos/2022_2/convocacao-para-comissao-de-heteroidentificacao-caroline-moreira-domingues-13-10-2022-15h30
File;http://svlp-plnptapp01.pgr.mpf.mp.br:8401/portal/es/estagie-conosco/processos-seletivos/2022_2/convocacao-para-comissao-de-heteroidentificacao-celiane-silva-de-jesus-13-10-2022-14h;https://www-cdn.mpf.mp.br/o-mpf/unidades/pr-es/estagio/processos-seletivos/2022_2/convocacao-para-comissao-de-heteroidentificacao-celiane-silva-de-jesus-13-10-2022-14h
File;http://svlp-plnptapp01.pgr.mpf.mp.br:8401/portal/es/estagie-conosco/processos-seletivos/2022_2/convocacao-para-comissao-de-heteroidentificacao-pedro-girelli-bezerra-13-10-2022-14h30;https://www-cdn.mpf.mp.br/o-mpf/unidades/pr-es/estagio/processos-seletivos/2022_2/convocacao-para-comissao-de-heteroidentificacao-pedro-girelli-bezerra-13-10-2022-14h30
File;http://svlp-plnptapp01.pgr.mpf.mp.br:8401/portal/es/estagie-conosco/processos-seletivos/2022_2/convocacao-para-comissao-de-heteroidentificacao-raquel-nascimento-de-araujo-13-10-2022-15h;https://www-cdn.mpf.mp.br/o-mpf/unidades/pr-es/estagio/processos-seletivos/2022_2/convocacao-para-comissao-de-heteroidentificacao-raquel-nascimento-de-araujo-13-10-2022-15h
File;http://svlp-plnptapp01.pgr.mpf.mp.br:8401/portal/es/estagie-conosco/processos-seletivos/2022_2/edital-processo-seletivo-de-estagio-mpf-es-2-2022;https://www-cdn.mpf.mp.br/o-mpf/unidades/pr-es/estagio/processos-seletivos/2022_2/edital-processo-seletivo-de-estagio-mpf-es-2-2022
File;http://svlp-plnptapp01.pgr.mpf.mp.br:8401/portal/es/estagie-conosco/processos-seletivos/2022_2/inscricoes-confirmadas;https://www-cdn.mpf.mp.br/o-mpf/unidades/pr-es/estagio/processos-seletivos/2022_2/inscricoes-confirmadas
File;http://svlp-plnptapp01.pgr.mpf.mp.br:8401/portal/es/estagie-conosco/processos-seletivos/2022_2/lista-de-convocados-para-prova-03-10-14h;https://www-cdn.mpf.mp.br/o-mpf/unidades/pr-es/estagio/processos-seletivos/2022_2/lista-de-convocados-para-prova-03-10-14h
File;http://svlp-plnptapp01.pgr.mpf.mp.br:8401/portal/es/estagie-conosco/processos-seletivos/2022_2/lista-de-convocados-para-prova-03-10-14h30;https://www-cdn.mpf.mp.br/o-mpf/unidades/pr-es/estagio/processos-seletivos/2022_2/lista-de-convocados-para-prova-03-10-14h30
File;http://svlp-plnptapp01.pgr.mpf.mp.br:8401/portal/es/estagie-conosco/processos-seletivos/2022_2/lista-de-convocados-para-prova-03-10-16h;https://www-cdn.mpf.mp.br/o-mpf/unidades/pr-es/estagio/processos-seletivos/2022_2/lista-de-convocados-para-prova-03-10-16h
File;http://svlp-plnptapp01.pgr.mpf.mp.br:8401/portal/es/estagie-conosco/processos-seletivos/2022_2/novo-endereco-para-interposicao-de-recurso;https://www-cdn.mpf.mp.br/o-mpf/unidades/pr-es/estagio/processos-seletivos/2022_2/novo-endereco-para-interposicao-de-recurso
File;http://svlp-plnptapp01.pgr.mpf.mp.br:8401/portal/es/estagie-conosco/processos-seletivos/2022_2/parecer-da-comissao-de-heteroidentificacao-caroline-moreira-domingues;https://www-cdn.mpf.mp.br/o-mpf/unidades/pr-es/estagio/processos-seletivos/2022_2/parecer-da-comissao-de-heteroidentificacao-caroline-moreira-domingues
File;http://svlp-plnptapp01.pgr.mpf.mp.br:8401/portal/es/estagie-conosco/processos-seletivos/2022_2/parecer-da-comissao-de-heteroidentificacao-celiane-silva-jesus;https://www-cdn.mpf.mp.br/o-mpf/unidades/pr-es/estagio/processos-seletivos/2022_2/parecer-da-comissao-de-heteroidentificacao-celiane-silva-jesus
File;http://svlp-plnptapp01.pgr.mpf.mp.br:8401/portal/es/estagie-conosco/processos-seletivos/2022_2/parecer-da-comissao-de-heteroidentificacao-pedro-girelli-bezerra;https://www-cdn.mpf.mp.br/o-mpf/unidades/pr-es/estagio/processos-seletivos/2022_2/parecer-da-comissao-de-heteroidentificacao-pedro-girelli-bezerra
File;http://svlp-plnptapp01.pgr.mpf.mp.br:8401/portal/es/estagie-conosco/processos-seletivos/2022_2/parecer-da-comissao-de-heteroidentificacao-raquel-nascimento-de-araujo;https://www-cdn.mpf.mp.br/o-mpf/unidades/pr-es/estagio/processos-seletivos/2022_2/parecer-da-comissao-de-heteroidentificacao-raquel-nascimento-de-araujo
File;http://svlp-plnptapp01.pgr.mpf.mp.br:8401/portal/es/estagie-conosco/processos-seletivos/2022_2/portaria-244-2022-sest-pres-pr-es-00037912-2022;https://www-cdn.mpf.mp.br/o-mpf/unidades/pr-es/estagio/processos-seletivos/2022_2/portaria-244-2022-sest-pres-pr-es-00037912-2022
File;http://svlp-plnptapp01.pgr.mpf.mp.br:8401/portal/es/estagie-conosco/processos-seletivos/2022_2/resultado-final-portaria-244-2022-sest-pres-pr-es-00037912-2022;https://www-cdn.mpf.mp.br/o-mpf/unidades/pr-es/estagio/processos-seletivos/2022_2/resultado-final-portaria-244-2022-sest-pres-pr-es-00037912-2022
File;http://svlp-plnptapp01.pgr.mpf.mp.br:8401/portal/es/estagie-conosco/processos-seletivos/2022_2/resultado-provisorio-da-prova-subjetiva;https://www-cdn.mpf.mp.br/o-mpf/unidades/pr-es/estagio/processos-seletivos/2022_2/resultado-provisorio-da-prova-subjetiva
Folder;http://svlp-plnptapp01.pgr.mpf.mp.br:8401/portal/es/estagie-conosco/processos-seletivos/2023_1-1;https://www-cdn.mpf.mp.br/o-mpf/unidades/pr-es/estagio/processos-seletivos/2023_1-1
File;http://svlp-plnptapp01.pgr.mpf.mp.br:8401/portal/es/estagie-conosco/processos-seletivos/2023_1-1/ata_entrevista_banca_heteroidentificacao_1;https://www-cdn.mpf.mp.br/o-mpf/unidades/pr-es/estagio/processos-seletivos/2023_1-1/ata_entrevista_banca_heteroidentificacao_1
File;http://svlp-plnptapp01.pgr.mpf.mp.br:8401/portal/es/estagie-conosco/processos-seletivos/2023_1-1/ata_entrevista_banca_heteroidentificacao_10;https://www-cdn.mpf.mp.br/o-mpf/unidades/pr-es/estagio/processos-seletivos/2023_1-1/ata_entrevista_banca_heteroidentificacao_10
File;http://svlp-plnptapp01.pgr.mpf.mp.br:8401/portal/es/estagie-conosco/processos-seletivos/2023_1-1/ata_entrevista_banca_heteroidentificacao_11;https://www-cdn.mpf.mp.br/o-mpf/unidades/pr-es/estagio/processos-seletivos/2023_1-1/ata_entrevista_banca_heteroidentificacao_11
File;http://svlp-plnptapp01.pgr.mpf.mp.br:8401/portal/es/estagie-conosco/processos-seletivos/2023_1-1/ata_entrevista_banca_heteroidentificacao_2;https://www-cdn.mpf.mp.br/o-mpf/unidades/pr-es/estagio/processos-seletivos/2023_1-1/ata_entrevista_banca_heteroidentificacao_2
File;http://svlp-plnptapp01.pgr.mpf.mp.br:8401/portal/es/estagie-conosco/processos-seletivos/2023_1-1/ata_entrevista_banca_heteroidentificacao_3;https://www-cdn.mpf.mp.br/o-mpf/unidades/pr-es/estagio/processos-seletivos/2023_1-1/ata_entrevista_banca_heteroidentificacao_3
File;http://svlp-plnptapp01.pgr.mpf.mp.br:8401/portal/es/estagie-conosco/processos-seletivos/2023_1-1/ata_entrevista_banca_heteroidentificacao_4;https://www-cdn.mpf.mp.br/o-mpf/unidades/pr-es/estagio/processos-seletivos/2023_1-1/ata_entrevista_banca_heteroidentificacao_4
File;http://svlp-plnptapp01.pgr.mpf.mp.br:8401/portal/es/estagie-conosco/processos-seletivos/2023_1-1/ata_entrevista_banca_heteroidentificacao_5;https://www-cdn.mpf.mp.br/o-mpf/unidades/pr-es/estagio/processos-seletivos/2023_1-1/ata_entrevista_banca_heteroidentificacao_5
File;http://svlp-plnptapp01.pgr.mpf.mp.br:8401/portal/es/estagie-conosco/processos-seletivos/2023_1-1/ata_entrevista_banca_heteroidentificacao_6;https://www-cdn.mpf.mp.br/o-mpf/unidades/pr-es/estagio/processos-seletivos/2023_1-1/ata_entrevista_banca_heteroidentificacao_6
File;http://svlp-plnptapp01.pgr.mpf.mp.br:8401/portal/es/estagie-conosco/processos-seletivos/2023_1-1/ata_entrevista_banca_heteroidentificacao_7;https://www-cdn.mpf.mp.br/o-mpf/unidades/pr-es/estagio/processos-seletivos/2023_1-1/ata_entrevista_banca_heteroidentificacao_7
File;http://svlp-plnptapp01.pgr.mpf.mp.br:8401/portal/es/estagie-conosco/processos-seletivos/2023_1-1/ata_entrevista_banca_heteroidentificacao_8;https://www-cdn.mpf.mp.br/o-mpf/unidades/pr-es/estagio/processos-seletivos/2023_1-1/ata_entrevista_banca_heteroidentificacao_8
File;http://svlp-plnptapp01.pgr.mpf.mp.br:8401/portal/es/estagie-conosco/processos-seletivos/2023_1-1/ata_entrevista_banca_heteroidentificacao_9;https://www-cdn.mpf.mp.br/o-mpf/unidades/pr-es/estagio/processos-seletivos/2023_1-1/ata_entrevista_banca_heteroidentificacao_9
File;http://svlp-plnptapp01.pgr.mpf.mp.br:8401/portal/es/estagie-conosco/processos-seletivos/2023_1-1/convite-a-convenio;https://www-cdn.mpf.mp.br/o-mpf/unidades/pr-es/estagio/processos-seletivos/2023_1-1/convite-a-convenio
File;http://svlp-plnptapp01.pgr.mpf.mp.br:8401/portal/es/estagie-conosco/processos-seletivos/2023_1-1/edital-processo-seletivo-de-estagio-mpf-es-1-2023;https://www-cdn.mpf.mp.br/o-mpf/unidades/pr-es/estagio/processos-seletivos/2023_1-1/edital-processo-seletivo-de-estagio-mpf-es-1-2023
File;http://svlp-plnptapp01.pgr.mpf.mp.br:8401/portal/es/estagie-conosco/processos-seletivos/2023_1-1/edital_convocacao_banca_heteroidentificacao;https://www-cdn.mpf.mp.br/o-mpf/unidades/pr-es/estagio/processos-seletivos/2023_1-1/edital_convocacao_banca_heteroidentificacao
File;http://svlp-plnptapp01.pgr.mpf.mp.br:8401/portal/es/estagie-conosco/processos-seletivos/2023_1-1/edital_convocacao_banca_heteroidentificacao-1;https://www-cdn.mpf.mp.br/o-mpf/unidades/pr-es/estagio/processos-seletivos/2023_1-1/edital_convocacao_banca_heteroidentificacao-1
File;http://svlp-plnptapp01.pgr.mpf.mp.br:8401/portal/es/estagie-conosco/processos-seletivos/2023_1-1/edital_convocacao_banca_heteroidentificacao-2;https://www-cdn.mpf.mp.br/o-mpf/unidades/pr-es/estagio/processos-seletivos/2023_1-1/edital_convocacao_banca_heteroidentificacao-2
File;http://svlp-plnptapp01.pgr.mpf.mp.br:8401/portal/es/estagie-conosco/processos-seletivos/2023_1-1/edital_convocacao_banca_heteroidentificacao-3;https://www-cdn.mpf.mp.br/o-mpf/unidades/pr-es/estagio/processos-seletivos/2023_1-1/edital_convocacao_banca_heteroidentificacao-3
File;http://svlp-plnptapp01.pgr.mpf.mp.br:8401/portal/es/estagie-conosco/processos-seletivos/2023_1-1/edital_convocacao_banca_heteroidentificacao-4;https://www-cdn.mpf.mp.br/o-mpf/unidades/pr-es/estagio/processos-seletivos/2023_1-1/edital_convocacao_banca_heteroidentificacao-4
File;http://svlp-plnptapp01.pgr.mpf.mp.br:8401/portal/es/estagie-conosco/processos-seletivos/2023_1-1/edital_convocacao_banca_heteroidentificacao-5;https://www-cdn.mpf.mp.br/o-mpf/unidades/pr-es/estagio/processos-seletivos/2023_1-1/edital_convocacao_banca_heteroidentificacao-5
File;http://svlp-plnptapp01.pgr.mpf.mp.br:8401/portal/es/estagie-conosco/processos-seletivos/2023_1-1/edital_convocacao_banca_heteroidentificacao-6;https://www-cdn.mpf.mp.br/o-mpf/unidades/pr-es/estagio/processos-seletivos/2023_1-1/edital_convocacao_banca_heteroidentificacao-6
File;http://svlp-plnptapp01.pgr.mpf.mp.br:8401/portal/es/estagie-conosco/processos-seletivos/2023_1-1/edital_convocacao_banca_heteroidentificacao-7;https://www-cdn.mpf.mp.br/o-mpf/unidades/pr-es/estagio/processos-seletivos/2023_1-1/edital_convocacao_banca_heteroidentificacao-7
File;http://svlp-plnptapp01.pgr.mpf.mp.br:8401/portal/es/estagie-conosco/processos-seletivos/2023_1-1/edital_convocacao_banca_heteroidentificacao_1;https://www-cdn.mpf.mp.br/o-mpf/unidades/pr-es/estagio/processos-seletivos/2023_1-1/edital_convocacao_banca_heteroidentificacao_1
File;http://svlp-plnptapp01.pgr.mpf.mp.br:8401/portal/es/estagie-conosco/processos-seletivos/2023_1-1/edital_convocacao_banca_heteroidentificacao_2;https://www-cdn.mpf.mp.br/o-mpf/unidades/pr-es/estagio/processos-seletivos/2023_1-1/edital_convocacao_banca_heteroidentificacao_2
File;http://svlp-plnptapp01.pgr.mpf.mp.br:8401/portal/es/estagie-conosco/processos-seletivos/2023_1-1/edital_convocacao_banca_heteroidentificacao_3;https://www-cdn.mpf.mp.br/o-mpf/unidades/pr-es/estagio/processos-seletivos/2023_1-1/edital_convocacao_banca_heteroidentificacao_3
File;http://svlp-plnptapp01.pgr.mpf.mp.br:8401/portal/es/estagie-conosco/processos-seletivos/2023_1-1/edital_convocacao_banca_heteroidentificacao_4;https://www-cdn.mpf.mp.br/o-mpf/unidades/pr-es/estagio/processos-seletivos/2023_1-1/edital_convocacao_banca_heteroidentificacao_4
Link;http://svlp-plnptapp01.pgr.mpf.mp.br:8401/portal/es/estagie-conosco/processos-seletivos/2023_1-1/faca-aqui-sua-inscricao-para-o-1o-processo-seletivo-para-estagiarios-do-mpf-es-de-2023;https://www-cdn.mpf.mp.br/o-mpf/unidades/pr-es/estagio/processos-seletivos/2023_1-1/faca-aqui-sua-inscricao-para-o-1o-processo-seletivo-para-estagiarios-do-mpf-es-de-2023
File;http://svlp-plnptapp01.pgr.mpf.mp.br:8401/portal/es/estagie-conosco/processos-seletivos/2023_1-1/listagem-dos-candidatos-com-inscricoes-deferidas;https://www-cdn.mpf.mp.br/o-mpf/unidades/pr-es/estagio/processos-seletivos/2023_1-1/listagem-dos-candidatos-com-inscricoes-deferidas
File;http://svlp-plnptapp01.pgr.mpf.mp.br:8401/portal/es/estagie-conosco/processos-seletivos/2023_1-1/resultado-final-do-1o-processo-seletivo-de-estagiarios-do-mpf-es;https://www-cdn.mpf.mp.br/o-mpf/unidades/pr-es/estagio/processos-seletivos/2023_1-1/resultado-final-do-1o-processo-seletivo-de-estagiarios-do-mpf-es
File;http://svlp-plnptapp01.pgr.mpf.mp.br:8401/portal/es/estagie-conosco/processos-seletivos/2023_1-1/resultado-final-do-processo-seletivo;https://www-cdn.mpf.mp.br/o-mpf/unidades/pr-es/estagio/processos-seletivos/2023_1-1/resultado-final-do-processo-seletivo
File;http://svlp-plnptapp01.pgr.mpf.mp.br:8401/portal/es/estagie-conosco/processos-seletivos/2023_1-1/resultado-final-do-processo-seletivo-1-2023_retificacao;https://www-cdn.mpf.mp.br/o-mpf/unidades/pr-es/estagio/processos-seletivos/2023_1-1/resultado-final-do-processo-seletivo-1-2023_retificacao
File;http://svlp-plnptapp01.pgr.mpf.mp.br:8401/portal/es/estagie-conosco/processos-seletivos/2023_1-1/resultado-provisorio-do-processo-seletivo;https://www-cdn.mpf.mp.br/o-mpf/unidades/pr-es/estagio/processos-seletivos/2023_1-1/resultado-provisorio-do-processo-seletivo
File;http://svlp-plnptapp01.pgr.mpf.mp.br:8401/portal/es/estagie-conosco/processos-seletivos/2023_1-1/resultado-provisorio-retificacao;https://www-cdn.mpf.mp.br/o-mpf/unidades/pr-es/estagio/processos-seletivos/2023_1-1/resultado-provisorio-retificacao
Folder;http://svlp-plnptapp01.pgr.mpf.mp.br:8401/portal/es/estagie-conosco/processos-seletivos/2024_1-1;https://www-cdn.mpf.mp.br/o-mpf/unidades/pr-es/estagio/processos-seletivos/2024_1-1
File;http://svlp-plnptapp01.pgr.mpf.mp.br:8401/portal/es/estagie-conosco/processos-seletivos/2024_1-1/2024_1;https://www-cdn.mpf.mp.br/o-mpf/unidades/pr-es/estagio/processos-seletivos/2024_1-1/2024_1
File;http://svlp-plnptapp01.pgr.mpf.mp.br:8401/portal/es/estagie-conosco/processos-seletivos/2024_1-1/Retificacao%20do%20link%20de%20pre-inscricao;https://www-cdn.mpf.mp.br/o-mpf/unidades/pr-es/estagio/processos-seletivos/2024_1-1/Retificacao do link de pre-inscricao
File;http://svlp-plnptapp01.pgr.mpf.mp.br:8401/portal/es/estagie-conosco/processos-seletivos/2024_1-1/anexos-edital-2024.pdf;https://www-cdn.mpf.mp.br/o-mpf/unidades/pr-es/estagio/processos-seletivos/2024_1-1/anexos-edital-2024.pdf
File;http://svlp-plnptapp01.pgr.mpf.mp.br:8401/portal/es/estagie-conosco/processos-seletivos/2024_1-1/data-da-prova.pdf;https://www-cdn.mpf.mp.br/o-mpf/unidades/pr-es/estagio/processos-seletivos/2024_1-1/data-da-prova.pdf
File;http://svlp-plnptapp01.pgr.mpf.mp.br:8401/portal/es/estagie-conosco/processos-seletivos/2024_1-1/document-17.pdf;https://www-cdn.mpf.mp.br/o-mpf/unidades/pr-es/estagio/processos-seletivos/2024_1-1/document-17.pdf
File;http://svlp-plnptapp01.pgr.mpf.mp.br:8401/portal/es/estagie-conosco/processos-seletivos/2024_1-1/edital-de-convocacao-para-a-comissao-de-heteroidentificacao;https://www-cdn.mpf.mp.br/o-mpf/unidades/pr-es/estagio/processos-seletivos/2024_1-1/edital-de-convocacao-para-a-comissao-de-heteroidentificacao
File;http://svlp-plnptapp01.pgr.mpf.mp.br:8401/portal/es/estagie-conosco/processos-seletivos/2024_1-1/lista-de-confirmados.pdf;https://www-cdn.mpf.mp.br/o-mpf/unidades/pr-es/estagio/processos-seletivos/2024_1-1/lista-de-confirmados.pdf
File;http://svlp-plnptapp01.pgr.mpf.mp.br:8401/portal/es/estagie-conosco/processos-seletivos/2024_1-1/pr-es-00018306-2024-2.pdf;https://www-cdn.mpf.mp.br/o-mpf/unidades/pr-es/estagio/processos-seletivos/2024_1-1/pr-es-00018306-2024-2.pdf
File;http://svlp-plnptapp01.pgr.mpf.mp.br:8401/portal/es/estagie-conosco/processos-seletivos/2024_1-1/resultado-final-1.pdf;https://www-cdn.mpf.mp.br/o-mpf/unidades/pr-es/estagio/processos-seletivos/2024_1-1/resultado-final-1.pdf
File;http://svlp-plnptapp01.pgr.mpf.mp.br:8401/portal/es/estagie-conosco/processos-seletivos/2024_1-1/resultado-final-heteroidentificacao.pdf;https://www-cdn.mpf.mp.br/o-mpf/unidades/pr-es/estagio/processos-seletivos/2024_1-1/resultado-final-heteroidentificacao.pdf
File;http://svlp-plnptapp01.pgr.mpf.mp.br:8401/portal/es/estagie-conosco/processos-seletivos/2024_1-1/resultado-preliminar-e-prazo-para-recurso;https://www-cdn.mpf.mp.br/o-mpf/unidades/pr-es/estagio/processos-seletivos/2024_1-1/resultado-preliminar-e-prazo-para-recurso
File;http://svlp-plnptapp01.pgr.mpf.mp.br:8401/portal/es/estagie-conosco/processos-seletivos/2024_1-1/resultado-preliminar-heteroidentificacao.pdf;https://www-cdn.mpf.mp.br/o-mpf/unidades/pr-es/estagio/processos-seletivos/2024_1-1/resultado-preliminar-heteroidentificacao.pdf
File;http://svlp-plnptapp01.pgr.mpf.mp.br:8401/portal/es/estagie-conosco/processos-seletivos/2024_1-1/resultado-preliminar.pdf;https://www-cdn.mpf.mp.br/o-mpf/unidades/pr-es/estagio/processos-seletivos/2024_1-1/resultado-preliminar.pdf
Folder;http://svlp-plnptapp01.pgr.mpf.mp.br:8401/portal/es/estagie-conosco/processos-seletivos/2024_2;https://www-cdn.mpf.mp.br/o-mpf/unidades/pr-es/estagio/processos-seletivos/2024_2
Collection;http://svlp-plnptapp01.pgr.mpf.mp.br:8401/portal/es/estagie-conosco/processos-seletivos/2024_2/2o-processo-seletivo-de-2024;https://www-cdn.mpf.mp.br/o-mpf/unidades/pr-es/estagio/processos-seletivos/2024_2/2o-processo-seletivo-de-2024
File;http://svlp-plnptapp01.pgr.mpf.mp.br:8401/portal/es/estagie-conosco/processos-seletivos/2024_2/chamada-a-convenio.pdf;https://www-cdn.mpf.mp.br/o-mpf/unidades/pr-es/estagio/processos-seletivos/2024_2/chamada-a-convenio.pdf
File;http://svlp-plnptapp01.pgr.mpf.mp.br:8401/portal/es/estagie-conosco/processos-seletivos/2024_2/comunicado-de-alteracao-de-horario-de-provas.pdf;https://www-cdn.mpf.mp.br/o-mpf/unidades/pr-es/estagio/processos-seletivos/2024_2/comunicado-de-alteracao-de-horario-de-provas.pdf
File;http://svlp-plnptapp01.pgr.mpf.mp.br:8401/portal/es/estagie-conosco/processos-seletivos/2024_2/convocacao-de-heteroidentificacao-concurso-2-2024.pdf;https://www-cdn.mpf.mp.br/o-mpf/unidades/pr-es/estagio/processos-seletivos/2024_2/convocacao-de-heteroidentificacao-concurso-2-2024.pdf
File;http://svlp-plnptapp01.pgr.mpf.mp.br:8401/portal/es/estagie-conosco/processos-seletivos/2024_2/data-da-prova-subjetiva-e-orientacoes.pdf;https://www-cdn.mpf.mp.br/o-mpf/unidades/pr-es/estagio/processos-seletivos/2024_2/data-da-prova-subjetiva-e-orientacoes.pdf
File;http://svlp-plnptapp01.pgr.mpf.mp.br:8401/portal/es/estagie-conosco/processos-seletivos/2024_2/datas-e-horario-das-provas-objetivas.pdf;https://www-cdn.mpf.mp.br/o-mpf/unidades/pr-es/estagio/processos-seletivos/2024_2/datas-e-horario-das-provas-objetivas.pdf
File;http://svlp-plnptapp01.pgr.mpf.mp.br:8401/portal/es/estagie-conosco/processos-seletivos/2024_2/dia-da-prova-gabarito-preliminar-recursos-da-prova-objetiva;https://www-cdn.mpf.mp.br/o-mpf/unidades/pr-es/estagio/processos-seletivos/2024_2/dia-da-prova-gabarito-preliminar-recursos-da-prova-objetiva
File;http://svlp-plnptapp01.pgr.mpf.mp.br:8401/portal/es/estagie-conosco/processos-seletivos/2024_2/informacao-ao-candidato-sobre-acesso-ao-moodle.pdf;https://www-cdn.mpf.mp.br/o-mpf/unidades/pr-es/estagio/processos-seletivos/2024_2/informacao-ao-candidato-sobre-acesso-ao-moodle.pdf
File;http://svlp-plnptapp01.pgr.mpf.mp.br:8401/portal/es/estagie-conosco/processos-seletivos/2024_2/lista-de-inscricoes-confirmadas.pdf;https://www-cdn.mpf.mp.br/o-mpf/unidades/pr-es/estagio/processos-seletivos/2024_2/lista-de-inscricoes-confirmadas.pdf
File;http://svlp-plnptapp01.pgr.mpf.mp.br:8401/portal/es/estagie-conosco/processos-seletivos/2024_2/necessidade-de-acesso-previo-ao-moodle.pdf;https://www-cdn.mpf.mp.br/o-mpf/unidades/pr-es/estagio/processos-seletivos/2024_2/necessidade-de-acesso-previo-ao-moodle.pdf
File;http://svlp-plnptapp01.pgr.mpf.mp.br:8401/portal/es/estagie-conosco/processos-seletivos/2024_2/pr-es-00033456-2024.pdf;https://www-cdn.mpf.mp.br/o-mpf/unidades/pr-es/estagio/processos-seletivos/2024_2/pr-es-00033456-2024.pdf
File;http://svlp-plnptapp01.pgr.mpf.mp.br:8401/portal/es/estagie-conosco/processos-seletivos/2024_2/resultado-final-processo-seletivo-2-2024.pdf;https://www-cdn.mpf.mp.br/o-mpf/unidades/pr-es/estagio/processos-seletivos/2024_2/resultado-final-processo-seletivo-2-2024.pdf
File;http://svlp-plnptapp01.pgr.mpf.mp.br:8401/portal/es/estagie-conosco/processos-seletivos/2024_2/resultado-pos-graduacao-direito-revisado-apos-anulacao-de-questoes.pdf;https://www-cdn.mpf.mp.br/o-mpf/unidades/pr-es/estagio/processos-seletivos/2024_2/resultado-pos-graduacao-direito-revisado-apos-anulacao-de-questoes.pdf
File;http://svlp-plnptapp01.pgr.mpf.mp.br:8401/portal/es/estagie-conosco/processos-seletivos/2024_2/resultado-preliminar-da-avaliacao-da-comissao-de-heteroidentificacao.pdf;https://www-cdn.mpf.mp.br/o-mpf/unidades/pr-es/estagio/processos-seletivos/2024_2/resultado-preliminar-da-avaliacao-da-comissao-de-heteroidentificacao.pdf
File;http://svlp-plnptapp01.pgr.mpf.mp.br:8401/portal/es/estagie-conosco/processos-seletivos/2024_2/resultado-provisorio-1-fase.pdf;https://www-cdn.mpf.mp.br/o-mpf/unidades/pr-es/estagio/processos-seletivos/2024_2/resultado-provisorio-1-fase.pdf
File;http://svlp-plnptapp01.pgr.mpf.mp.br:8401/portal/es/estagie-conosco/processos-seletivos/2024_2/resultado-provisorio-discursiva-direito-graduacao-e-pos-graduacao.pdf;https://www-cdn.mpf.mp.br/o-mpf/unidades/pr-es/estagio/processos-seletivos/2024_2/resultado-provisorio-discursiva-direito-graduacao-e-pos-graduacao.pdf
Folder;http://svlp-plnptapp01.pgr.mpf.mp.br:8401/portal/es/estagie-conosco/processos-seletivos/2025-1;https://www-cdn.mpf.mp.br/o-mpf/unidades/pr-es/estagio/processos-seletivos/2025-1
File;http://svlp-plnptapp01.pgr.mpf.mp.br:8401/portal/es/estagie-conosco/processos-seletivos/2025-1/acesso-dos-candidatos-ao-sistema-de-prova-moodle;https://www-cdn.mpf.mp.br/o-mpf/unidades/pr-es/estagio/processos-seletivos/2025-1/acesso-dos-candidatos-ao-sistema-de-prova-moodle
File;http://svlp-plnptapp01.pgr.mpf.mp.br:8401/portal/es/estagie-conosco/processos-seletivos/2025-1/antecipacao-da-data-da-prova-objetiva;https://www-cdn.mpf.mp.br/o-mpf/unidades/pr-es/estagio/processos-seletivos/2025-1/antecipacao-da-data-da-prova-objetiva
File;http://svlp-plnptapp01.pgr.mpf.mp.br:8401/portal/es/estagie-conosco/processos-seletivos/2025-1/convite-das-instituicoes-de-ensino-interessadas-em-firmar-convenio-para-a-prestacao-de-estagio;https://www-cdn.mpf.mp.br/o-mpf/unidades/pr-es/estagio/processos-seletivos/2025-1/convite-das-instituicoes-de-ensino-interessadas-em-firmar-convenio-para-a-prestacao-de-estagio
File;http://svlp-plnptapp01.pgr.mpf.mp.br:8401/portal/es/estagie-conosco/processos-seletivos/2025-1/convocacao-para-comparecimento-a-comissao-de-heteroidentificacao;https://www-cdn.mpf.mp.br/o-mpf/unidades/pr-es/estagio/processos-seletivos/2025-1/convocacao-para-comparecimento-a-comissao-de-heteroidentificacao
File;http://svlp-plnptapp01.pgr.mpf.mp.br:8401/portal/es/estagie-conosco/processos-seletivos/2025-1/data-de-liberacao-do-gabarito-preliminar-de-prova-objetiva-online-e-prazo-para-recurso;https://www-cdn.mpf.mp.br/o-mpf/unidades/pr-es/estagio/processos-seletivos/2025-1/data-de-liberacao-do-gabarito-preliminar-de-prova-objetiva-online-e-prazo-para-recurso
File;http://svlp-plnptapp01.pgr.mpf.mp.br:8401/portal/es/estagie-conosco/processos-seletivos/2025-1/data-e-horarios-da-prova-objetiva-online;https://www-cdn.mpf.mp.br/o-mpf/unidades/pr-es/estagio/processos-seletivos/2025-1/data-e-horarios-da-prova-objetiva-online
File;http://svlp-plnptapp01.pgr.mpf.mp.br:8401/portal/es/estagie-conosco/processos-seletivos/2025-1/data-local-e-horario-de-prova-discursiva;https://www-cdn.mpf.mp.br/o-mpf/unidades/pr-es/estagio/processos-seletivos/2025-1/data-local-e-horario-de-prova-discursiva
File;http://svlp-plnptapp01.pgr.mpf.mp.br:8401/portal/es/estagie-conosco/processos-seletivos/2025-1/edital-de-processo-seletivo-unificado-1-2025-mpf-es;https://www-cdn.mpf.mp.br/o-mpf/unidades/pr-es/estagio/processos-seletivos/2025-1/edital-de-processo-seletivo-unificado-1-2025-mpf-es
Link;http://svlp-plnptapp01.pgr.mpf.mp.br:8401/portal/es/estagie-conosco/processos-seletivos/2025-1/link-para-inscricao;https://www-cdn.mpf.mp.br/o-mpf/unidades/pr-es/estagio/processos-seletivos/2025-1/link-para-inscricao
File;http://svlp-plnptapp01.pgr.mpf.mp.br:8401/portal/es/estagie-conosco/processos-seletivos/2025-1/lista-de-inscricoes-confirmadas-e-data-e-horario-das-provas-objetivas-online;https://www-cdn.mpf.mp.br/o-mpf/unidades/pr-es/estagio/processos-seletivos/2025-1/lista-de-inscricoes-confirmadas-e-data-e-horario-das-provas-objetivas-online
File;http://svlp-plnptapp01.pgr.mpf.mp.br:8401/portal/es/estagie-conosco/processos-seletivos/2025-1/lista-de-instituicoes-conveniadas-ao-mpf-es;https://www-cdn.mpf.mp.br/o-mpf/unidades/pr-es/estagio/processos-seletivos/2025-1/lista-de-instituicoes-conveniadas-ao-mpf-es
File;http://svlp-plnptapp01.pgr.mpf.mp.br:8401/portal/es/estagie-conosco/processos-seletivos/2025-1/notas-da-prova-discursiva;https://www-cdn.mpf.mp.br/o-mpf/unidades/pr-es/estagio/processos-seletivos/2025-1/notas-da-prova-discursiva
File;http://svlp-plnptapp01.pgr.mpf.mp.br:8401/portal/es/estagie-conosco/processos-seletivos/2025-1/notas-definitivas-da-prova-objetiva;https://www-cdn.mpf.mp.br/o-mpf/unidades/pr-es/estagio/processos-seletivos/2025-1/notas-definitivas-da-prova-objetiva
File;http://svlp-plnptapp01.pgr.mpf.mp.br:8401/portal/es/estagie-conosco/processos-seletivos/2025-1/portaria-de-resultado-final;https://www-cdn.mpf.mp.br/o-mpf/unidades/pr-es/estagio/processos-seletivos/2025-1/portaria-de-resultado-final
File;http://svlp-plnptapp01.pgr.mpf.mp.br:8401/portal/es/estagie-conosco/processos-seletivos/2025-1/recursos-da-prova-discursiva.pdf;https://www-cdn.mpf.mp.br/o-mpf/unidades/pr-es/estagio/processos-seletivos/2025-1/recursos-da-prova-discursiva.pdf
File;http://svlp-plnptapp01.pgr.mpf.mp.br:8401/portal/es/estagie-conosco/processos-seletivos/2025-1/resposta-aos-recursos-prova-objetiva-3;https://www-cdn.mpf.mp.br/o-mpf/unidades/pr-es/estagio/processos-seletivos/2025-1/resposta-aos-recursos-prova-objetiva-3
File;http://svlp-plnptapp01.pgr.mpf.mp.br:8401/portal/es/estagie-conosco/processos-seletivos/2025-1/resultado-preliminar-da-comissao-de-heteroidentificacao;https://www-cdn.mpf.mp.br/o-mpf/unidades/pr-es/estagio/processos-seletivos/2025-1/resultado-preliminar-da-comissao-de-heteroidentificacao
File;http://svlp-plnptapp01.pgr.mpf.mp.br:8401/portal/es/estagie-conosco/processos-seletivos/2025-1/resumo-das-questoes-anuladas;https://www-cdn.mpf.mp.br/o-mpf/unidades/pr-es/estagio/processos-seletivos/2025-1/resumo-das-questoes-anuladas
Folder;http://svlp-plnptapp01.pgr.mpf.mp.br:8401/portal/es/estagie-conosco/processos-seletivos/2025-2;https://www-cdn.mpf.mp.br/o-mpf/unidades/pr-es/estagio/processos-seletivos/2025-2
File;http://svlp-plnptapp01.pgr.mpf.mp.br:8401/portal/es/estagie-conosco/processos-seletivos/2025-2/anexo-i.pdf;https://www-cdn.mpf.mp.br/o-mpf/unidades/pr-es/estagio/processos-seletivos/2025-2/anexo-i.pdf
File;http://svlp-plnptapp01.pgr.mpf.mp.br:8401/portal/es/estagie-conosco/processos-seletivos/2025-2/aprovados-na-prova-objetiva;https://www-cdn.mpf.mp.br/o-mpf/unidades/pr-es/estagio/processos-seletivos/2025-2/aprovados-na-prova-objetiva
File;http://svlp-plnptapp01.pgr.mpf.mp.br:8401/portal/es/estagie-conosco/processos-seletivos/2025-2/banca-medica-resultado-definitivo;https://www-cdn.mpf.mp.br/o-mpf/unidades/pr-es/estagio/processos-seletivos/2025-2/banca-medica-resultado-definitivo
File;http://svlp-plnptapp01.pgr.mpf.mp.br:8401/portal/es/estagie-conosco/processos-seletivos/2025-2/convite-a-convenio;https://www-cdn.mpf.mp.br/o-mpf/unidades/pr-es/estagio/processos-seletivos/2025-2/convite-a-convenio
File;http://svlp-plnptapp01.pgr.mpf.mp.br:8401/portal/es/estagie-conosco/processos-seletivos/2025-2/convocacao-para-comparecimento-a-comissao-de-heteroidentificacao;https://www-cdn.mpf.mp.br/o-mpf/unidades/pr-es/estagio/processos-seletivos/2025-2/convocacao-para-comparecimento-a-comissao-de-heteroidentificacao
File;http://svlp-plnptapp01.pgr.mpf.mp.br:8401/portal/es/estagie-conosco/processos-seletivos/2025-2/data-e-horario-da-prova-objetiva-1;https://www-cdn.mpf.mp.br/o-mpf/unidades/pr-es/estagio/processos-seletivos/2025-2/data-e-horario-da-prova-objetiva-1
File;http://svlp-plnptapp01.pgr.mpf.mp.br:8401/portal/es/estagie-conosco/processos-seletivos/2025-2/data-horario-local-da-prova-subjetiva-e-recurso-desta-provao;https://www-cdn.mpf.mp.br/o-mpf/unidades/pr-es/estagio/processos-seletivos/2025-2/data-horario-local-da-prova-subjetiva-e-recurso-desta-provao
File;http://svlp-plnptapp01.pgr.mpf.mp.br:8401/portal/es/estagie-conosco/processos-seletivos/2025-2/edital-do-2o-processo-seletivo-de-estagio-para-a-pr-es-2025;https://www-cdn.mpf.mp.br/o-mpf/unidades/pr-es/estagio/processos-seletivos/2025-2/edital-do-2o-processo-seletivo-de-estagio-para-a-pr-es-2025
File;http://svlp-plnptapp01.pgr.mpf.mp.br:8401/portal/es/estagie-conosco/processos-seletivos/2025-2/lista-de-aprovados-na-prova-discursiva-em-ordem-de-classificacao-1.pdf;https://www-cdn.mpf.mp.br/o-mpf/unidades/pr-es/estagio/processos-seletivos/2025-2/lista-de-aprovados-na-prova-discursiva-em-ordem-de-classificacao-1.pdf
File;http://svlp-plnptapp01.pgr.mpf.mp.br:8401/portal/es/estagie-conosco/processos-seletivos/2025-2/lista-de-inscricoes-deferidas;https://www-cdn.mpf.mp.br/o-mpf/unidades/pr-es/estagio/processos-seletivos/2025-2/lista-de-inscricoes-deferidas
File;http://svlp-plnptapp01.pgr.mpf.mp.br:8401/portal/es/estagie-conosco/processos-seletivos/2025-2/ps-2-2025-validacao-ao-ambiente-de-prova;https://www-cdn.mpf.mp.br/o-mpf/unidades/pr-es/estagio/processos-seletivos/2025-2/ps-2-2025-validacao-ao-ambiente-de-prova
File;http://svlp-plnptapp01.pgr.mpf.mp.br:8401/portal/es/estagie-conosco/processos-seletivos/2025-2/resultado-final-da-avaliacao-da-comissao-de-heteroidentificacao-processo-seletivo-2-2025-pr-es.pdf;https://www-cdn.mpf.mp.br/o-mpf/unidades/pr-es/estagio/processos-seletivos/2025-2/resultado-final-da-avaliacao-da-comissao-de-heteroidentificacao-processo-seletivo-2-2025-pr-es.pdf
File;http://svlp-plnptapp01.pgr.mpf.mp.br:8401/portal/es/estagie-conosco/processos-seletivos/2025-2/resultado-final-do-processo-seletivo-de-estagio-mpf-es-2-2025.pdf;https://www-cdn.mpf.mp.br/o-mpf/unidades/pr-es/estagio/processos-seletivos/2025-2/resultado-final-do-processo-seletivo-de-estagio-mpf-es-2-2025.pdf
File;http://svlp-plnptapp01.pgr.mpf.mp.br:8401/portal/es/estagie-conosco/processos-seletivos/2025-2/resultado-preliminar-da-banca-medica-1;https://www-cdn.mpf.mp.br/o-mpf/unidades/pr-es/estagio/processos-seletivos/2025-2/resultado-preliminar-da-banca-medica-1
File;http://svlp-plnptapp01.pgr.mpf.mp.br:8401/portal/es/estagie-conosco/processos-seletivos/2025-2/resultado-preliminar-da-prova-subjetiva-de-direito-graduacao-e-pos-graduacao;https://www-cdn.mpf.mp.br/o-mpf/unidades/pr-es/estagio/processos-seletivos/2025-2/resultado-preliminar-da-prova-subjetiva-de-direito-graduacao-e-pos-graduacao
File;http://svlp-plnptapp01.pgr.mpf.mp.br:8401/portal/es/estagie-conosco/processos-seletivos/2025-2/resultado-preliminar-da-prova-subjetiva-de-direito-graduacao-e-pos-graduacao-e-prazo-de-recurso;https://www-cdn.mpf.mp.br/o-mpf/unidades/pr-es/estagio/processos-seletivos/2025-2/resultado-preliminar-da-prova-subjetiva-de-direito-graduacao-e-pos-graduacao-e-prazo-de-recurso
File;http://svlp-plnptapp01.pgr.mpf.mp.br:8401/portal/es/estagie-conosco/processos-seletivos/2025-2/resultario-preliminar-da-comissao-de-heteroidentificacao-processo-seletivo-2-2025-pr-es.pdf;https://www-cdn.mpf.mp.br/o-mpf/unidades/pr-es/estagio/processos-seletivos/2025-2/resultario-preliminar-da-comissao-de-heteroidentificacao-processo-seletivo-2-2025-pr-es.pdf
File;http://svlp-plnptapp01.pgr.mpf.mp.br:8401/portal/es/estagie-conosco/processos-seletivos/2025-2/resumo-das-questoes-anuladas;https://www-cdn.mpf.mp.br/o-mpf/unidades/pr-es/estagio/processos-seletivos/2025-2/resumo-das-questoes-anuladas
