Folder;http://svlp-plnptapp01.pgr.mpf.mp.br:8401/portal/sc/estagie-conosco;https://www-cdn.mpf.mp.br/o-mpf/unidades/pr-sc/estagio/
File;http://svlp-plnptapp01.pgr.mpf.mp.br:8401/portal/sc/estagie-conosco/2o-ps-2025-banca-medica-resultado-definitivo.pdf;https://www-cdn.mpf.mp.br/o-mpf/unidades/pr-sc/estagio/2o-ps-2025-banca-medica-resultado-definitivo.pdf
File;http://svlp-plnptapp01.pgr.mpf.mp.br:8401/portal/sc/estagie-conosco/2o-ps-2025-banca-medica-resultado-preliminar.pdf;https://www-cdn.mpf.mp.br/o-mpf/unidades/pr-sc/estagio/2o-ps-2025-banca-medica-resultado-preliminar.pdf
File;http://svlp-plnptapp01.pgr.mpf.mp.br:8401/portal/sc/estagie-conosco/30-08-2024-aviso-no-dia-da-prova-gabarito-preliminar-recursos-da-prova-objetiva.pdf;https://www-cdn.mpf.mp.br/o-mpf/unidades/pr-sc/estagio/30-08-2024-aviso-no-dia-da-prova-gabarito-preliminar-recursos-da-prova-objetiva.pdf
File;http://svlp-plnptapp01.pgr.mpf.mp.br:8401/portal/sc/estagie-conosco/analise-dos-recursos-prova-objetiva-2024-2.pdf;https://www-cdn.mpf.mp.br/o-mpf/unidades/pr-sc/estagio/analise-dos-recursos-prova-objetiva-2024-2.pdf
File;http://svlp-plnptapp01.pgr.mpf.mp.br:8401/portal/sc/estagie-conosco/arquitetura/aviso-publico-processo-seletivo-arquitetura.pdf;https://www-cdn.mpf.mp.br/o-mpf/unidades/pr-sc/estagio/arquitetura/aviso-publico-processo-seletivo-arquitetura.pdf
File;http://svlp-plnptapp01.pgr.mpf.mp.br:8401/portal/sc/estagie-conosco/arquitetura/convocacao-para-entrevista-com-a-comissao-de-heteroidentificacao-2024-arq.pdf;https://www-cdn.mpf.mp.br/o-mpf/unidades/pr-sc/estagio/arquitetura/convocacao-para-entrevista-com-a-comissao-de-heteroidentificacao-2024-arq.pdf
File;http://svlp-plnptapp01.pgr.mpf.mp.br:8401/portal/sc/estagie-conosco/arquitetura/convocados-para-provas-praticas-arq-2024.pdf;https://www-cdn.mpf.mp.br/o-mpf/unidades/pr-sc/estagio/arquitetura/convocados-para-provas-praticas-arq-2024.pdf
File;http://svlp-plnptapp01.pgr.mpf.mp.br:8401/portal/sc/estagie-conosco/arquitetura/cronograma-arquitetura-2024.pdf;https://www-cdn.mpf.mp.br/o-mpf/unidades/pr-sc/estagio/arquitetura/cronograma-arquitetura-2024.pdf
File;http://svlp-plnptapp01.pgr.mpf.mp.br:8401/portal/sc/estagie-conosco/arquitetura/edital-22-processo-seletivo-arquitetura-2024-assinado.pdf;https://www-cdn.mpf.mp.br/o-mpf/unidades/pr-sc/estagio/arquitetura/edital-22-processo-seletivo-arquitetura-2024-assinado.pdf
File;http://svlp-plnptapp01.pgr.mpf.mp.br:8401/portal/sc/estagie-conosco/arquitetura/edital_31-homologacao-do-resultado-arquitetura-2024-assinado-pr-sc-00073648-2024.pdf;https://www-cdn.mpf.mp.br/o-mpf/unidades/pr-sc/estagio/arquitetura/edital_31-homologacao-do-resultado-arquitetura-2024-assinado-pr-sc-00073648-2024.pdf
File;http://svlp-plnptapp01.pgr.mpf.mp.br:8401/portal/sc/estagie-conosco/arquitetura/formulario_recurso_contra-relacao-das-inscricoes-deferidas-arq-2024.pdf;https://www-cdn.mpf.mp.br/o-mpf/unidades/pr-sc/estagio/arquitetura/formulario_recurso_contra-relacao-das-inscricoes-deferidas-arq-2024.pdf
File;http://svlp-plnptapp01.pgr.mpf.mp.br:8401/portal/sc/estagie-conosco/arquitetura/formulario_recurso_prova-arquitetura-2024.pdf;https://www-cdn.mpf.mp.br/o-mpf/unidades/pr-sc/estagio/arquitetura/formulario_recurso_prova-arquitetura-2024.pdf
File;http://svlp-plnptapp01.pgr.mpf.mp.br:8401/portal/sc/estagie-conosco/arquitetura/formulario_recurso_prova-discursiva-arquitetura-2024.pdf;https://www-cdn.mpf.mp.br/o-mpf/unidades/pr-sc/estagio/arquitetura/formulario_recurso_prova-discursiva-arquitetura-2024.pdf
File;http://svlp-plnptapp01.pgr.mpf.mp.br:8401/portal/sc/estagie-conosco/arquitetura/formulario_recurso_prova-pratica-arquitetura-2024.pdf;https://www-cdn.mpf.mp.br/o-mpf/unidades/pr-sc/estagio/arquitetura/formulario_recurso_prova-pratica-arquitetura-2024.pdf
File;http://svlp-plnptapp01.pgr.mpf.mp.br:8401/portal/sc/estagie-conosco/arquitetura/formulario_recurso_resultado-entrevistas-arquitetura-2024.pdf;https://www-cdn.mpf.mp.br/o-mpf/unidades/pr-sc/estagio/arquitetura/formulario_recurso_resultado-entrevistas-arquitetura-2024.pdf
File;http://svlp-plnptapp01.pgr.mpf.mp.br:8401/portal/sc/estagie-conosco/arquitetura/gabarito-definito-da-prova-objetiva-arq-2024.pdf;https://www-cdn.mpf.mp.br/o-mpf/unidades/pr-sc/estagio/arquitetura/gabarito-definito-da-prova-objetiva-arq-2024.pdf
File;http://svlp-plnptapp01.pgr.mpf.mp.br:8401/portal/sc/estagie-conosco/arquitetura/gabarito-preliminar-da-prova-objetiva-arq-2024.pdf;https://www-cdn.mpf.mp.br/o-mpf/unidades/pr-sc/estagio/arquitetura/gabarito-preliminar-da-prova-objetiva-arq-2024.pdf
File;http://svlp-plnptapp01.pgr.mpf.mp.br:8401/portal/sc/estagie-conosco/arquitetura/notas-da-prova-objetiva-arquitetura-2024.pdf;https://www-cdn.mpf.mp.br/o-mpf/unidades/pr-sc/estagio/arquitetura/notas-da-prova-objetiva-arquitetura-2024.pdf
File;http://svlp-plnptapp01.pgr.mpf.mp.br:8401/portal/sc/estagie-conosco/arquitetura/notas-definitivas-da-prova-discursiva-arquitetura-2024.pdf;https://www-cdn.mpf.mp.br/o-mpf/unidades/pr-sc/estagio/arquitetura/notas-definitivas-da-prova-discursiva-arquitetura-2024.pdf
File;http://svlp-plnptapp01.pgr.mpf.mp.br:8401/portal/sc/estagie-conosco/arquitetura/notas-definitivas-da-prova-pratica-arquitetura-2024.pdf;https://www-cdn.mpf.mp.br/o-mpf/unidades/pr-sc/estagio/arquitetura/notas-definitivas-da-prova-pratica-arquitetura-2024.pdf
File;http://svlp-plnptapp01.pgr.mpf.mp.br:8401/portal/sc/estagie-conosco/arquitetura/notas-finais-arquitetura-2024.odt;https://www-cdn.mpf.mp.br/o-mpf/unidades/pr-sc/estagio/arquitetura/notas-finais-arquitetura-2024.odt
File;http://svlp-plnptapp01.pgr.mpf.mp.br:8401/portal/sc/estagie-conosco/arquitetura/notas-preliminares-da-prova-discursiva-arquitetura-2024.pdf;https://www-cdn.mpf.mp.br/o-mpf/unidades/pr-sc/estagio/arquitetura/notas-preliminares-da-prova-discursiva-arquitetura-2024.pdf
File;http://svlp-plnptapp01.pgr.mpf.mp.br:8401/portal/sc/estagie-conosco/arquitetura/notas-preliminares-da-prova-pratica-arquitetura-2024.pdf;https://www-cdn.mpf.mp.br/o-mpf/unidades/pr-sc/estagio/arquitetura/notas-preliminares-da-prova-pratica-arquitetura-2024.pdf
File;http://svlp-plnptapp01.pgr.mpf.mp.br:8401/portal/sc/estagie-conosco/arquitetura/relacao-definitiva-inscricoes-deferidas-arq-2024.pdf;https://www-cdn.mpf.mp.br/o-mpf/unidades/pr-sc/estagio/arquitetura/relacao-definitiva-inscricoes-deferidas-arq-2024.pdf
File;http://svlp-plnptapp01.pgr.mpf.mp.br:8401/portal/sc/estagie-conosco/arquitetura/relacao-preliminar-inscricoes-deferidas-arq-2024.pdf;https://www-cdn.mpf.mp.br/o-mpf/unidades/pr-sc/estagio/arquitetura/relacao-preliminar-inscricoes-deferidas-arq-2024.pdf
File;http://svlp-plnptapp01.pgr.mpf.mp.br:8401/portal/sc/estagie-conosco/arquitetura/resultado-das-entrevistas-com-a-comissao-de-heteroidentificacao-2024-arq.pdf;https://www-cdn.mpf.mp.br/o-mpf/unidades/pr-sc/estagio/arquitetura/resultado-das-entrevistas-com-a-comissao-de-heteroidentificacao-2024-arq.pdf
File;http://svlp-plnptapp01.pgr.mpf.mp.br:8401/portal/sc/estagie-conosco/aviso-2deg-processo-seletivo-2025.pdf;https://www-cdn.mpf.mp.br/o-mpf/unidades/pr-sc/estagio/aviso-2deg-processo-seletivo-2025.pdf
File;http://svlp-plnptapp01.pgr.mpf.mp.br:8401/portal/sc/estagie-conosco/aviso-acesso-obrigatorio-moodle.pdf;https://www-cdn.mpf.mp.br/o-mpf/unidades/pr-sc/estagio/aviso-acesso-obrigatorio-moodle.pdf
File;http://svlp-plnptapp01.pgr.mpf.mp.br:8401/portal/sc/estagie-conosco/aviso-alteracao-data-da-prova-objetiva.pdf;https://www-cdn.mpf.mp.br/o-mpf/unidades/pr-sc/estagio/aviso-alteracao-data-da-prova-objetiva.pdf
File;http://svlp-plnptapp01.pgr.mpf.mp.br:8401/portal/sc/estagie-conosco/aviso-para-publicacao-acesso-ao-ambiente-de-prova.pdf;https://www-cdn.mpf.mp.br/o-mpf/unidades/pr-sc/estagio/aviso-para-publicacao-acesso-ao-ambiente-de-prova.pdf
File;http://svlp-plnptapp01.pgr.mpf.mp.br:8401/portal/sc/estagie-conosco/aviso-processo-seletivo-engenharia-ambriental.pdf;https://www-cdn.mpf.mp.br/o-mpf/unidades/pr-sc/estagio/aviso-processo-seletivo-engenharia-ambriental.pdf
File;http://svlp-plnptapp01.pgr.mpf.mp.br:8401/portal/sc/estagie-conosco/aviso-publico-2025-1-pr-sc-00008037-2025.pdf;https://www-cdn.mpf.mp.br/o-mpf/unidades/pr-sc/estagio/aviso-publico-2025-1-pr-sc-00008037-2025.pdf
File;http://svlp-plnptapp01.pgr.mpf.mp.br:8401/portal/sc/estagie-conosco/aviso-publico-comunicacao-social-pr-sc-00000514-2025.pdf;https://www-cdn.mpf.mp.br/o-mpf/unidades/pr-sc/estagio/aviso-publico-comunicacao-social-pr-sc-00000514-2025.pdf
File;http://svlp-plnptapp01.pgr.mpf.mp.br:8401/portal/sc/estagie-conosco/aviso-publico-processo-seletivo-2024-2-segundo-semestre-administracao-publicidade-direito-arquivologia-arquitetura-educacao-fisica.pdf;https://www-cdn.mpf.mp.br/o-mpf/unidades/pr-sc/estagio/aviso-publico-processo-seletivo-2024-2-segundo-semestre-administracao-publicidade-direito-arquivologia-arquitetura-educacao-fisica.pdf
File;http://svlp-plnptapp01.pgr.mpf.mp.br:8401/portal/sc/estagie-conosco/banca-medica-resultado-definitivo.pdf;https://www-cdn.mpf.mp.br/o-mpf/unidades/pr-sc/estagio/banca-medica-resultado-definitivo.pdf
File;http://svlp-plnptapp01.pgr.mpf.mp.br:8401/portal/sc/estagie-conosco/banca-medica-resultado-preliminar.pdf;https://www-cdn.mpf.mp.br/o-mpf/unidades/pr-sc/estagio/banca-medica-resultado-preliminar.pdf
File;http://svlp-plnptapp01.pgr.mpf.mp.br:8401/portal/sc/estagie-conosco/convocacao-para-entrevista-com-a-comissao-de-heteroidentificacao-2024-2.pdf;https://www-cdn.mpf.mp.br/o-mpf/unidades/pr-sc/estagio/convocacao-para-entrevista-com-a-comissao-de-heteroidentificacao-2024-2.pdf
File;http://svlp-plnptapp01.pgr.mpf.mp.br:8401/portal/sc/estagie-conosco/convocacao-para-entrevista-com-a-comissao-de-heteroidentificacao-2025-1.pdf;https://www-cdn.mpf.mp.br/o-mpf/unidades/pr-sc/estagio/convocacao-para-entrevista-com-a-comissao-de-heteroidentificacao-2025-1.pdf
File;http://svlp-plnptapp01.pgr.mpf.mp.br:8401/portal/sc/estagie-conosco/convocacao-para-entrevista-com-a-comissao-de-heteroidentificacao-2025-2-1.pdf;https://www-cdn.mpf.mp.br/o-mpf/unidades/pr-sc/estagio/convocacao-para-entrevista-com-a-comissao-de-heteroidentificacao-2025-2-1.pdf
File;http://svlp-plnptapp01.pgr.mpf.mp.br:8401/portal/sc/estagie-conosco/convocacao-para-entrevista-com-a-comissao-de-heteroidentificacao-2025-2.pdf;https://www-cdn.mpf.mp.br/o-mpf/unidades/pr-sc/estagio/convocacao-para-entrevista-com-a-comissao-de-heteroidentificacao-2025-2.pdf
File;http://svlp-plnptapp01.pgr.mpf.mp.br:8401/portal/sc/estagie-conosco/convocacao-para-entrevista-com-a-comissao-recursal-de-heteroidentificacao-2025-1.pdf;https://www-cdn.mpf.mp.br/o-mpf/unidades/pr-sc/estagio/convocacao-para-entrevista-com-a-comissao-recursal-de-heteroidentificacao-2025-1.pdf
File;http://svlp-plnptapp01.pgr.mpf.mp.br:8401/portal/sc/estagie-conosco/data-e-horario-da-prova-objetiva-online-1.pdf;https://www-cdn.mpf.mp.br/o-mpf/unidades/pr-sc/estagio/data-e-horario-da-prova-objetiva-online-1.pdf
File;http://svlp-plnptapp01.pgr.mpf.mp.br:8401/portal/sc/estagie-conosco/data-e-horario-da-prova-objetiva-online-2025-2.pdf;https://www-cdn.mpf.mp.br/o-mpf/unidades/pr-sc/estagio/data-e-horario-da-prova-objetiva-online-2025-2.pdf
File;http://svlp-plnptapp01.pgr.mpf.mp.br:8401/portal/sc/estagie-conosco/data-e-horario-da-prova-objetiva-online.pdf;https://www-cdn.mpf.mp.br/o-mpf/unidades/pr-sc/estagio/data-e-horario-da-prova-objetiva-online.pdf
File;http://svlp-plnptapp01.pgr.mpf.mp.br:8401/portal/sc/estagie-conosco/edital-02-1-processo-seletivo-2025-assinado-pr-sc-00011193-2025.pdf;https://www-cdn.mpf.mp.br/o-mpf/unidades/pr-sc/estagio/edital-02-1-processo-seletivo-2025-assinado-pr-sc-00011193-2025.pdf
File;http://svlp-plnptapp01.pgr.mpf.mp.br:8401/portal/sc/estagie-conosco/edital-03-processo-seletivo-de-comunicacao-social.pdf;https://www-cdn.mpf.mp.br/o-mpf/unidades/pr-sc/estagio/edital-03-processo-seletivo-de-comunicacao-social.pdf
File;http://svlp-plnptapp01.pgr.mpf.mp.br:8401/portal/sc/estagie-conosco/edital-04-homologacao-dos-resultados-comunicacao-social-2025.pdf;https://www-cdn.mpf.mp.br/o-mpf/unidades/pr-sc/estagio/edital-04-homologacao-dos-resultados-comunicacao-social-2025.pdf
File;http://svlp-plnptapp01.pgr.mpf.mp.br:8401/portal/sc/estagie-conosco/edital-14-refificacao-do-edital-do-2deg-processo-seletivo-2025.pdf;https://www-cdn.mpf.mp.br/o-mpf/unidades/pr-sc/estagio/edital-14-refificacao-do-edital-do-2deg-processo-seletivo-2025.pdf
File;http://svlp-plnptapp01.pgr.mpf.mp.br:8401/portal/sc/estagie-conosco/edital-de-abertura-do-processo-seletivo-ndeg-13-2024.pdf;https://www-cdn.mpf.mp.br/o-mpf/unidades/pr-sc/estagio/edital-de-abertura-do-processo-seletivo-ndeg-13-2024.pdf
File;http://svlp-plnptapp01.pgr.mpf.mp.br:8401/portal/sc/estagie-conosco/edital-de-homologacao-dos-resultados-finais.pdf;https://www-cdn.mpf.mp.br/o-mpf/unidades/pr-sc/estagio/edital-de-homologacao-dos-resultados-finais.pdf
File;http://svlp-plnptapp01.pgr.mpf.mp.br:8401/portal/sc/estagie-conosco/edital-de-retificacao-do-edital-13-2024.pdf;https://www-cdn.mpf.mp.br/o-mpf/unidades/pr-sc/estagio/edital-de-retificacao-do-edital-13-2024.pdf
File;http://svlp-plnptapp01.pgr.mpf.mp.br:8401/portal/sc/estagie-conosco/edital-n-11.pdf;https://www-cdn.mpf.mp.br/o-mpf/unidades/pr-sc/estagio/edital-n-11.pdf
File;http://svlp-plnptapp01.pgr.mpf.mp.br:8401/portal/sc/estagie-conosco/edital_16-homologacao-completo-2025-2-assinado.pdf;https://www-cdn.mpf.mp.br/o-mpf/unidades/pr-sc/estagio/edital_16-homologacao-completo-2025-2-assinado.pdf
File;http://svlp-plnptapp01.pgr.mpf.mp.br:8401/portal/sc/estagie-conosco/edital_19-homologacao-2024-2-completo-assinado.pdf;https://www-cdn.mpf.mp.br/o-mpf/unidades/pr-sc/estagio/edital_19-homologacao-2024-2-completo-assinado.pdf
File;http://svlp-plnptapp01.pgr.mpf.mp.br:8401/portal/sc/estagie-conosco/editaln19-retificacaodoeditaldehomologacaodosresultadosfinais-2025-2.pdf;https://www-cdn.mpf.mp.br/o-mpf/unidades/pr-sc/estagio/editaln19-retificacaodoeditaldehomologacaodosresultadosfinais-2025-2.pdf
Document;http://svlp-plnptapp01.pgr.mpf.mp.br:8401/portal/sc/estagie-conosco/estagie-conosco;https://www-cdn.mpf.mp.br/o-mpf/unidades/pr-sc/estagio/estagie-conosco
Document;http://svlp-plnptapp01.pgr.mpf.mp.br:8401/portal/sc/estagie-conosco/estagie-conosco-1;https://www-cdn.mpf.mp.br/o-mpf/unidades/pr-sc/estagio/estagie-conosco-1
File;http://svlp-plnptapp01.pgr.mpf.mp.br:8401/portal/sc/estagie-conosco/formulario_recurso_contra-relacao-das-inscricoes-deferidas-comunicacao-social-2025.pdf;https://www-cdn.mpf.mp.br/o-mpf/unidades/pr-sc/estagio/formulario_recurso_contra-relacao-das-inscricoes-deferidas-comunicacao-social-2025.pdf
File;http://svlp-plnptapp01.pgr.mpf.mp.br:8401/portal/sc/estagie-conosco/formulario_recurso_contra-relacao-das-medias-gerais-das-disciplinas-de-graduacao-2025-2.pdf;https://www-cdn.mpf.mp.br/o-mpf/unidades/pr-sc/estagio/formulario_recurso_contra-relacao-das-medias-gerais-das-disciplinas-de-graduacao-2025-2.pdf
File;http://svlp-plnptapp01.pgr.mpf.mp.br:8401/portal/sc/estagie-conosco/formulario_recurso_contra-relacao-das-medias-gerais-das-disciplinas-de-graduacao.pdf;https://www-cdn.mpf.mp.br/o-mpf/unidades/pr-sc/estagio/formulario_recurso_contra-relacao-das-medias-gerais-das-disciplinas-de-graduacao.pdf
File;http://svlp-plnptapp01.pgr.mpf.mp.br:8401/portal/sc/estagie-conosco/formulario_recurso_contra-resultado-preliminar-da-banca-de-heteroidentificacao-2025-2.pdf;https://www-cdn.mpf.mp.br/o-mpf/unidades/pr-sc/estagio/formulario_recurso_contra-resultado-preliminar-da-banca-de-heteroidentificacao-2025-2.pdf
File;http://svlp-plnptapp01.pgr.mpf.mp.br:8401/portal/sc/estagie-conosco/formulario_recurso_contra-resultado-preliminar-da-banca-de-heteroidentificacao.pdf;https://www-cdn.mpf.mp.br/o-mpf/unidades/pr-sc/estagio/formulario_recurso_contra-resultado-preliminar-da-banca-de-heteroidentificacao.pdf
File;http://svlp-plnptapp01.pgr.mpf.mp.br:8401/portal/sc/estagie-conosco/formulario_recurso_prova-discursiva-comunicacao-social-2025.pdf;https://www-cdn.mpf.mp.br/o-mpf/unidades/pr-sc/estagio/formulario_recurso_prova-discursiva-comunicacao-social-2025.pdf
File;http://svlp-plnptapp01.pgr.mpf.mp.br:8401/portal/sc/estagie-conosco/formulario_recurso_prova-objetiva-comunicacao-social-2025.pdf;https://www-cdn.mpf.mp.br/o-mpf/unidades/pr-sc/estagio/formulario_recurso_prova-objetiva-comunicacao-social-2025.pdf
File;http://svlp-plnptapp01.pgr.mpf.mp.br:8401/portal/sc/estagie-conosco/gabarito-definitivo-jornalismo-2025.pdf;https://www-cdn.mpf.mp.br/o-mpf/unidades/pr-sc/estagio/gabarito-definitivo-jornalismo-2025.pdf
File;http://svlp-plnptapp01.pgr.mpf.mp.br:8401/portal/sc/estagie-conosco/gabarito-preliminar-jornalismo-2025.pdf;https://www-cdn.mpf.mp.br/o-mpf/unidades/pr-sc/estagio/gabarito-preliminar-jornalismo-2025.pdf
File;http://svlp-plnptapp01.pgr.mpf.mp.br:8401/portal/sc/estagie-conosco/home-admin/aviso-publico-2025-1-pr-sc-00008037-2025.pdf;https://www-cdn.mpf.mp.br/o-mpf/unidades/pr-sc/estagio/home-admin/aviso-publico-2025-1-pr-sc-00008037-2025.pdf
Folder;http://svlp-plnptapp01.pgr.mpf.mp.br:8401/portal/sc/estagie-conosco/home-admin/aviso-publico-para-convenio;https://www-cdn.mpf.mp.br/o-mpf/unidades/pr-sc/estagio/home-admin/aviso-publico-para-convenio
File;http://svlp-plnptapp01.pgr.mpf.mp.br:8401/portal/sc/estagie-conosco/home-admin/aviso-publico-para-convenio/aviso-publico-2025-1-pr-sc-00008037-2025.pdf;https://www-cdn.mpf.mp.br/o-mpf/unidades/pr-sc/estagio/home-admin/aviso-publico-para-convenio/aviso-publico-2025-1-pr-sc-00008037-2025.pdf
File;http://svlp-plnptapp01.pgr.mpf.mp.br:8401/portal/sc/estagie-conosco/home-admin/edital-10-abertura-do-2o-processo-seletivo-2025.pdf;https://www-cdn.mpf.mp.br/o-mpf/unidades/pr-sc/estagio/home-admin/edital-10-abertura-do-2o-processo-seletivo-2025.pdf
Document;http://svlp-plnptapp01.pgr.mpf.mp.br:8401/portal/sc/estagie-conosco/home-admin/em-andamento/1deg-processo-seletivo-estadual-de-estagiarios-de-administracao-arquivologia-direito-e-educacao-fisica-de-2025;https://www-cdn.mpf.mp.br/o-mpf/unidades/pr-sc/estagio/home-admin/em-andamento/1deg-processo-seletivo-estadual-de-estagiarios-de-administracao-arquivologia-direito-e-educacao-fisica-de-2025
Document;http://svlp-plnptapp01.pgr.mpf.mp.br:8401/portal/sc/estagie-conosco/home-admin/em-andamento/copy_of_nao-ha;https://www-cdn.mpf.mp.br/o-mpf/unidades/pr-sc/estagio/home-admin/em-andamento/copy_of_nao-ha
Folder;http://svlp-plnptapp01.pgr.mpf.mp.br:8401/portal/sc/estagie-conosco/home-admin/inscricoes-abertas;https://www-cdn.mpf.mp.br/o-mpf/unidades/pr-sc/estagio/home-admin/inscricoes-abertas
Document;http://svlp-plnptapp01.pgr.mpf.mp.br:8401/portal/sc/estagie-conosco/home-admin/inscricoes-abertas/2deg-processo-seletivo-estadual-de-estagiarios-de-2025;https://www-cdn.mpf.mp.br/o-mpf/unidades/pr-sc/estagio/home-admin/inscricoes-abertas/2deg-processo-seletivo-estadual-de-estagiarios-de-2025
File;http://svlp-plnptapp01.pgr.mpf.mp.br:8401/portal/sc/estagie-conosco/home-admin/inscricoes-abertas/aviso-publico/aviso-publico-2025-1-pr-sc-00008037-2025.pdf;https://www-cdn.mpf.mp.br/o-mpf/unidades/pr-sc/estagio/home-admin/inscricoes-abertas/aviso-publico/aviso-publico-2025-1-pr-sc-00008037-2025.pdf
Document;http://svlp-plnptapp01.pgr.mpf.mp.br:8401/portal/sc/estagie-conosco/home-admin/inscricoes-abertas/processo-seletivo-estadual-de-estagiarios-de-engenharia-ambiental-pos-graduacao-2026;https://www-cdn.mpf.mp.br/o-mpf/unidades/pr-sc/estagio/home-admin/inscricoes-abertas/processo-seletivo-estadual-de-estagiarios-de-engenharia-ambiental-pos-graduacao-2026
File;http://svlp-plnptapp01.pgr.mpf.mp.br:8401/portal/sc/estagie-conosco/media-definitiva-dos-aprovados-na-prova-objetiva-2025-2.pdf;https://www-cdn.mpf.mp.br/o-mpf/unidades/pr-sc/estagio/media-definitiva-dos-aprovados-na-prova-objetiva-2025-2.pdf
File;http://svlp-plnptapp01.pgr.mpf.mp.br:8401/portal/sc/estagie-conosco/media-dos-aprovados-na-prova-objetiva-2025-2.pdf;https://www-cdn.mpf.mp.br/o-mpf/unidades/pr-sc/estagio/media-dos-aprovados-na-prova-objetiva-2025-2.pdf
File;http://svlp-plnptapp01.pgr.mpf.mp.br:8401/portal/sc/estagie-conosco/notas-da-prova-objetiva-com-soc-2025.pdf;https://www-cdn.mpf.mp.br/o-mpf/unidades/pr-sc/estagio/notas-da-prova-objetiva-com-soc-2025.pdf
File;http://svlp-plnptapp01.pgr.mpf.mp.br:8401/portal/sc/estagie-conosco/notas-definitivas-da-prova-discursiva-com-soc-2025.pdf;https://www-cdn.mpf.mp.br/o-mpf/unidades/pr-sc/estagio/notas-definitivas-da-prova-discursiva-com-soc-2025.pdf
File;http://svlp-plnptapp01.pgr.mpf.mp.br:8401/portal/sc/estagie-conosco/notas-preliminares-da-prova-discursiva-com-soc-2025.pdf;https://www-cdn.mpf.mp.br/o-mpf/unidades/pr-sc/estagio/notas-preliminares-da-prova-discursiva-com-soc-2025.pdf
Folder;http://svlp-plnptapp01.pgr.mpf.mp.br:8401/portal/sc/estagie-conosco/processos-seletivos;https://www-cdn.mpf.mp.br/o-mpf/unidades/pr-sc/estagio/processos-seletivos
Folder;http://svlp-plnptapp01.pgr.mpf.mp.br:8401/portal/sc/estagie-conosco/processos-seletivos/processo-seletivo-servico-voluntario-prm-criciuma;https://www-cdn.mpf.mp.br/o-mpf/unidades/pr-sc/estagio/processos-seletivos/processo-seletivo-servico-voluntario-prm-criciuma
File;http://svlp-plnptapp01.pgr.mpf.mp.br:8401/portal/sc/estagie-conosco/processos-seletivos/processo-seletivo-servico-voluntario-prm-criciuma/aviso-publico;https://www-cdn.mpf.mp.br/o-mpf/unidades/pr-sc/estagio/processos-seletivos/processo-seletivo-servico-voluntario-prm-criciuma/aviso-publico
File;http://svlp-plnptapp01.pgr.mpf.mp.br:8401/portal/sc/estagie-conosco/processos-seletivos/processo-seletivo-servico-voluntario-prm-criciuma/edital-abertura-02-2024;https://www-cdn.mpf.mp.br/o-mpf/unidades/pr-sc/estagio/processos-seletivos/processo-seletivo-servico-voluntario-prm-criciuma/edital-abertura-02-2024
File;http://svlp-plnptapp01.pgr.mpf.mp.br:8401/portal/sc/estagie-conosco/processos-seletivos/processo-seletivo-servico-voluntario-prm-criciuma/edital-de-homologacao-servico-voluntario-direito-criciuma.pdf;https://www-cdn.mpf.mp.br/o-mpf/unidades/pr-sc/estagio/processos-seletivos/processo-seletivo-servico-voluntario-prm-criciuma/edital-de-homologacao-servico-voluntario-direito-criciuma.pdf
File;http://svlp-plnptapp01.pgr.mpf.mp.br:8401/portal/sc/estagie-conosco/processos-seletivos/processo-seletivo-servico-voluntario-prm-criciuma/ficha-de-inscricao;https://www-cdn.mpf.mp.br/o-mpf/unidades/pr-sc/estagio/processos-seletivos/processo-seletivo-servico-voluntario-prm-criciuma/ficha-de-inscricao
File;http://svlp-plnptapp01.pgr.mpf.mp.br:8401/portal/sc/estagie-conosco/recursos-as-questoes-objetivas-resposta-aos-candidatos.pdf;https://www-cdn.mpf.mp.br/o-mpf/unidades/pr-sc/estagio/recursos-as-questoes-objetivas-resposta-aos-candidatos.pdf
File;http://svlp-plnptapp01.pgr.mpf.mp.br:8401/portal/sc/estagie-conosco/relacao-aprovados-na-prova-objetiva-2025-1.pdf;https://www-cdn.mpf.mp.br/o-mpf/unidades/pr-sc/estagio/relacao-aprovados-na-prova-objetiva-2025-1.pdf
File;http://svlp-plnptapp01.pgr.mpf.mp.br:8401/portal/sc/estagie-conosco/relacao-aprovados-na-prova-objetiva-2025-2.pdf;https://www-cdn.mpf.mp.br/o-mpf/unidades/pr-sc/estagio/relacao-aprovados-na-prova-objetiva-2025-2.pdf
File;http://svlp-plnptapp01.pgr.mpf.mp.br:8401/portal/sc/estagie-conosco/relacao-definitiva-da-media-das-discplinas-2025-1.pdf;https://www-cdn.mpf.mp.br/o-mpf/unidades/pr-sc/estagio/relacao-definitiva-da-media-das-discplinas-2025-1.pdf
File;http://svlp-plnptapp01.pgr.mpf.mp.br:8401/portal/sc/estagie-conosco/relacao-definitiva-inscricoes-deferidas-comunicacao-social-2025.pdf;https://www-cdn.mpf.mp.br/o-mpf/unidades/pr-sc/estagio/relacao-definitiva-inscricoes-deferidas-comunicacao-social-2025.pdf
File;http://svlp-plnptapp01.pgr.mpf.mp.br:8401/portal/sc/estagie-conosco/relacao-dos-aprovados-2024-2-retificado.pdf;https://www-cdn.mpf.mp.br/o-mpf/unidades/pr-sc/estagio/relacao-dos-aprovados-2024-2-retificado.pdf
File;http://svlp-plnptapp01.pgr.mpf.mp.br:8401/portal/sc/estagie-conosco/relacao-dos-aprovados-2024-2.pdf;https://www-cdn.mpf.mp.br/o-mpf/unidades/pr-sc/estagio/relacao-dos-aprovados-2024-2.pdf
File;http://svlp-plnptapp01.pgr.mpf.mp.br:8401/portal/sc/estagie-conosco/relacao-inscricoes-deferidas-2024-2.pdf;https://www-cdn.mpf.mp.br/o-mpf/unidades/pr-sc/estagio/relacao-inscricoes-deferidas-2024-2.pdf
File;http://svlp-plnptapp01.pgr.mpf.mp.br:8401/portal/sc/estagie-conosco/relacao-inscricoes-deferidas-2025-1.pdf;https://www-cdn.mpf.mp.br/o-mpf/unidades/pr-sc/estagio/relacao-inscricoes-deferidas-2025-1.pdf
File;http://svlp-plnptapp01.pgr.mpf.mp.br:8401/portal/sc/estagie-conosco/relacao-inscricoes-deferidas-2025-2.pdf;https://www-cdn.mpf.mp.br/o-mpf/unidades/pr-sc/estagio/relacao-inscricoes-deferidas-2025-2.pdf
File;http://svlp-plnptapp01.pgr.mpf.mp.br:8401/portal/sc/estagie-conosco/relacao-media-das-discplinas-2025-1.pdf;https://www-cdn.mpf.mp.br/o-mpf/unidades/pr-sc/estagio/relacao-media-das-discplinas-2025-1.pdf
File;http://svlp-plnptapp01.pgr.mpf.mp.br:8401/portal/sc/estagie-conosco/relacao-preliminar-inscricoes-deferidas-comunicacao-social-2025.pdf;https://www-cdn.mpf.mp.br/o-mpf/unidades/pr-sc/estagio/relacao-preliminar-inscricoes-deferidas-comunicacao-social-2025.pdf
File;http://svlp-plnptapp01.pgr.mpf.mp.br:8401/portal/sc/estagie-conosco/resposta-aos-recursos-prova-objetiva.pdf;https://www-cdn.mpf.mp.br/o-mpf/unidades/pr-sc/estagio/resposta-aos-recursos-prova-objetiva.pdf
File;http://svlp-plnptapp01.pgr.mpf.mp.br:8401/portal/sc/estagie-conosco/resultado-definitivo-do-processo-de-heteroidentificacao-2025-1.pdf;https://www-cdn.mpf.mp.br/o-mpf/unidades/pr-sc/estagio/resultado-definitivo-do-processo-de-heteroidentificacao-2025-1.pdf
File;http://svlp-plnptapp01.pgr.mpf.mp.br:8401/portal/sc/estagie-conosco/resultado-definitivo-do-processo-de-heteroidentificacao-2025-2.pdf;https://www-cdn.mpf.mp.br/o-mpf/unidades/pr-sc/estagio/resultado-definitivo-do-processo-de-heteroidentificacao-2025-2.pdf
File;http://svlp-plnptapp01.pgr.mpf.mp.br:8401/portal/sc/estagie-conosco/resultado-preliminar-do-processo-de-heteroidentificacao-2025-1.pdf;https://www-cdn.mpf.mp.br/o-mpf/unidades/pr-sc/estagio/resultado-preliminar-do-processo-de-heteroidentificacao-2025-1.pdf
File;http://svlp-plnptapp01.pgr.mpf.mp.br:8401/portal/sc/estagie-conosco/resultado-preliminar-do-processo-de-heteroidentificacao-2025-2.pdf;https://www-cdn.mpf.mp.br/o-mpf/unidades/pr-sc/estagio/resultado-preliminar-do-processo-de-heteroidentificacao-2025-2.pdf
File;http://svlp-plnptapp01.pgr.mpf.mp.br:8401/portal/sc/estagie-conosco/resultados-finais-completo.pdf;https://www-cdn.mpf.mp.br/o-mpf/unidades/pr-sc/estagio/resultados-finais-completo.pdf
File;http://svlp-plnptapp01.pgr.mpf.mp.br:8401/portal/sc/estagie-conosco/resumo-das-questoes-anuladas-2025-2.pdf;https://www-cdn.mpf.mp.br/o-mpf/unidades/pr-sc/estagio/resumo-das-questoes-anuladas-2025-2.pdf
File;http://svlp-plnptapp01.pgr.mpf.mp.br:8401/portal/sc/estagie-conosco/resumo-das-questoes-anuladas.pdf;https://www-cdn.mpf.mp.br/o-mpf/unidades/pr-sc/estagio/resumo-das-questoes-anuladas.pdf
