Folder;http://svlp-plnptapp01.pgr.mpf.mp.br:8401/portal/to/estagie-conosco;https://www-cdn.mpf.mp.br/o-mpf/unidades/pr-to/estagio/
Folder;http://svlp-plnptapp01.pgr.mpf.mp.br:8401/portal/to/estagie-conosco/2025;https://www-cdn.mpf.mp.br/o-mpf/unidades/pr-to/estagio/2025
Folder;http://svlp-plnptapp01.pgr.mpf.mp.br:8401/portal/to/estagie-conosco/2025/docs;https://www-cdn.mpf.mp.br/o-mpf/unidades/pr-to/estagio/2025/docs
File;http://svlp-plnptapp01.pgr.mpf.mp.br:8401/portal/to/estagie-conosco/2025/docs/02.06.2025RESULTADOPRELIMINAR.pdf;https://www-cdn.mpf.mp.br/o-mpf/unidades/pr-to/estagio/2025/docs/02.06.2025RESULTADOPRELIMINAR.pdf
File;http://svlp-plnptapp01.pgr.mpf.mp.br:8401/portal/to/estagie-conosco/2025/docs/11.06.2025RESULTADOPRELIMINARANTESDABANCADEHETEROIDENTIFICAO.pdf;https://www-cdn.mpf.mp.br/o-mpf/unidades/pr-to/estagio/2025/docs/11.06.2025RESULTADOPRELIMINARANTESDABANCADEHETEROIDENTIFICAO.pdf
File;http://svlp-plnptapp01.pgr.mpf.mp.br:8401/portal/to/estagie-conosco/2025/docs/AnexoIVAutodeclaraoparaCandidatosEtnico.pdf;https://www-cdn.mpf.mp.br/o-mpf/unidades/pr-to/estagio/2025/docs/AnexoIVAutodeclaraoparaCandidatosEtnico.pdf
File;http://svlp-plnptapp01.pgr.mpf.mp.br:8401/portal/to/estagie-conosco/2025/docs/CARTAZTOProcessoSeletivo2025.pdf;https://www-cdn.mpf.mp.br/o-mpf/unidades/pr-to/estagio/2025/docs/CARTAZTOProcessoSeletivo2025.pdf
File;http://svlp-plnptapp01.pgr.mpf.mp.br:8401/portal/to/estagie-conosco/2025/docs/Convocaoparabancadeheteroidentificao.pdf;https://www-cdn.mpf.mp.br/o-mpf/unidades/pr-to/estagio/2025/docs/Convocaoparabancadeheteroidentificao.pdf
File;http://svlp-plnptapp01.pgr.mpf.mp.br:8401/portal/to/estagie-conosco/2025/docs/RESULTADOPRELIMINARDABANCADEHETEROIDENTIFICAO.pdf;https://www-cdn.mpf.mp.br/o-mpf/unidades/pr-to/estagio/2025/docs/RESULTADOPRELIMINARDABANCADEHETEROIDENTIFICAO.pdf
File;http://svlp-plnptapp01.pgr.mpf.mp.br:8401/portal/to/estagie-conosco/2025/docs/anexo-i-ies-conveniadas.pdf;https://www-cdn.mpf.mp.br/o-mpf/unidades/pr-to/estagio/2025/docs/anexo-i-ies-conveniadas.pdf
File;http://svlp-plnptapp01.pgr.mpf.mp.br:8401/portal/to/estagie-conosco/2025/docs/anexo-ii-conteudo-programatico.pdf;https://www-cdn.mpf.mp.br/o-mpf/unidades/pr-to/estagio/2025/docs/anexo-ii-conteudo-programatico.pdf
File;http://svlp-plnptapp01.pgr.mpf.mp.br:8401/portal/to/estagie-conosco/2025/docs/anexo-iii-autodeclaracao-para-candidatos-negros.pdf;https://www-cdn.mpf.mp.br/o-mpf/unidades/pr-to/estagio/2025/docs/anexo-iii-autodeclaracao-para-candidatos-negros.pdf
File;http://svlp-plnptapp01.pgr.mpf.mp.br:8401/portal/to/estagie-conosco/2025/docs/anexo-v-declaracao-pessoa-com-deficiencia.pdf;https://www-cdn.mpf.mp.br/o-mpf/unidades/pr-to/estagio/2025/docs/anexo-v-declaracao-pessoa-com-deficiencia.pdf
File;http://svlp-plnptapp01.pgr.mpf.mp.br:8401/portal/to/estagie-conosco/2025/docs/anexo-vi-formulario-para-recurso.pdf;https://www-cdn.mpf.mp.br/o-mpf/unidades/pr-to/estagio/2025/docs/anexo-vi-formulario-para-recurso.pdf
File;http://svlp-plnptapp01.pgr.mpf.mp.br:8401/portal/to/estagie-conosco/2025/docs/edital-de-abertura-assinado.pdf;https://www-cdn.mpf.mp.br/o-mpf/unidades/pr-to/estagio/2025/docs/edital-de-abertura-assinado.pdf
Document;http://svlp-plnptapp01.pgr.mpf.mp.br:8401/portal/to/estagie-conosco/2025/selecao-de-estagio-2025;https://www-cdn.mpf.mp.br/o-mpf/unidades/pr-to/estagio/2025/selecao-de-estagio-2025
Document;http://svlp-plnptapp01.pgr.mpf.mp.br:8401/portal/to/estagie-conosco/2025/selecao-estagiarios-2025;https://www-cdn.mpf.mp.br/o-mpf/unidades/pr-to/estagio/2025/selecao-estagiarios-2025
Folder;http://svlp-plnptapp01.pgr.mpf.mp.br:8401/portal/to/estagie-conosco/concursos-anteriores;https://www-cdn.mpf.mp.br/o-mpf/unidades/pr-to/estagio/concursos-anteriores
Folder;http://svlp-plnptapp01.pgr.mpf.mp.br:8401/portal/to/estagie-conosco/concursos-anteriores/2012;https://www-cdn.mpf.mp.br/o-mpf/unidades/pr-to/estagio/concursos-anteriores/2012
Document;http://svlp-plnptapp01.pgr.mpf.mp.br:8401/portal/to/estagie-conosco/concursos-anteriores/2012/concurso-2012-comunicacao-social-e-administracao;https://www-cdn.mpf.mp.br/o-mpf/unidades/pr-to/estagio/concursos-anteriores/2012/concurso-2012-comunicacao-social-e-administracao
Document;http://svlp-plnptapp01.pgr.mpf.mp.br:8401/portal/to/estagie-conosco/concursos-anteriores/2012/concurso-de-estagiarios-de-direito-2012;https://www-cdn.mpf.mp.br/o-mpf/unidades/pr-to/estagio/concursos-anteriores/2012/concurso-de-estagiarios-de-direito-2012
Document;http://svlp-plnptapp01.pgr.mpf.mp.br:8401/portal/to/estagie-conosco/concursos-anteriores/2012/concurso-de-nivel-medio-2012;https://www-cdn.mpf.mp.br/o-mpf/unidades/pr-to/estagio/concursos-anteriores/2012/concurso-de-nivel-medio-2012
Folder;http://svlp-plnptapp01.pgr.mpf.mp.br:8401/portal/to/estagie-conosco/concursos-anteriores/2013;https://www-cdn.mpf.mp.br/o-mpf/unidades/pr-to/estagio/concursos-anteriores/2013
Document;http://svlp-plnptapp01.pgr.mpf.mp.br:8401/portal/to/estagie-conosco/concursos-anteriores/2013/concurso-de-estagiarios-de-direito-2013;https://www-cdn.mpf.mp.br/o-mpf/unidades/pr-to/estagio/concursos-anteriores/2013/concurso-de-estagiarios-de-direito-2013
Document;http://svlp-plnptapp01.pgr.mpf.mp.br:8401/portal/to/estagie-conosco/concursos-anteriores/2013/concurso-de-estagiarios-de-direito-2013-2;https://www-cdn.mpf.mp.br/o-mpf/unidades/pr-to/estagio/concursos-anteriores/2013/concurso-de-estagiarios-de-direito-2013-2
Folder;http://svlp-plnptapp01.pgr.mpf.mp.br:8401/portal/to/estagie-conosco/concursos-anteriores/2014;https://www-cdn.mpf.mp.br/o-mpf/unidades/pr-to/estagio/concursos-anteriores/2014
Document;http://svlp-plnptapp01.pgr.mpf.mp.br:8401/portal/to/estagie-conosco/concursos-anteriores/2014/2o-processo-seletivo-publico-de-estagiarios-de-2014;https://www-cdn.mpf.mp.br/o-mpf/unidades/pr-to/estagio/concursos-anteriores/2014/2o-processo-seletivo-publico-de-estagiarios-de-2014
Document;http://svlp-plnptapp01.pgr.mpf.mp.br:8401/portal/to/estagie-conosco/concursos-anteriores/2014/concurso-2014-para-estagio-de-nivel-superior-e-medio;https://www-cdn.mpf.mp.br/o-mpf/unidades/pr-to/estagio/concursos-anteriores/2014/concurso-2014-para-estagio-de-nivel-superior-e-medio
Folder;http://svlp-plnptapp01.pgr.mpf.mp.br:8401/portal/to/estagie-conosco/concursos-anteriores/2015;https://www-cdn.mpf.mp.br/o-mpf/unidades/pr-to/estagio/concursos-anteriores/2015
Document;http://svlp-plnptapp01.pgr.mpf.mp.br:8401/portal/to/estagie-conosco/concursos-anteriores/2015/concurso-estagiarios-2015-adminstracao-e-direito;https://www-cdn.mpf.mp.br/o-mpf/unidades/pr-to/estagio/concursos-anteriores/2015/concurso-estagiarios-2015-adminstracao-e-direito
Folder;http://svlp-plnptapp01.pgr.mpf.mp.br:8401/portal/to/estagie-conosco/concursos-anteriores/2016;https://www-cdn.mpf.mp.br/o-mpf/unidades/pr-to/estagio/concursos-anteriores/2016
File;http://svlp-plnptapp01.pgr.mpf.mp.br:8401/portal/to/estagie-conosco/concursos-anteriores/2016/CADERNODEPROVASADMINISTRAO.pdf;https://www-cdn.mpf.mp.br/o-mpf/unidades/pr-to/estagio/concursos-anteriores/2016/CADERNODEPROVASADMINISTRAO.pdf
File;http://svlp-plnptapp01.pgr.mpf.mp.br:8401/portal/to/estagie-conosco/concursos-anteriores/2016/CADERNODEPROVASCOMUNICAO.pdf;https://www-cdn.mpf.mp.br/o-mpf/unidades/pr-to/estagio/concursos-anteriores/2016/CADERNODEPROVASCOMUNICAO.pdf
File;http://svlp-plnptapp01.pgr.mpf.mp.br:8401/portal/to/estagie-conosco/concursos-anteriores/2016/CADERNODEPROVASDIREITO.pdf;https://www-cdn.mpf.mp.br/o-mpf/unidades/pr-to/estagio/concursos-anteriores/2016/CADERNODEPROVASDIREITO.pdf
File;http://svlp-plnptapp01.pgr.mpf.mp.br:8401/portal/to/estagie-conosco/concursos-anteriores/2016/CADERNOENGENHARIAAMBIENTAL.pdf;https://www-cdn.mpf.mp.br/o-mpf/unidades/pr-to/estagio/concursos-anteriores/2016/CADERNOENGENHARIAAMBIENTAL.pdf
File;http://svlp-plnptapp01.pgr.mpf.mp.br:8401/portal/to/estagie-conosco/concursos-anteriores/2016/EDITAL0316RETIFICAODOCUMENTOSINSCRIO.pdf;https://www-cdn.mpf.mp.br/o-mpf/unidades/pr-to/estagio/concursos-anteriores/2016/EDITAL0316RETIFICAODOCUMENTOSINSCRIO.pdf
File;http://svlp-plnptapp01.pgr.mpf.mp.br:8401/portal/to/estagie-conosco/concursos-anteriores/2016/EDITAL052016LOCALDEPROVA.pdf;https://www-cdn.mpf.mp.br/o-mpf/unidades/pr-to/estagio/concursos-anteriores/2016/EDITAL052016LOCALDEPROVA.pdf
File;http://svlp-plnptapp01.pgr.mpf.mp.br:8401/portal/to/estagie-conosco/concursos-anteriores/2016/EDITAL082016.pdf;https://www-cdn.mpf.mp.br/o-mpf/unidades/pr-to/estagio/concursos-anteriores/2016/EDITAL082016.pdf
File;http://svlp-plnptapp01.pgr.mpf.mp.br:8401/portal/to/estagie-conosco/concursos-anteriores/2016/EDITAL092017PRORROGAOVALIDADEASSINADODIGITALMENTEPRTO00015626_2017.pdf;https://www-cdn.mpf.mp.br/o-mpf/unidades/pr-to/estagio/concursos-anteriores/2016/EDITAL092017PRORROGAOVALIDADEASSINADODIGITALMENTEPRTO00015626_2017.pdf
File;http://svlp-plnptapp01.pgr.mpf.mp.br:8401/portal/to/estagie-conosco/concursos-anteriores/2016/EDITALEstagio.pdf;https://www-cdn.mpf.mp.br/o-mpf/unidades/pr-to/estagio/concursos-anteriores/2016/EDITALEstagio.pdf
File;http://svlp-plnptapp01.pgr.mpf.mp.br:8401/portal/to/estagie-conosco/concursos-anteriores/2016/EDITALPRORROGAO.pdf;https://www-cdn.mpf.mp.br/o-mpf/unidades/pr-to/estagio/concursos-anteriores/2016/EDITALPRORROGAO.pdf
File;http://svlp-plnptapp01.pgr.mpf.mp.br:8401/portal/to/estagie-conosco/concursos-anteriores/2016/EDITALPRTO062016GABARITOPRELIMINARPROVAOBJETIVA.pdf;https://www-cdn.mpf.mp.br/o-mpf/unidades/pr-to/estagio/concursos-anteriores/2016/EDITALPRTO062016GABARITOPRELIMINARPROVAOBJETIVA.pdf
File;http://svlp-plnptapp01.pgr.mpf.mp.br:8401/portal/to/estagie-conosco/concursos-anteriores/2016/RetificaoEdital.pdf;https://www-cdn.mpf.mp.br/o-mpf/unidades/pr-to/estagio/concursos-anteriores/2016/RetificaoEdital.pdf
Document;http://svlp-plnptapp01.pgr.mpf.mp.br:8401/portal/to/estagie-conosco/concursos-anteriores/2016/concurso-estagiarios-2016-2013-administracao-comunicacao-social-direito-e-engenharia-ambiental;https://www-cdn.mpf.mp.br/o-mpf/unidades/pr-to/estagio/concursos-anteriores/2016/concurso-estagiarios-2016-2013-administracao-comunicacao-social-direito-e-engenharia-ambiental
Document;http://svlp-plnptapp01.pgr.mpf.mp.br:8401/portal/to/estagie-conosco/concursos-anteriores/2016/inscricoes;https://www-cdn.mpf.mp.br/o-mpf/unidades/pr-to/estagio/concursos-anteriores/2016/inscricoes
File;http://svlp-plnptapp01.pgr.mpf.mp.br:8401/portal/to/estagie-conosco/concursos-anteriores/2016/resultadoestgio.pdf;https://www-cdn.mpf.mp.br/o-mpf/unidades/pr-to/estagio/concursos-anteriores/2016/resultadoestgio.pdf
Folder;http://svlp-plnptapp01.pgr.mpf.mp.br:8401/portal/to/estagie-conosco/concursos-anteriores/2018;https://www-cdn.mpf.mp.br/o-mpf/unidades/pr-to/estagio/concursos-anteriores/2018
Folder;http://svlp-plnptapp01.pgr.mpf.mp.br:8401/portal/to/estagie-conosco/concursos-anteriores/2018.1;https://www-cdn.mpf.mp.br/o-mpf/unidades/pr-to/estagio/concursos-anteriores/2018.1
Document;http://svlp-plnptapp01.pgr.mpf.mp.br:8401/portal/to/estagie-conosco/concursos-anteriores/2018.1/selecao-para-estagiarios-1;https://www-cdn.mpf.mp.br/o-mpf/unidades/pr-to/estagio/concursos-anteriores/2018.1/selecao-para-estagiarios-1
File;http://svlp-plnptapp01.pgr.mpf.mp.br:8401/portal/to/estagie-conosco/concursos-anteriores/2018/docs/ASSINADOEDITAL072018GABARITODEFINITVOERESULTADOPRELIMINARSUBJETIVO.pdf;https://www-cdn.mpf.mp.br/o-mpf/unidades/pr-to/estagio/concursos-anteriores/2018/docs/ASSINADOEDITAL072018GABARITODEFINITVOERESULTADOPRELIMINARSUBJETIVO.pdf
File;http://svlp-plnptapp01.pgr.mpf.mp.br:8401/portal/to/estagie-conosco/concursos-anteriores/2018/docs/Edital.PDF;https://www-cdn.mpf.mp.br/o-mpf/unidades/pr-to/estagio/concursos-anteriores/2018/docs/Edital.PDF
File;http://svlp-plnptapp01.pgr.mpf.mp.br:8401/portal/to/estagie-conosco/concursos-anteriores/2018/docs/Editalresultadooreliminar.PDF;https://www-cdn.mpf.mp.br/o-mpf/unidades/pr-to/estagio/concursos-anteriores/2018/docs/Editalresultadooreliminar.PDF
File;http://svlp-plnptapp01.pgr.mpf.mp.br:8401/portal/to/estagie-conosco/concursos-anteriores/2018/docs/FORMULRIODERECURSO.odt;https://www-cdn.mpf.mp.br/o-mpf/unidades/pr-to/estagio/concursos-anteriores/2018/docs/FORMULRIODERECURSO.odt
File;http://svlp-plnptapp01.pgr.mpf.mp.br:8401/portal/to/estagie-conosco/concursos-anteriores/2018/docs/FormulrioRecursoSubjetiva.PDF;https://www-cdn.mpf.mp.br/o-mpf/unidades/pr-to/estagio/concursos-anteriores/2018/docs/FormulrioRecursoSubjetiva.PDF
File;http://svlp-plnptapp01.pgr.mpf.mp.br:8401/portal/to/estagie-conosco/concursos-anteriores/2018/docs/Gabarito1.PDF;https://www-cdn.mpf.mp.br/o-mpf/unidades/pr-to/estagio/concursos-anteriores/2018/docs/Gabarito1.PDF
File;http://svlp-plnptapp01.pgr.mpf.mp.br:8401/portal/to/estagie-conosco/concursos-anteriores/2018/docs/Locaisdeprova.PDF;https://www-cdn.mpf.mp.br/o-mpf/unidades/pr-to/estagio/concursos-anteriores/2018/docs/Locaisdeprova.PDF
File;http://svlp-plnptapp01.pgr.mpf.mp.br:8401/portal/to/estagie-conosco/concursos-anteriores/2018/docs/ProvaADM.PDF;https://www-cdn.mpf.mp.br/o-mpf/unidades/pr-to/estagio/concursos-anteriores/2018/docs/ProvaADM.PDF
File;http://svlp-plnptapp01.pgr.mpf.mp.br:8401/portal/to/estagie-conosco/concursos-anteriores/2018/docs/ProvaComunicao.PDF;https://www-cdn.mpf.mp.br/o-mpf/unidades/pr-to/estagio/concursos-anteriores/2018/docs/ProvaComunicao.PDF
File;http://svlp-plnptapp01.pgr.mpf.mp.br:8401/portal/to/estagie-conosco/concursos-anteriores/2018/docs/ResultadoFinalEstagirios.PDF;https://www-cdn.mpf.mp.br/o-mpf/unidades/pr-to/estagio/concursos-anteriores/2018/docs/ResultadoFinalEstagirios.PDF
File;http://svlp-plnptapp01.pgr.mpf.mp.br:8401/portal/to/estagie-conosco/concursos-anteriores/2018/docs/Resultadofinal.PDF;https://www-cdn.mpf.mp.br/o-mpf/unidades/pr-to/estagio/concursos-anteriores/2018/docs/Resultadofinal.PDF
File;http://svlp-plnptapp01.pgr.mpf.mp.br:8401/portal/to/estagie-conosco/concursos-anteriores/2018/docs/copy_of_Edital.PDF;https://www-cdn.mpf.mp.br/o-mpf/unidades/pr-to/estagio/concursos-anteriores/2018/docs/copy_of_Edital.PDF
File;http://svlp-plnptapp01.pgr.mpf.mp.br:8401/portal/to/estagie-conosco/concursos-anteriores/2018/docs/corrigidoFORMULRIODERECURSO.pdf;https://www-cdn.mpf.mp.br/o-mpf/unidades/pr-to/estagio/concursos-anteriores/2018/docs/corrigidoFORMULRIODERECURSO.pdf
File;http://svlp-plnptapp01.pgr.mpf.mp.br:8401/portal/to/estagie-conosco/concursos-anteriores/2018/docs/edital3.PDF;https://www-cdn.mpf.mp.br/o-mpf/unidades/pr-to/estagio/concursos-anteriores/2018/docs/edital3.PDF
Document;http://svlp-plnptapp01.pgr.mpf.mp.br:8401/portal/to/estagie-conosco/concursos-anteriores/2018/selecao-para-estagiarios;https://www-cdn.mpf.mp.br/o-mpf/unidades/pr-to/estagio/concursos-anteriores/2018/selecao-para-estagiarios
Folder;http://svlp-plnptapp01.pgr.mpf.mp.br:8401/portal/to/estagie-conosco/concursos-anteriores/2019;https://www-cdn.mpf.mp.br/o-mpf/unidades/pr-to/estagio/concursos-anteriores/2019
Document;http://svlp-plnptapp01.pgr.mpf.mp.br:8401/portal/to/estagie-conosco/concursos-anteriores/2019/selecao-para-estagiarios;https://www-cdn.mpf.mp.br/o-mpf/unidades/pr-to/estagio/concursos-anteriores/2019/selecao-para-estagiarios
Folder;http://svlp-plnptapp01.pgr.mpf.mp.br:8401/portal/to/estagie-conosco/concursos-anteriores/2021;https://www-cdn.mpf.mp.br/o-mpf/unidades/pr-to/estagio/concursos-anteriores/2021
Folder;http://svlp-plnptapp01.pgr.mpf.mp.br:8401/portal/to/estagie-conosco/concursos-anteriores/2021/comunicacao-social-jornalismo;https://www-cdn.mpf.mp.br/o-mpf/unidades/pr-to/estagio/concursos-anteriores/2021/comunicacao-social-jornalismo
Document;http://svlp-plnptapp01.pgr.mpf.mp.br:8401/portal/to/estagie-conosco/concursos-anteriores/2021/comunicacao-social-jornalismo/selecao-para-estagiarios;https://www-cdn.mpf.mp.br/o-mpf/unidades/pr-to/estagio/concursos-anteriores/2021/comunicacao-social-jornalismo/selecao-para-estagiarios
Folder;http://svlp-plnptapp01.pgr.mpf.mp.br:8401/portal/to/estagie-conosco/concursos-anteriores/2022-1;https://www-cdn.mpf.mp.br/o-mpf/unidades/pr-to/estagio/concursos-anteriores/2022-1
Document;http://svlp-plnptapp01.pgr.mpf.mp.br:8401/portal/to/estagie-conosco/concursos-anteriores/2022-1/selecao-estagiarios-2022;https://www-cdn.mpf.mp.br/o-mpf/unidades/pr-to/estagio/concursos-anteriores/2022-1/selecao-estagiarios-2022
Folder;http://svlp-plnptapp01.pgr.mpf.mp.br:8401/portal/to/estagie-conosco/concursos-anteriores/2023;https://www-cdn.mpf.mp.br/o-mpf/unidades/pr-to/estagio/concursos-anteriores/2023
Document;http://svlp-plnptapp01.pgr.mpf.mp.br:8401/portal/to/estagie-conosco/concursos-anteriores/2023/selecao-para-estagiarios;https://www-cdn.mpf.mp.br/o-mpf/unidades/pr-to/estagio/concursos-anteriores/2023/selecao-para-estagiarios
Folder;http://svlp-plnptapp01.pgr.mpf.mp.br:8401/portal/to/estagie-conosco/concursos-anteriores/2024;https://www-cdn.mpf.mp.br/o-mpf/unidades/pr-to/estagio/concursos-anteriores/2024
Folder;http://svlp-plnptapp01.pgr.mpf.mp.br:8401/portal/to/estagie-conosco/concursos-anteriores/2024.2-2;https://www-cdn.mpf.mp.br/o-mpf/unidades/pr-to/estagio/concursos-anteriores/2024.2-2
News Item;http://svlp-plnptapp01.pgr.mpf.mp.br:8401/portal/to/estagie-conosco/concursos-anteriores/2024.2/selecao-de-estagio;https://www-cdn.mpf.mp.br/o-mpf/unidades/pr-to/estagio/concursos-anteriores/2024.2/selecao-de-estagio
File;http://svlp-plnptapp01.pgr.mpf.mp.br:8401/portal/to/estagie-conosco/concursos-anteriores/docs-2024/07.10.2024RETIFICAODORESULTADOPRELIMINARPALMASEARAGUANA.pdf;https://www-cdn.mpf.mp.br/o-mpf/unidades/pr-to/estagio/concursos-anteriores/docs-2024/07.10.2024RETIFICAODORESULTADOPRELIMINARPALMASEARAGUANA.pdf
File;http://svlp-plnptapp01.pgr.mpf.mp.br:8401/portal/to/estagie-conosco/concursos-anteriores/docs-2024/Editalconvocaoparabancadeheteroidentificao.pdf;https://www-cdn.mpf.mp.br/o-mpf/unidades/pr-to/estagio/concursos-anteriores/docs-2024/Editalconvocaoparabancadeheteroidentificao.pdf
File;http://svlp-plnptapp01.pgr.mpf.mp.br:8401/portal/to/estagie-conosco/concursos-anteriores/docs-2024/FormulrioparaRecursoprovadiscursiva09.10.2024.pdf;https://www-cdn.mpf.mp.br/o-mpf/unidades/pr-to/estagio/concursos-anteriores/docs-2024/FormulrioparaRecursoprovadiscursiva09.10.2024.pdf
Folder;http://svlp-plnptapp01.pgr.mpf.mp.br:8401/portal/to/estagie-conosco/home-admin/em-andamento;https://www-cdn.mpf.mp.br/o-mpf/unidades/pr-to/estagio/home-admin/em-andamento
Document;http://svlp-plnptapp01.pgr.mpf.mp.br:8401/portal/to/estagie-conosco/home-admin/em-andamento/nao-ha;https://www-cdn.mpf.mp.br/o-mpf/unidades/pr-to/estagio/home-admin/em-andamento/nao-ha
Folder;http://svlp-plnptapp01.pgr.mpf.mp.br:8401/portal/to/estagie-conosco/home-admin/inscricoes-abertas;https://www-cdn.mpf.mp.br/o-mpf/unidades/pr-to/estagio/home-admin/inscricoes-abertas
Document;http://svlp-plnptapp01.pgr.mpf.mp.br:8401/portal/to/estagie-conosco/home-admin/inscricoes-abertas/nao-ha;https://www-cdn.mpf.mp.br/o-mpf/unidades/pr-to/estagio/home-admin/inscricoes-abertas/nao-ha
