Folder;http://svlp-plnptapp01.pgr.mpf.mp.br:8401/portal/ac/estagie-conosco;https://www-cdn.mpf.mp.br/o-mpf/unidades/pr-ac/estagio/
Concurso;http://svlp-plnptapp01.pgr.mpf.mp.br:8401/portal/ac/estagie-conosco/1-o-processo-seletivo-publico-2024;https://www-cdn.mpf.mp.br/o-mpf/unidades/pr-ac/estagio/1-o-processo-seletivo-publico-2024
File;http://svlp-plnptapp01.pgr.mpf.mp.br:8401/portal/ac/estagie-conosco/1-o-processo-seletivo-publico-2024/edital-mpf-pr-ac-n-03-2024-de-18-de-junho-de-2024;https://www-cdn.mpf.mp.br/o-mpf/unidades/pr-ac/estagio/1-o-processo-seletivo-publico-2024/edital-mpf-pr-ac-n-03-2024-de-18-de-junho-de-2024
Link;http://svlp-plnptapp01.pgr.mpf.mp.br:8401/portal/ac/estagie-conosco/1o-processo-seletivo-publico-2024/confirmacao-da-inscricao-pr-ac;https://www-cdn.mpf.mp.br/o-mpf/unidades/pr-ac/estagio/1o-processo-seletivo-publico-2024/confirmacao-da-inscricao-pr-ac
File;http://svlp-plnptapp01.pgr.mpf.mp.br:8401/portal/ac/estagie-conosco/1o-processo-seletivo-publico-2024/edital-mpf-prac-03_2024-_-pse-2024-1.pdf;https://www-cdn.mpf.mp.br/o-mpf/unidades/pr-ac/estagio/1o-processo-seletivo-publico-2024/edital-mpf-prac-03_2024-_-pse-2024-1.pdf
File;http://svlp-plnptapp01.pgr.mpf.mp.br:8401/portal/ac/estagie-conosco/1o-processo-seletivo-publico-2024/edital-no-04-2023;https://www-cdn.mpf.mp.br/o-mpf/unidades/pr-ac/estagio/1o-processo-seletivo-publico-2024/edital-no-04-2023
Link;http://svlp-plnptapp01.pgr.mpf.mp.br:8401/portal/ac/estagie-conosco/1o-processo-seletivo-publico-2024/pre-inscricao-pr-ac;https://www-cdn.mpf.mp.br/o-mpf/unidades/pr-ac/estagio/1o-processo-seletivo-publico-2024/pre-inscricao-pr-ac
Folder;http://svlp-plnptapp01.pgr.mpf.mp.br:8401/portal/ac/estagie-conosco/1o-processo-seletivo-publico-de-2016;https://www-cdn.mpf.mp.br/o-mpf/unidades/pr-ac/estagio/1o-processo-seletivo-publico-de-2016
File;http://svlp-plnptapp01.pgr.mpf.mp.br:8401/portal/ac/estagie-conosco/1o-processo-seletivo-publico-de-2016/acompanhamento-de-convocacoes;https://www-cdn.mpf.mp.br/o-mpf/unidades/pr-ac/estagio/1o-processo-seletivo-publico-de-2016/acompanhamento-de-convocacoes
File;http://svlp-plnptapp01.pgr.mpf.mp.br:8401/portal/ac/estagie-conosco/1o-processo-seletivo-publico-de-2016/edital-no-01-2016;https://www-cdn.mpf.mp.br/o-mpf/unidades/pr-ac/estagio/1o-processo-seletivo-publico-de-2016/edital-no-01-2016
File;http://svlp-plnptapp01.pgr.mpf.mp.br:8401/portal/ac/estagie-conosco/1o-processo-seletivo-publico-de-2016/edital-no-02-2016;https://www-cdn.mpf.mp.br/o-mpf/unidades/pr-ac/estagio/1o-processo-seletivo-publico-de-2016/edital-no-02-2016
File;http://svlp-plnptapp01.pgr.mpf.mp.br:8401/portal/ac/estagie-conosco/1o-processo-seletivo-publico-de-2016/edital-no-03-2016;https://www-cdn.mpf.mp.br/o-mpf/unidades/pr-ac/estagio/1o-processo-seletivo-publico-de-2016/edital-no-03-2016
File;http://svlp-plnptapp01.pgr.mpf.mp.br:8401/portal/ac/estagie-conosco/1o-processo-seletivo-publico-de-2016/edital-no-05-2016;https://www-cdn.mpf.mp.br/o-mpf/unidades/pr-ac/estagio/1o-processo-seletivo-publico-de-2016/edital-no-05-2016
File;http://svlp-plnptapp01.pgr.mpf.mp.br:8401/portal/ac/estagie-conosco/1o-processo-seletivo-publico-de-2016/edital-no-05-2016-1;https://www-cdn.mpf.mp.br/o-mpf/unidades/pr-ac/estagio/1o-processo-seletivo-publico-de-2016/edital-no-05-2016-1
File;http://svlp-plnptapp01.pgr.mpf.mp.br:8401/portal/ac/estagie-conosco/1o-processo-seletivo-publico-de-2016/edital-no-06-2016;https://www-cdn.mpf.mp.br/o-mpf/unidades/pr-ac/estagio/1o-processo-seletivo-publico-de-2016/edital-no-06-2016
File;http://svlp-plnptapp01.pgr.mpf.mp.br:8401/portal/ac/estagie-conosco/1o-processo-seletivo-publico-de-2016/edital-no-07-2016;https://www-cdn.mpf.mp.br/o-mpf/unidades/pr-ac/estagio/1o-processo-seletivo-publico-de-2016/edital-no-07-2016
File;http://svlp-plnptapp01.pgr.mpf.mp.br:8401/portal/ac/estagie-conosco/1o-processo-seletivo-publico-de-2016/edital-no-07-2016-anexo-i;https://www-cdn.mpf.mp.br/o-mpf/unidades/pr-ac/estagio/1o-processo-seletivo-publico-de-2016/edital-no-07-2016-anexo-i
File;http://svlp-plnptapp01.pgr.mpf.mp.br:8401/portal/ac/estagie-conosco/1o-processo-seletivo-publico-de-2016/edital-no-07-2016-anexo-ii;https://www-cdn.mpf.mp.br/o-mpf/unidades/pr-ac/estagio/1o-processo-seletivo-publico-de-2016/edital-no-07-2016-anexo-ii
File;http://svlp-plnptapp01.pgr.mpf.mp.br:8401/portal/ac/estagie-conosco/1o-processo-seletivo-publico-de-2016/edital-no-07-2016-anexo-iii;https://www-cdn.mpf.mp.br/o-mpf/unidades/pr-ac/estagio/1o-processo-seletivo-publico-de-2016/edital-no-07-2016-anexo-iii
File;http://svlp-plnptapp01.pgr.mpf.mp.br:8401/portal/ac/estagie-conosco/1o-processo-seletivo-publico-de-2016/edital-no-08-2016;https://www-cdn.mpf.mp.br/o-mpf/unidades/pr-ac/estagio/1o-processo-seletivo-publico-de-2016/edital-no-08-2016
File;http://svlp-plnptapp01.pgr.mpf.mp.br:8401/portal/ac/estagie-conosco/1o-processo-seletivo-publico-de-2016/edital-no-09-2016;https://www-cdn.mpf.mp.br/o-mpf/unidades/pr-ac/estagio/1o-processo-seletivo-publico-de-2016/edital-no-09-2016
File;http://svlp-plnptapp01.pgr.mpf.mp.br:8401/portal/ac/estagie-conosco/1o-processo-seletivo-publico-de-2016/edital-no-10-2016;https://www-cdn.mpf.mp.br/o-mpf/unidades/pr-ac/estagio/1o-processo-seletivo-publico-de-2016/edital-no-10-2016
Link;http://svlp-plnptapp01.pgr.mpf.mp.br:8401/portal/ac/estagie-conosco/1o-processo-seletivo-publico-de-2016/pre-inscricao-pr-ac;https://www-cdn.mpf.mp.br/o-mpf/unidades/pr-ac/estagio/1o-processo-seletivo-publico-de-2016/pre-inscricao-pr-ac
Link;http://svlp-plnptapp01.pgr.mpf.mp.br:8401/portal/ac/estagie-conosco/1o-processo-seletivo-publico-de-2016/pre-inscricao-prm-c-do-sul;https://www-cdn.mpf.mp.br/o-mpf/unidades/pr-ac/estagio/1o-processo-seletivo-publico-de-2016/pre-inscricao-prm-c-do-sul
Folder;http://svlp-plnptapp01.pgr.mpf.mp.br:8401/portal/ac/estagie-conosco/1o-processo-seletivo-publico-de-2018;https://www-cdn.mpf.mp.br/o-mpf/unidades/pr-ac/estagio/1o-processo-seletivo-publico-de-2018
File;http://svlp-plnptapp01.pgr.mpf.mp.br:8401/portal/ac/estagie-conosco/1o-processo-seletivo-publico-de-2018/acompanhamento-de-convocacoes;https://www-cdn.mpf.mp.br/o-mpf/unidades/pr-ac/estagio/1o-processo-seletivo-publico-de-2018/acompanhamento-de-convocacoes
File;http://svlp-plnptapp01.pgr.mpf.mp.br:8401/portal/ac/estagie-conosco/1o-processo-seletivo-publico-de-2018/edital-no-01-19;https://www-cdn.mpf.mp.br/o-mpf/unidades/pr-ac/estagio/1o-processo-seletivo-publico-de-2018/edital-no-01-19
File;http://svlp-plnptapp01.pgr.mpf.mp.br:8401/portal/ac/estagie-conosco/1o-processo-seletivo-publico-de-2018/edital-no-01-2018;https://www-cdn.mpf.mp.br/o-mpf/unidades/pr-ac/estagio/1o-processo-seletivo-publico-de-2018/edital-no-01-2018
File;http://svlp-plnptapp01.pgr.mpf.mp.br:8401/portal/ac/estagie-conosco/1o-processo-seletivo-publico-de-2018/edital-no-02-2018;https://www-cdn.mpf.mp.br/o-mpf/unidades/pr-ac/estagio/1o-processo-seletivo-publico-de-2018/edital-no-02-2018
File;http://svlp-plnptapp01.pgr.mpf.mp.br:8401/portal/ac/estagie-conosco/1o-processo-seletivo-publico-de-2018/edital-no-03-2018;https://www-cdn.mpf.mp.br/o-mpf/unidades/pr-ac/estagio/1o-processo-seletivo-publico-de-2018/edital-no-03-2018
File;http://svlp-plnptapp01.pgr.mpf.mp.br:8401/portal/ac/estagie-conosco/1o-processo-seletivo-publico-de-2018/edital-no-04-2018;https://www-cdn.mpf.mp.br/o-mpf/unidades/pr-ac/estagio/1o-processo-seletivo-publico-de-2018/edital-no-04-2018
File;http://svlp-plnptapp01.pgr.mpf.mp.br:8401/portal/ac/estagie-conosco/1o-processo-seletivo-publico-de-2018/edital-no-05-2018;https://www-cdn.mpf.mp.br/o-mpf/unidades/pr-ac/estagio/1o-processo-seletivo-publico-de-2018/edital-no-05-2018
File;http://svlp-plnptapp01.pgr.mpf.mp.br:8401/portal/ac/estagie-conosco/1o-processo-seletivo-publico-de-2018/edital-no-06-2018;https://www-cdn.mpf.mp.br/o-mpf/unidades/pr-ac/estagio/1o-processo-seletivo-publico-de-2018/edital-no-06-2018
File;http://svlp-plnptapp01.pgr.mpf.mp.br:8401/portal/ac/estagie-conosco/1o-processo-seletivo-publico-de-2018/edital-no-07-2018;https://www-cdn.mpf.mp.br/o-mpf/unidades/pr-ac/estagio/1o-processo-seletivo-publico-de-2018/edital-no-07-2018
File;http://svlp-plnptapp01.pgr.mpf.mp.br:8401/portal/ac/estagie-conosco/1o-processo-seletivo-publico-de-2018/edital-no-08-2018;https://www-cdn.mpf.mp.br/o-mpf/unidades/pr-ac/estagio/1o-processo-seletivo-publico-de-2018/edital-no-08-2018
Link;http://svlp-plnptapp01.pgr.mpf.mp.br:8401/portal/ac/estagie-conosco/1o-processo-seletivo-publico-de-2018/pre-inscricao-pr-ac;https://www-cdn.mpf.mp.br/o-mpf/unidades/pr-ac/estagio/1o-processo-seletivo-publico-de-2018/pre-inscricao-pr-ac
Link;http://svlp-plnptapp01.pgr.mpf.mp.br:8401/portal/ac/estagie-conosco/1o-processo-seletivo-publico-de-2018/pre-inscricao-prm-c-do-sul;https://www-cdn.mpf.mp.br/o-mpf/unidades/pr-ac/estagio/1o-processo-seletivo-publico-de-2018/pre-inscricao-prm-c-do-sul
File;http://svlp-plnptapp01.pgr.mpf.mp.br:8401/portal/ac/estagie-conosco/1o-processo-seletivo-publico-de-2018/retificacao;https://www-cdn.mpf.mp.br/o-mpf/unidades/pr-ac/estagio/1o-processo-seletivo-publico-de-2018/retificacao
Folder;http://svlp-plnptapp01.pgr.mpf.mp.br:8401/portal/ac/estagie-conosco/1o-processo-seletivo-publico-de-2019;https://www-cdn.mpf.mp.br/o-mpf/unidades/pr-ac/estagio/1o-processo-seletivo-publico-de-2019
File;http://svlp-plnptapp01.pgr.mpf.mp.br:8401/portal/ac/estagie-conosco/1o-processo-seletivo-publico-de-2019/acompanhamento-de-convocacoes;https://www-cdn.mpf.mp.br/o-mpf/unidades/pr-ac/estagio/1o-processo-seletivo-publico-de-2019/acompanhamento-de-convocacoes
File;http://svlp-plnptapp01.pgr.mpf.mp.br:8401/portal/ac/estagie-conosco/1o-processo-seletivo-publico-de-2019/edital-09-2019;https://www-cdn.mpf.mp.br/o-mpf/unidades/pr-ac/estagio/1o-processo-seletivo-publico-de-2019/edital-09-2019
File;http://svlp-plnptapp01.pgr.mpf.mp.br:8401/portal/ac/estagie-conosco/1o-processo-seletivo-publico-de-2019/edital-10-2019;https://www-cdn.mpf.mp.br/o-mpf/unidades/pr-ac/estagio/1o-processo-seletivo-publico-de-2019/edital-10-2019
File;http://svlp-plnptapp01.pgr.mpf.mp.br:8401/portal/ac/estagie-conosco/1o-processo-seletivo-publico-de-2019/edital-mpf-pr-ac-n-o-08-2019;https://www-cdn.mpf.mp.br/o-mpf/unidades/pr-ac/estagio/1o-processo-seletivo-publico-de-2019/edital-mpf-pr-ac-n-o-08-2019
File;http://svlp-plnptapp01.pgr.mpf.mp.br:8401/portal/ac/estagie-conosco/1o-processo-seletivo-publico-de-2019/edital-no-01-19;https://www-cdn.mpf.mp.br/o-mpf/unidades/pr-ac/estagio/1o-processo-seletivo-publico-de-2019/edital-no-01-19
File;http://svlp-plnptapp01.pgr.mpf.mp.br:8401/portal/ac/estagie-conosco/1o-processo-seletivo-publico-de-2019/edital-no-05-2019;https://www-cdn.mpf.mp.br/o-mpf/unidades/pr-ac/estagio/1o-processo-seletivo-publico-de-2019/edital-no-05-2019
File;http://svlp-plnptapp01.pgr.mpf.mp.br:8401/portal/ac/estagie-conosco/1o-processo-seletivo-publico-de-2019/edital-no-06-2019;https://www-cdn.mpf.mp.br/o-mpf/unidades/pr-ac/estagio/1o-processo-seletivo-publico-de-2019/edital-no-06-2019
File;http://svlp-plnptapp01.pgr.mpf.mp.br:8401/portal/ac/estagie-conosco/1o-processo-seletivo-publico-de-2019/edital-no-07-2019;https://www-cdn.mpf.mp.br/o-mpf/unidades/pr-ac/estagio/1o-processo-seletivo-publico-de-2019/edital-no-07-2019
File;http://svlp-plnptapp01.pgr.mpf.mp.br:8401/portal/ac/estagie-conosco/1o-processo-seletivo-publico-de-2019/edital-no-07-2019-1;https://www-cdn.mpf.mp.br/o-mpf/unidades/pr-ac/estagio/1o-processo-seletivo-publico-de-2019/edital-no-07-2019-1
File;http://svlp-plnptapp01.pgr.mpf.mp.br:8401/portal/ac/estagie-conosco/1o-processo-seletivo-publico-de-2019/errata-2013-edital-mpf-pr-ac-no-08-2019;https://www-cdn.mpf.mp.br/o-mpf/unidades/pr-ac/estagio/1o-processo-seletivo-publico-de-2019/errata-2013-edital-mpf-pr-ac-no-08-2019
Link;http://svlp-plnptapp01.pgr.mpf.mp.br:8401/portal/ac/estagie-conosco/1o-processo-seletivo-publico-de-2019/pre-inscricao-pr-ac;https://www-cdn.mpf.mp.br/o-mpf/unidades/pr-ac/estagio/1o-processo-seletivo-publico-de-2019/pre-inscricao-pr-ac
Link;http://svlp-plnptapp01.pgr.mpf.mp.br:8401/portal/ac/estagie-conosco/1o-processo-seletivo-publico-de-2019/pre-inscricao-prm-c-do-sul;https://www-cdn.mpf.mp.br/o-mpf/unidades/pr-ac/estagio/1o-processo-seletivo-publico-de-2019/pre-inscricao-prm-c-do-sul
File;http://svlp-plnptapp01.pgr.mpf.mp.br:8401/portal/ac/estagie-conosco/1o-processo-seletivo-publico-de-2019/suspensao-do-prazo-de-validade-do-processo-seletivo-2019;https://www-cdn.mpf.mp.br/o-mpf/unidades/pr-ac/estagio/1o-processo-seletivo-publico-de-2019/suspensao-do-prazo-de-validade-do-processo-seletivo-2019
Folder;http://svlp-plnptapp01.pgr.mpf.mp.br:8401/portal/ac/estagie-conosco/1o-processo-seletivo-publico-de-2021-1;https://www-cdn.mpf.mp.br/o-mpf/unidades/pr-ac/estagio/1o-processo-seletivo-publico-de-2021-1
Link;http://svlp-plnptapp01.pgr.mpf.mp.br:8401/portal/ac/estagie-conosco/1o-processo-seletivo-publico-de-2021-1/acesse-aqui-para-efetuar-sua-pre-inscricao;https://www-cdn.mpf.mp.br/o-mpf/unidades/pr-ac/estagio/1o-processo-seletivo-publico-de-2021-1/acesse-aqui-para-efetuar-sua-pre-inscricao
File;http://svlp-plnptapp01.pgr.mpf.mp.br:8401/portal/ac/estagie-conosco/1o-processo-seletivo-publico-de-2021-1/acompanhamento-das-convocacoes;https://www-cdn.mpf.mp.br/o-mpf/unidades/pr-ac/estagio/1o-processo-seletivo-publico-de-2021-1/acompanhamento-das-convocacoes
File;http://svlp-plnptapp01.pgr.mpf.mp.br:8401/portal/ac/estagie-conosco/1o-processo-seletivo-publico-de-2021-1/aviso-sobre-gabaritos-preliminares;https://www-cdn.mpf.mp.br/o-mpf/unidades/pr-ac/estagio/1o-processo-seletivo-publico-de-2021-1/aviso-sobre-gabaritos-preliminares
File;http://svlp-plnptapp01.pgr.mpf.mp.br:8401/portal/ac/estagie-conosco/1o-processo-seletivo-publico-de-2021-1/edital-mpf-pr-ac-n-o-05-2021;https://www-cdn.mpf.mp.br/o-mpf/unidades/pr-ac/estagio/1o-processo-seletivo-publico-de-2021-1/edital-mpf-pr-ac-n-o-05-2021
File;http://svlp-plnptapp01.pgr.mpf.mp.br:8401/portal/ac/estagie-conosco/1o-processo-seletivo-publico-de-2021-1/edital-mpf-pr-ac-n-o-12-2021;https://www-cdn.mpf.mp.br/o-mpf/unidades/pr-ac/estagio/1o-processo-seletivo-publico-de-2021-1/edital-mpf-pr-ac-n-o-12-2021
File;http://svlp-plnptapp01.pgr.mpf.mp.br:8401/portal/ac/estagie-conosco/1o-processo-seletivo-publico-de-2021-1/edital-mpf-pr-ac-n-o-13-2021;https://www-cdn.mpf.mp.br/o-mpf/unidades/pr-ac/estagio/1o-processo-seletivo-publico-de-2021-1/edital-mpf-pr-ac-n-o-13-2021
File;http://svlp-plnptapp01.pgr.mpf.mp.br:8401/portal/ac/estagie-conosco/1o-processo-seletivo-publico-de-2021-1/edital-mpf-pr-ac-n-o-14-2021;https://www-cdn.mpf.mp.br/o-mpf/unidades/pr-ac/estagio/1o-processo-seletivo-publico-de-2021-1/edital-mpf-pr-ac-n-o-14-2021
File;http://svlp-plnptapp01.pgr.mpf.mp.br:8401/portal/ac/estagie-conosco/1o-processo-seletivo-publico-de-2021-1/edital-mpf-pr-ac-no-29-2022;https://www-cdn.mpf.mp.br/o-mpf/unidades/pr-ac/estagio/1o-processo-seletivo-publico-de-2021-1/edital-mpf-pr-ac-no-29-2022
File;http://svlp-plnptapp01.pgr.mpf.mp.br:8401/portal/ac/estagie-conosco/1o-processo-seletivo-publico-de-2021-1/edital-mpf-pr-ac-no-8-2021;https://www-cdn.mpf.mp.br/o-mpf/unidades/pr-ac/estagio/1o-processo-seletivo-publico-de-2021-1/edital-mpf-pr-ac-no-8-2021
File;http://svlp-plnptapp01.pgr.mpf.mp.br:8401/portal/ac/estagie-conosco/1o-processo-seletivo-publico-de-2021-1/edital-mpf-pr-ac-no-9-2021;https://www-cdn.mpf.mp.br/o-mpf/unidades/pr-ac/estagio/1o-processo-seletivo-publico-de-2021-1/edital-mpf-pr-ac-no-9-2021
File;http://svlp-plnptapp01.pgr.mpf.mp.br:8401/portal/ac/estagie-conosco/1o-processo-seletivo-publico-de-2021-1/edital-no-10-2021;https://www-cdn.mpf.mp.br/o-mpf/unidades/pr-ac/estagio/1o-processo-seletivo-publico-de-2021-1/edital-no-10-2021
File;http://svlp-plnptapp01.pgr.mpf.mp.br:8401/portal/ac/estagie-conosco/1o-processo-seletivo-publico-de-2021-1/edital-no-11-2021;https://www-cdn.mpf.mp.br/o-mpf/unidades/pr-ac/estagio/1o-processo-seletivo-publico-de-2021-1/edital-no-11-2021
File;http://svlp-plnptapp01.pgr.mpf.mp.br:8401/portal/ac/estagie-conosco/1o-processo-seletivo-publico-de-2021-1/edital-no-2-2021;https://www-cdn.mpf.mp.br/o-mpf/unidades/pr-ac/estagio/1o-processo-seletivo-publico-de-2021-1/edital-no-2-2021
File;http://svlp-plnptapp01.pgr.mpf.mp.br:8401/portal/ac/estagie-conosco/1o-processo-seletivo-publico-de-2021-1/edital-no-4-2021;https://www-cdn.mpf.mp.br/o-mpf/unidades/pr-ac/estagio/1o-processo-seletivo-publico-de-2021-1/edital-no-4-2021
File;http://svlp-plnptapp01.pgr.mpf.mp.br:8401/portal/ac/estagie-conosco/1o-processo-seletivo-publico-de-2021-1/edital-no07-2021;https://www-cdn.mpf.mp.br/o-mpf/unidades/pr-ac/estagio/1o-processo-seletivo-publico-de-2021-1/edital-no07-2021
File;http://svlp-plnptapp01.pgr.mpf.mp.br:8401/portal/ac/estagie-conosco/1o-processo-seletivo-publico-de-2021-1/formulario-de-autorizacao-do-uso-da-imagem;https://www-cdn.mpf.mp.br/o-mpf/unidades/pr-ac/estagio/1o-processo-seletivo-publico-de-2021-1/formulario-de-autorizacao-do-uso-da-imagem
File;http://svlp-plnptapp01.pgr.mpf.mp.br:8401/portal/ac/estagie-conosco/1o-processo-seletivo-publico-de-2021-1/formulario-de-recurso-da-prova-discursiva;https://www-cdn.mpf.mp.br/o-mpf/unidades/pr-ac/estagio/1o-processo-seletivo-publico-de-2021-1/formulario-de-recurso-da-prova-discursiva
File;http://svlp-plnptapp01.pgr.mpf.mp.br:8401/portal/ac/estagie-conosco/1o-processo-seletivo-publico-de-2021-1/formulario-de-recurso-da-prova-objetiva;https://www-cdn.mpf.mp.br/o-mpf/unidades/pr-ac/estagio/1o-processo-seletivo-publico-de-2021-1/formulario-de-recurso-da-prova-objetiva
Folder;http://svlp-plnptapp01.pgr.mpf.mp.br:8401/portal/ac/estagie-conosco/1o-processo-seletivo-publico-de-2022;https://www-cdn.mpf.mp.br/o-mpf/unidades/pr-ac/estagio/1o-processo-seletivo-publico-de-2022
File;http://svlp-plnptapp01.pgr.mpf.mp.br:8401/portal/ac/estagie-conosco/1o-processo-seletivo-publico-de-2022/acompanhamento-de-convocacoes;https://www-cdn.mpf.mp.br/o-mpf/unidades/pr-ac/estagio/1o-processo-seletivo-publico-de-2022/acompanhamento-de-convocacoes
File;http://svlp-plnptapp01.pgr.mpf.mp.br:8401/portal/ac/estagie-conosco/1o-processo-seletivo-publico-de-2022/aviso-de-suspensao;https://www-cdn.mpf.mp.br/o-mpf/unidades/pr-ac/estagio/1o-processo-seletivo-publico-de-2022/aviso-de-suspensao
File;http://svlp-plnptapp01.pgr.mpf.mp.br:8401/portal/ac/estagie-conosco/1o-processo-seletivo-publico-de-2022/edital-n-28-2022;https://www-cdn.mpf.mp.br/o-mpf/unidades/pr-ac/estagio/1o-processo-seletivo-publico-de-2022/edital-n-28-2022
File;http://svlp-plnptapp01.pgr.mpf.mp.br:8401/portal/ac/estagie-conosco/1o-processo-seletivo-publico-de-2022/edital-no-09-2022;https://www-cdn.mpf.mp.br/o-mpf/unidades/pr-ac/estagio/1o-processo-seletivo-publico-de-2022/edital-no-09-2022
File;http://svlp-plnptapp01.pgr.mpf.mp.br:8401/portal/ac/estagie-conosco/1o-processo-seletivo-publico-de-2022/edital-no-10-2022;https://www-cdn.mpf.mp.br/o-mpf/unidades/pr-ac/estagio/1o-processo-seletivo-publico-de-2022/edital-no-10-2022
File;http://svlp-plnptapp01.pgr.mpf.mp.br:8401/portal/ac/estagie-conosco/1o-processo-seletivo-publico-de-2022/edital-no-13-2022;https://www-cdn.mpf.mp.br/o-mpf/unidades/pr-ac/estagio/1o-processo-seletivo-publico-de-2022/edital-no-13-2022
File;http://svlp-plnptapp01.pgr.mpf.mp.br:8401/portal/ac/estagie-conosco/1o-processo-seletivo-publico-de-2022/edital-no-18-2022;https://www-cdn.mpf.mp.br/o-mpf/unidades/pr-ac/estagio/1o-processo-seletivo-publico-de-2022/edital-no-18-2022
File;http://svlp-plnptapp01.pgr.mpf.mp.br:8401/portal/ac/estagie-conosco/1o-processo-seletivo-publico-de-2022/edital-no-20-2022;https://www-cdn.mpf.mp.br/o-mpf/unidades/pr-ac/estagio/1o-processo-seletivo-publico-de-2022/edital-no-20-2022
File;http://svlp-plnptapp01.pgr.mpf.mp.br:8401/portal/ac/estagie-conosco/1o-processo-seletivo-publico-de-2022/edital-no-22-2022-1;https://www-cdn.mpf.mp.br/o-mpf/unidades/pr-ac/estagio/1o-processo-seletivo-publico-de-2022/edital-no-22-2022-1
File;http://svlp-plnptapp01.pgr.mpf.mp.br:8401/portal/ac/estagie-conosco/1o-processo-seletivo-publico-de-2022/edital-no-23-2022;https://www-cdn.mpf.mp.br/o-mpf/unidades/pr-ac/estagio/1o-processo-seletivo-publico-de-2022/edital-no-23-2022
File;http://svlp-plnptapp01.pgr.mpf.mp.br:8401/portal/ac/estagie-conosco/1o-processo-seletivo-publico-de-2022/edital-no-24-2022;https://www-cdn.mpf.mp.br/o-mpf/unidades/pr-ac/estagio/1o-processo-seletivo-publico-de-2022/edital-no-24-2022
File;http://svlp-plnptapp01.pgr.mpf.mp.br:8401/portal/ac/estagie-conosco/1o-processo-seletivo-publico-de-2022/edital-no-25-2022;https://www-cdn.mpf.mp.br/o-mpf/unidades/pr-ac/estagio/1o-processo-seletivo-publico-de-2022/edital-no-25-2022
File;http://svlp-plnptapp01.pgr.mpf.mp.br:8401/portal/ac/estagie-conosco/1o-processo-seletivo-publico-de-2022/edital-no-27-2022;https://www-cdn.mpf.mp.br/o-mpf/unidades/pr-ac/estagio/1o-processo-seletivo-publico-de-2022/edital-no-27-2022
File;http://svlp-plnptapp01.pgr.mpf.mp.br:8401/portal/ac/estagie-conosco/1o-processo-seletivo-publico-de-2022/formulario-de-autorizacao-do-uso-de-imagem-por-candidato-no-procedimento-de-heteroidentificacao;https://www-cdn.mpf.mp.br/o-mpf/unidades/pr-ac/estagio/1o-processo-seletivo-publico-de-2022/formulario-de-autorizacao-do-uso-de-imagem-por-candidato-no-procedimento-de-heteroidentificacao
File;http://svlp-plnptapp01.pgr.mpf.mp.br:8401/portal/ac/estagie-conosco/1o-processo-seletivo-publico-de-2022/formulario-de-recurso-contra-prova-discursiva;https://www-cdn.mpf.mp.br/o-mpf/unidades/pr-ac/estagio/1o-processo-seletivo-publico-de-2022/formulario-de-recurso-contra-prova-discursiva
File;http://svlp-plnptapp01.pgr.mpf.mp.br:8401/portal/ac/estagie-conosco/1o-processo-seletivo-publico-de-2022/formulario-de-recurso-contra-prova-objetiva;https://www-cdn.mpf.mp.br/o-mpf/unidades/pr-ac/estagio/1o-processo-seletivo-publico-de-2022/formulario-de-recurso-contra-prova-objetiva
Link;http://svlp-plnptapp01.pgr.mpf.mp.br:8401/portal/ac/estagie-conosco/1o-processo-seletivo-publico-de-2022/pre-inscricao-pr-ac;https://www-cdn.mpf.mp.br/o-mpf/unidades/pr-ac/estagio/1o-processo-seletivo-publico-de-2022/pre-inscricao-pr-ac
File;http://svlp-plnptapp01.pgr.mpf.mp.br:8401/portal/ac/estagie-conosco/1o-processo-seletivo-publico-de-2022/retificacao-do-edital-n-10-2022;https://www-cdn.mpf.mp.br/o-mpf/unidades/pr-ac/estagio/1o-processo-seletivo-publico-de-2022/retificacao-do-edital-n-10-2022
File;http://svlp-plnptapp01.pgr.mpf.mp.br:8401/portal/ac/estagie-conosco/1o-processo-seletivo-publico-de-2022/retificacao-do-edital-no-10-2022;https://www-cdn.mpf.mp.br/o-mpf/unidades/pr-ac/estagio/1o-processo-seletivo-publico-de-2022/retificacao-do-edital-no-10-2022
File;http://svlp-plnptapp01.pgr.mpf.mp.br:8401/portal/ac/estagie-conosco/1o-processo-seletivo-publico-de-2022/retificacao-do-edital-no-27-2022;https://www-cdn.mpf.mp.br/o-mpf/unidades/pr-ac/estagio/1o-processo-seletivo-publico-de-2022/retificacao-do-edital-no-27-2022
Estagio;http://svlp-plnptapp01.pgr.mpf.mp.br:8401/portal/ac/estagie-conosco/1o-processo-seletivo-publico-de-2023;https://www-cdn.mpf.mp.br/o-mpf/unidades/pr-ac/estagio/1o-processo-seletivo-publico-de-2023
Folder;http://svlp-plnptapp01.pgr.mpf.mp.br:8401/portal/ac/estagie-conosco/1o-processo-seletivo-publico-de-2023-1;https://www-cdn.mpf.mp.br/o-mpf/unidades/pr-ac/estagio/1o-processo-seletivo-publico-de-2023-1
File;http://svlp-plnptapp01.pgr.mpf.mp.br:8401/portal/ac/estagie-conosco/1o-processo-seletivo-publico-de-2023-1/acompanhamento-das-convocacoes;https://www-cdn.mpf.mp.br/o-mpf/unidades/pr-ac/estagio/1o-processo-seletivo-publico-de-2023-1/acompanhamento-das-convocacoes
Link;http://svlp-plnptapp01.pgr.mpf.mp.br:8401/portal/ac/estagie-conosco/1o-processo-seletivo-publico-de-2023-1/confirmacao-da-inscricao-pr-ac;https://www-cdn.mpf.mp.br/o-mpf/unidades/pr-ac/estagio/1o-processo-seletivo-publico-de-2023-1/confirmacao-da-inscricao-pr-ac
File;http://svlp-plnptapp01.pgr.mpf.mp.br:8401/portal/ac/estagie-conosco/1o-processo-seletivo-publico-de-2023-1/edital-n-06-2023;https://www-cdn.mpf.mp.br/o-mpf/unidades/pr-ac/estagio/1o-processo-seletivo-publico-de-2023-1/edital-n-06-2023
File;http://svlp-plnptapp01.pgr.mpf.mp.br:8401/portal/ac/estagie-conosco/1o-processo-seletivo-publico-de-2023-1/edital-no-03-2023;https://www-cdn.mpf.mp.br/o-mpf/unidades/pr-ac/estagio/1o-processo-seletivo-publico-de-2023-1/edital-no-03-2023
File;http://svlp-plnptapp01.pgr.mpf.mp.br:8401/portal/ac/estagie-conosco/1o-processo-seletivo-publico-de-2023-1/edital-no-04-2023;https://www-cdn.mpf.mp.br/o-mpf/unidades/pr-ac/estagio/1o-processo-seletivo-publico-de-2023-1/edital-no-04-2023
File;http://svlp-plnptapp01.pgr.mpf.mp.br:8401/portal/ac/estagie-conosco/1o-processo-seletivo-publico-de-2023-1/edital-no-05-2023;https://www-cdn.mpf.mp.br/o-mpf/unidades/pr-ac/estagio/1o-processo-seletivo-publico-de-2023-1/edital-no-05-2023
File;http://svlp-plnptapp01.pgr.mpf.mp.br:8401/portal/ac/estagie-conosco/1o-processo-seletivo-publico-de-2023-1/edital-no-07-2023;https://www-cdn.mpf.mp.br/o-mpf/unidades/pr-ac/estagio/1o-processo-seletivo-publico-de-2023-1/edital-no-07-2023
File;http://svlp-plnptapp01.pgr.mpf.mp.br:8401/portal/ac/estagie-conosco/1o-processo-seletivo-publico-de-2023-1/edital-no-08-2023;https://www-cdn.mpf.mp.br/o-mpf/unidades/pr-ac/estagio/1o-processo-seletivo-publico-de-2023-1/edital-no-08-2023
File;http://svlp-plnptapp01.pgr.mpf.mp.br:8401/portal/ac/estagie-conosco/1o-processo-seletivo-publico-de-2023-1/edital-no-09-2023;https://www-cdn.mpf.mp.br/o-mpf/unidades/pr-ac/estagio/1o-processo-seletivo-publico-de-2023-1/edital-no-09-2023
File;http://svlp-plnptapp01.pgr.mpf.mp.br:8401/portal/ac/estagie-conosco/1o-processo-seletivo-publico-de-2023-1/edital-no-10-2023;https://www-cdn.mpf.mp.br/o-mpf/unidades/pr-ac/estagio/1o-processo-seletivo-publico-de-2023-1/edital-no-10-2023
File;http://svlp-plnptapp01.pgr.mpf.mp.br:8401/portal/ac/estagie-conosco/1o-processo-seletivo-publico-de-2023-1/edital-no-11-2023;https://www-cdn.mpf.mp.br/o-mpf/unidades/pr-ac/estagio/1o-processo-seletivo-publico-de-2023-1/edital-no-11-2023
File;http://svlp-plnptapp01.pgr.mpf.mp.br:8401/portal/ac/estagie-conosco/1o-processo-seletivo-publico-de-2023-1/formulario-de-autorizacao-do-uso-de-imagem-por-candidato-no-procedimento-de-heteroidentificacao;https://www-cdn.mpf.mp.br/o-mpf/unidades/pr-ac/estagio/1o-processo-seletivo-publico-de-2023-1/formulario-de-autorizacao-do-uso-de-imagem-por-candidato-no-procedimento-de-heteroidentificacao
File;http://svlp-plnptapp01.pgr.mpf.mp.br:8401/portal/ac/estagie-conosco/1o-processo-seletivo-publico-de-2023-1/formulario-de-recurso-da-prova-objetiva;https://www-cdn.mpf.mp.br/o-mpf/unidades/pr-ac/estagio/1o-processo-seletivo-publico-de-2023-1/formulario-de-recurso-da-prova-objetiva
File;http://svlp-plnptapp01.pgr.mpf.mp.br:8401/portal/ac/estagie-conosco/1o-processo-seletivo-publico-de-2023-1/formulario-modelo-para-interposicao-de-recurso-contra-prova-discursiva;https://www-cdn.mpf.mp.br/o-mpf/unidades/pr-ac/estagio/1o-processo-seletivo-publico-de-2023-1/formulario-modelo-para-interposicao-de-recurso-contra-prova-discursiva
File;http://svlp-plnptapp01.pgr.mpf.mp.br:8401/portal/ac/estagie-conosco/1o-processo-seletivo-publico-de-2023-1/informacao;https://www-cdn.mpf.mp.br/o-mpf/unidades/pr-ac/estagio/1o-processo-seletivo-publico-de-2023-1/informacao
Link;http://svlp-plnptapp01.pgr.mpf.mp.br:8401/portal/ac/estagie-conosco/1o-processo-seletivo-publico-de-2023-1/pre-inscricao-pr-ac;https://www-cdn.mpf.mp.br/o-mpf/unidades/pr-ac/estagio/1o-processo-seletivo-publico-de-2023-1/pre-inscricao-pr-ac
File;http://svlp-plnptapp01.pgr.mpf.mp.br:8401/portal/ac/estagie-conosco/1o-processo-seletivo-publico-de-2023-1/retificacao-do-edital-no-04-2023;https://www-cdn.mpf.mp.br/o-mpf/unidades/pr-ac/estagio/1o-processo-seletivo-publico-de-2023-1/retificacao-do-edital-no-04-2023
Folder;http://svlp-plnptapp01.pgr.mpf.mp.br:8401/portal/ac/estagie-conosco/1o-processo-seletivo-publico-estagio-2024-mpf-ac;https://www-cdn.mpf.mp.br/o-mpf/unidades/pr-ac/estagio/1o-processo-seletivo-publico-estagio-2024-mpf-ac
File;http://svlp-plnptapp01.pgr.mpf.mp.br:8401/portal/ac/estagie-conosco/1o-processo-seletivo-publico-estagio-2024-mpf-ac/aviso-gabarito-preliminar-e-recursos;https://www-cdn.mpf.mp.br/o-mpf/unidades/pr-ac/estagio/1o-processo-seletivo-publico-estagio-2024-mpf-ac/aviso-gabarito-preliminar-e-recursos
Link;http://svlp-plnptapp01.pgr.mpf.mp.br:8401/portal/ac/estagie-conosco/1o-processo-seletivo-publico-estagio-2024-mpf-ac/confirmacao-da-inscricao-pr-ac;https://www-cdn.mpf.mp.br/o-mpf/unidades/pr-ac/estagio/1o-processo-seletivo-publico-estagio-2024-mpf-ac/confirmacao-da-inscricao-pr-ac
File;http://svlp-plnptapp01.pgr.mpf.mp.br:8401/portal/ac/estagie-conosco/1o-processo-seletivo-publico-estagio-2024-mpf-ac/controle-de-convocacao;https://www-cdn.mpf.mp.br/o-mpf/unidades/pr-ac/estagio/1o-processo-seletivo-publico-estagio-2024-mpf-ac/controle-de-convocacao
File;http://svlp-plnptapp01.pgr.mpf.mp.br:8401/portal/ac/estagie-conosco/1o-processo-seletivo-publico-estagio-2024-mpf-ac/convocacao;https://www-cdn.mpf.mp.br/o-mpf/unidades/pr-ac/estagio/1o-processo-seletivo-publico-estagio-2024-mpf-ac/convocacao
File;http://svlp-plnptapp01.pgr.mpf.mp.br:8401/portal/ac/estagie-conosco/1o-processo-seletivo-publico-estagio-2024-mpf-ac/data-e-horario-da-prova-objetiva-online;https://www-cdn.mpf.mp.br/o-mpf/unidades/pr-ac/estagio/1o-processo-seletivo-publico-estagio-2024-mpf-ac/data-e-horario-da-prova-objetiva-online
File;http://svlp-plnptapp01.pgr.mpf.mp.br:8401/portal/ac/estagie-conosco/1o-processo-seletivo-publico-estagio-2024-mpf-ac/divulga-inscricoes-deferidas-horarios-e-data-de-provas-objetivas;https://www-cdn.mpf.mp.br/o-mpf/unidades/pr-ac/estagio/1o-processo-seletivo-publico-estagio-2024-mpf-ac/divulga-inscricoes-deferidas-horarios-e-data-de-provas-objetivas
File;http://svlp-plnptapp01.pgr.mpf.mp.br:8401/portal/ac/estagie-conosco/1o-processo-seletivo-publico-estagio-2024-mpf-ac/edital-de-convocacao;https://www-cdn.mpf.mp.br/o-mpf/unidades/pr-ac/estagio/1o-processo-seletivo-publico-estagio-2024-mpf-ac/edital-de-convocacao
File;http://svlp-plnptapp01.pgr.mpf.mp.br:8401/portal/ac/estagie-conosco/1o-processo-seletivo-publico-estagio-2024-mpf-ac/edital-de-convocacao-1;https://www-cdn.mpf.mp.br/o-mpf/unidades/pr-ac/estagio/1o-processo-seletivo-publico-estagio-2024-mpf-ac/edital-de-convocacao-1
File;http://svlp-plnptapp01.pgr.mpf.mp.br:8401/portal/ac/estagie-conosco/1o-processo-seletivo-publico-estagio-2024-mpf-ac/edital-de-convocacao-2;https://www-cdn.mpf.mp.br/o-mpf/unidades/pr-ac/estagio/1o-processo-seletivo-publico-estagio-2024-mpf-ac/edital-de-convocacao-2
File;http://svlp-plnptapp01.pgr.mpf.mp.br:8401/portal/ac/estagie-conosco/1o-processo-seletivo-publico-estagio-2024-mpf-ac/edital-de-convocacao-3;https://www-cdn.mpf.mp.br/o-mpf/unidades/pr-ac/estagio/1o-processo-seletivo-publico-estagio-2024-mpf-ac/edital-de-convocacao-3
File;http://svlp-plnptapp01.pgr.mpf.mp.br:8401/portal/ac/estagie-conosco/1o-processo-seletivo-publico-estagio-2024-mpf-ac/edital-de-convocacao-4;https://www-cdn.mpf.mp.br/o-mpf/unidades/pr-ac/estagio/1o-processo-seletivo-publico-estagio-2024-mpf-ac/edital-de-convocacao-4
File;http://svlp-plnptapp01.pgr.mpf.mp.br:8401/portal/ac/estagie-conosco/1o-processo-seletivo-publico-estagio-2024-mpf-ac/edital-mpf-pr-ac-no-08-2024-local-e-horario-de-realizacao-de-prova;https://www-cdn.mpf.mp.br/o-mpf/unidades/pr-ac/estagio/1o-processo-seletivo-publico-estagio-2024-mpf-ac/edital-mpf-pr-ac-no-08-2024-local-e-horario-de-realizacao-de-prova
File;http://svlp-plnptapp01.pgr.mpf.mp.br:8401/portal/ac/estagie-conosco/1o-processo-seletivo-publico-estagio-2024-mpf-ac/edital-mpf-pr-ac-no-09-2024-resultado-preliminar-prova-discursiva;https://www-cdn.mpf.mp.br/o-mpf/unidades/pr-ac/estagio/1o-processo-seletivo-publico-estagio-2024-mpf-ac/edital-mpf-pr-ac-no-09-2024-resultado-preliminar-prova-discursiva
File;http://svlp-plnptapp01.pgr.mpf.mp.br:8401/portal/ac/estagie-conosco/1o-processo-seletivo-publico-estagio-2024-mpf-ac/edital-mpf-pr-ac-no-10-2024-convoca-candidatos-do-sistema-de-cotas;https://www-cdn.mpf.mp.br/o-mpf/unidades/pr-ac/estagio/1o-processo-seletivo-publico-estagio-2024-mpf-ac/edital-mpf-pr-ac-no-10-2024-convoca-candidatos-do-sistema-de-cotas
File;http://svlp-plnptapp01.pgr.mpf.mp.br:8401/portal/ac/estagie-conosco/1o-processo-seletivo-publico-estagio-2024-mpf-ac/edital-mpf-pr-ac-no-11-2024-resultado-preliminar-entrevistas;https://www-cdn.mpf.mp.br/o-mpf/unidades/pr-ac/estagio/1o-processo-seletivo-publico-estagio-2024-mpf-ac/edital-mpf-pr-ac-no-11-2024-resultado-preliminar-entrevistas
File;http://svlp-plnptapp01.pgr.mpf.mp.br:8401/portal/ac/estagie-conosco/1o-processo-seletivo-publico-estagio-2024-mpf-ac/edital-mpf-pr-ac-no-12-2024-resultado-final-e-homologacao;https://www-cdn.mpf.mp.br/o-mpf/unidades/pr-ac/estagio/1o-processo-seletivo-publico-estagio-2024-mpf-ac/edital-mpf-pr-ac-no-12-2024-resultado-final-e-homologacao
File;http://svlp-plnptapp01.pgr.mpf.mp.br:8401/portal/ac/estagie-conosco/1o-processo-seletivo-publico-estagio-2024-mpf-ac/edital-mpf-prac-03_2024-_-pse-2024-1.pdf;https://www-cdn.mpf.mp.br/o-mpf/unidades/pr-ac/estagio/1o-processo-seletivo-publico-estagio-2024-mpf-ac/edital-mpf-prac-03_2024-_-pse-2024-1.pdf
File;http://svlp-plnptapp01.pgr.mpf.mp.br:8401/portal/ac/estagie-conosco/1o-processo-seletivo-publico-estagio-2024-mpf-ac/edital-no-04-2023;https://www-cdn.mpf.mp.br/o-mpf/unidades/pr-ac/estagio/1o-processo-seletivo-publico-estagio-2024-mpf-ac/edital-no-04-2023
File;http://svlp-plnptapp01.pgr.mpf.mp.br:8401/portal/ac/estagie-conosco/1o-processo-seletivo-publico-estagio-2024-mpf-ac/formulario-para-recurso-da-prova-discursiva;https://www-cdn.mpf.mp.br/o-mpf/unidades/pr-ac/estagio/1o-processo-seletivo-publico-estagio-2024-mpf-ac/formulario-para-recurso-da-prova-discursiva
File;http://svlp-plnptapp01.pgr.mpf.mp.br:8401/portal/ac/estagie-conosco/1o-processo-seletivo-publico-estagio-2024-mpf-ac/nota-provisoria-prova-objetiva-antes-dos-recursos;https://www-cdn.mpf.mp.br/o-mpf/unidades/pr-ac/estagio/1o-processo-seletivo-publico-estagio-2024-mpf-ac/nota-provisoria-prova-objetiva-antes-dos-recursos
Link;http://svlp-plnptapp01.pgr.mpf.mp.br:8401/portal/ac/estagie-conosco/1o-processo-seletivo-publico-estagio-2024-mpf-ac/pre-inscricao-pr-ac;https://www-cdn.mpf.mp.br/o-mpf/unidades/pr-ac/estagio/1o-processo-seletivo-publico-estagio-2024-mpf-ac/pre-inscricao-pr-ac
File;http://svlp-plnptapp01.pgr.mpf.mp.br:8401/portal/ac/estagie-conosco/1o-processo-seletivo-publico-estagio-2024-mpf-ac/resposta-examinadores-prova-objetiva-apos-anulacao;https://www-cdn.mpf.mp.br/o-mpf/unidades/pr-ac/estagio/1o-processo-seletivo-publico-estagio-2024-mpf-ac/resposta-examinadores-prova-objetiva-apos-anulacao
File;http://svlp-plnptapp01.pgr.mpf.mp.br:8401/portal/ac/estagie-conosco/1o-processo-seletivo-publico-estagio-2024-mpf-ac/resumo-das-questoes-anuladas;https://www-cdn.mpf.mp.br/o-mpf/unidades/pr-ac/estagio/1o-processo-seletivo-publico-estagio-2024-mpf-ac/resumo-das-questoes-anuladas
File;http://svlp-plnptapp01.pgr.mpf.mp.br:8401/portal/ac/estagie-conosco/1o-processo-seletivo-publico-estagio-2024-mpf-ac/validacao-de-acesso-ao-ambiente-de-prova;https://www-cdn.mpf.mp.br/o-mpf/unidades/pr-ac/estagio/1o-processo-seletivo-publico-estagio-2024-mpf-ac/validacao-de-acesso-ao-ambiente-de-prova
Folder;http://svlp-plnptapp01.pgr.mpf.mp.br:8401/portal/ac/estagie-conosco/1o-processo-seletivo-publico-estagio-2025-mpf-ac;https://www-cdn.mpf.mp.br/o-mpf/unidades/pr-ac/estagio/1o-processo-seletivo-publico-estagio-2025-mpf-ac
File;http://svlp-plnptapp01.pgr.mpf.mp.br:8401/portal/ac/estagie-conosco/1o-processo-seletivo-publico-estagio-2025-mpf-ac/caderno-de-provas;https://www-cdn.mpf.mp.br/o-mpf/unidades/pr-ac/estagio/1o-processo-seletivo-publico-estagio-2025-mpf-ac/caderno-de-provas
File;http://svlp-plnptapp01.pgr.mpf.mp.br:8401/portal/ac/estagie-conosco/1o-processo-seletivo-publico-estagio-2025-mpf-ac/cronograma-atualizado;https://www-cdn.mpf.mp.br/o-mpf/unidades/pr-ac/estagio/1o-processo-seletivo-publico-estagio-2025-mpf-ac/cronograma-atualizado
File;http://svlp-plnptapp01.pgr.mpf.mp.br:8401/portal/ac/estagie-conosco/1o-processo-seletivo-publico-estagio-2025-mpf-ac/edital-mpf-prac-no-16-1a-convocacao;https://www-cdn.mpf.mp.br/o-mpf/unidades/pr-ac/estagio/1o-processo-seletivo-publico-estagio-2025-mpf-ac/edital-mpf-prac-no-16-1a-convocacao
File;http://svlp-plnptapp01.pgr.mpf.mp.br:8401/portal/ac/estagie-conosco/1o-processo-seletivo-publico-estagio-2025-mpf-ac/edital-prac-mpf-no-08;https://www-cdn.mpf.mp.br/o-mpf/unidades/pr-ac/estagio/1o-processo-seletivo-publico-estagio-2025-mpf-ac/edital-prac-mpf-no-08
File;http://svlp-plnptapp01.pgr.mpf.mp.br:8401/portal/ac/estagie-conosco/1o-processo-seletivo-publico-estagio-2025-mpf-ac/edital-prac-mpf-no-08-1;https://www-cdn.mpf.mp.br/o-mpf/unidades/pr-ac/estagio/1o-processo-seletivo-publico-estagio-2025-mpf-ac/edital-prac-mpf-no-08-1
File;http://svlp-plnptapp01.pgr.mpf.mp.br:8401/portal/ac/estagie-conosco/1o-processo-seletivo-publico-estagio-2025-mpf-ac/edital-prac-mpf-no-11;https://www-cdn.mpf.mp.br/o-mpf/unidades/pr-ac/estagio/1o-processo-seletivo-publico-estagio-2025-mpf-ac/edital-prac-mpf-no-11
File;http://svlp-plnptapp01.pgr.mpf.mp.br:8401/portal/ac/estagie-conosco/1o-processo-seletivo-publico-estagio-2025-mpf-ac/edital-prac-mpf-no-12;https://www-cdn.mpf.mp.br/o-mpf/unidades/pr-ac/estagio/1o-processo-seletivo-publico-estagio-2025-mpf-ac/edital-prac-mpf-no-12
File;http://svlp-plnptapp01.pgr.mpf.mp.br:8401/portal/ac/estagie-conosco/1o-processo-seletivo-publico-estagio-2025-mpf-ac/edital-prac-mpf-no-13;https://www-cdn.mpf.mp.br/o-mpf/unidades/pr-ac/estagio/1o-processo-seletivo-publico-estagio-2025-mpf-ac/edital-prac-mpf-no-13
File;http://svlp-plnptapp01.pgr.mpf.mp.br:8401/portal/ac/estagie-conosco/1o-processo-seletivo-publico-estagio-2025-mpf-ac/edital-prac-mpf-no-14;https://www-cdn.mpf.mp.br/o-mpf/unidades/pr-ac/estagio/1o-processo-seletivo-publico-estagio-2025-mpf-ac/edital-prac-mpf-no-14
File;http://svlp-plnptapp01.pgr.mpf.mp.br:8401/portal/ac/estagie-conosco/1o-processo-seletivo-publico-estagio-2025-mpf-ac/edital-prac-mpf-no-15;https://www-cdn.mpf.mp.br/o-mpf/unidades/pr-ac/estagio/1o-processo-seletivo-publico-estagio-2025-mpf-ac/edital-prac-mpf-no-15
File;http://svlp-plnptapp01.pgr.mpf.mp.br:8401/portal/ac/estagie-conosco/1o-processo-seletivo-publico-estagio-2025-mpf-ac/edital-prac-mpf-no-7-de-10-07-2025;https://www-cdn.mpf.mp.br/o-mpf/unidades/pr-ac/estagio/1o-processo-seletivo-publico-estagio-2025-mpf-ac/edital-prac-mpf-no-7-de-10-07-2025
File;http://svlp-plnptapp01.pgr.mpf.mp.br:8401/portal/ac/estagie-conosco/1o-processo-seletivo-publico-estagio-2025-mpf-ac/formulario-de-recurso-da-comissao-de-heteroidentificacao;https://www-cdn.mpf.mp.br/o-mpf/unidades/pr-ac/estagio/1o-processo-seletivo-publico-estagio-2025-mpf-ac/formulario-de-recurso-da-comissao-de-heteroidentificacao
File;http://svlp-plnptapp01.pgr.mpf.mp.br:8401/portal/ac/estagie-conosco/1o-processo-seletivo-publico-estagio-2025-mpf-ac/formulario-para-recurso-da-prova-discursiva;https://www-cdn.mpf.mp.br/o-mpf/unidades/pr-ac/estagio/1o-processo-seletivo-publico-estagio-2025-mpf-ac/formulario-para-recurso-da-prova-discursiva
File;http://svlp-plnptapp01.pgr.mpf.mp.br:8401/portal/ac/estagie-conosco/1o-processo-seletivo-publico-estagio-2025-mpf-ac/formulario-para-recurso-da-prova-discursiva-1;https://www-cdn.mpf.mp.br/o-mpf/unidades/pr-ac/estagio/1o-processo-seletivo-publico-estagio-2025-mpf-ac/formulario-para-recurso-da-prova-discursiva-1
File;http://svlp-plnptapp01.pgr.mpf.mp.br:8401/portal/ac/estagie-conosco/1o-processo-seletivo-publico-estagio-2025-mpf-ac/gabarito-definitivo;https://www-cdn.mpf.mp.br/o-mpf/unidades/pr-ac/estagio/1o-processo-seletivo-publico-estagio-2025-mpf-ac/gabarito-definitivo
File;http://svlp-plnptapp01.pgr.mpf.mp.br:8401/portal/ac/estagie-conosco/1o-processo-seletivo-publico-estagio-2025-mpf-ac/gabarito-preliminar-prova-objetiva;https://www-cdn.mpf.mp.br/o-mpf/unidades/pr-ac/estagio/1o-processo-seletivo-publico-estagio-2025-mpf-ac/gabarito-preliminar-prova-objetiva
File;http://svlp-plnptapp01.pgr.mpf.mp.br:8401/portal/ac/estagie-conosco/1o-processo-seletivo-publico-estagio-2025-mpf-ac/notas-definitivas-das-provas-objetiva-e-discursiva-e-a-classificacao-preliminar;https://www-cdn.mpf.mp.br/o-mpf/unidades/pr-ac/estagio/1o-processo-seletivo-publico-estagio-2025-mpf-ac/notas-definitivas-das-provas-objetiva-e-discursiva-e-a-classificacao-preliminar
File;http://svlp-plnptapp01.pgr.mpf.mp.br:8401/portal/ac/estagie-conosco/1o-processo-seletivo-publico-estagio-2025-mpf-ac/pontuacao-preliminar-da-prova-discursiva;https://www-cdn.mpf.mp.br/o-mpf/unidades/pr-ac/estagio/1o-processo-seletivo-publico-estagio-2025-mpf-ac/pontuacao-preliminar-da-prova-discursiva
Link;http://svlp-plnptapp01.pgr.mpf.mp.br:8401/portal/ac/estagie-conosco/1o-processo-seletivo-publico-estagio-2025-mpf-ac/pre-inscricao-pr-ac;https://www-cdn.mpf.mp.br/o-mpf/unidades/pr-ac/estagio/1o-processo-seletivo-publico-estagio-2025-mpf-ac/pre-inscricao-pr-ac
Folder;http://svlp-plnptapp01.pgr.mpf.mp.br:8401/portal/ac/estagie-conosco/2o-processo-seletivo-publico-2018;https://www-cdn.mpf.mp.br/o-mpf/unidades/pr-ac/estagio/2o-processo-seletivo-publico-2018
File;http://svlp-plnptapp01.pgr.mpf.mp.br:8401/portal/ac/estagie-conosco/2o-processo-seletivo-publico-2018/edital-mpf-pr-ac-n-o-12-2018;https://www-cdn.mpf.mp.br/o-mpf/unidades/pr-ac/estagio/2o-processo-seletivo-publico-2018/edital-mpf-pr-ac-n-o-12-2018
File;http://svlp-plnptapp01.pgr.mpf.mp.br:8401/portal/ac/estagie-conosco/2o-processo-seletivo-publico-2018/edital-mpf-pr-ac-no-15-2018;https://www-cdn.mpf.mp.br/o-mpf/unidades/pr-ac/estagio/2o-processo-seletivo-publico-2018/edital-mpf-pr-ac-no-15-2018
File;http://svlp-plnptapp01.pgr.mpf.mp.br:8401/portal/ac/estagie-conosco/2o-processo-seletivo-publico-2018/edital-n-o-13-2018;https://www-cdn.mpf.mp.br/o-mpf/unidades/pr-ac/estagio/2o-processo-seletivo-publico-2018/edital-n-o-13-2018
File;http://svlp-plnptapp01.pgr.mpf.mp.br:8401/portal/ac/estagie-conosco/2o-processo-seletivo-publico-2018/edital-no-10-2018;https://www-cdn.mpf.mp.br/o-mpf/unidades/pr-ac/estagio/2o-processo-seletivo-publico-2018/edital-no-10-2018
File;http://svlp-plnptapp01.pgr.mpf.mp.br:8401/portal/ac/estagie-conosco/2o-processo-seletivo-publico-2018/edital-no-14-2018;https://www-cdn.mpf.mp.br/o-mpf/unidades/pr-ac/estagio/2o-processo-seletivo-publico-2018/edital-no-14-2018
File;http://svlp-plnptapp01.pgr.mpf.mp.br:8401/portal/ac/estagie-conosco/2o-processo-seletivo-publico-2018/edital-no-16-2018;https://www-cdn.mpf.mp.br/o-mpf/unidades/pr-ac/estagio/2o-processo-seletivo-publico-2018/edital-no-16-2018
Link;http://svlp-plnptapp01.pgr.mpf.mp.br:8401/portal/ac/estagie-conosco/2o-processo-seletivo-publico-2018/pre-inscricao-prm-c-do-sul;https://www-cdn.mpf.mp.br/o-mpf/unidades/pr-ac/estagio/2o-processo-seletivo-publico-2018/pre-inscricao-prm-c-do-sul
File;http://svlp-plnptapp01.pgr.mpf.mp.br:8401/portal/ac/estagie-conosco/2o-processo-seletivo-publico-2018/retificacao;https://www-cdn.mpf.mp.br/o-mpf/unidades/pr-ac/estagio/2o-processo-seletivo-publico-2018/retificacao
Folder;http://svlp-plnptapp01.pgr.mpf.mp.br:8401/portal/ac/estagie-conosco/2o-processo-seletivo-publico-de-2014;https://www-cdn.mpf.mp.br/o-mpf/unidades/pr-ac/estagio/2o-processo-seletivo-publico-de-2014
Document;http://svlp-plnptapp01.pgr.mpf.mp.br:8401/portal/ac/estagie-conosco/2o-processo-seletivo-publico-de-2014/2o-processo-seletivo-publico-de-2014;https://www-cdn.mpf.mp.br/o-mpf/unidades/pr-ac/estagio/2o-processo-seletivo-publico-de-2014/2o-processo-seletivo-publico-de-2014
Folder;http://svlp-plnptapp01.pgr.mpf.mp.br:8401/portal/ac/estagie-conosco/2o-processo-seletivo-publico-de-2016;https://www-cdn.mpf.mp.br/o-mpf/unidades/pr-ac/estagio/2o-processo-seletivo-publico-de-2016
File;http://svlp-plnptapp01.pgr.mpf.mp.br:8401/portal/ac/estagie-conosco/2o-processo-seletivo-publico-de-2016/edital-no-01-2017;https://www-cdn.mpf.mp.br/o-mpf/unidades/pr-ac/estagio/2o-processo-seletivo-publico-de-2016/edital-no-01-2017
File;http://svlp-plnptapp01.pgr.mpf.mp.br:8401/portal/ac/estagie-conosco/2o-processo-seletivo-publico-de-2016/edital-no-13-2016;https://www-cdn.mpf.mp.br/o-mpf/unidades/pr-ac/estagio/2o-processo-seletivo-publico-de-2016/edital-no-13-2016
File;http://svlp-plnptapp01.pgr.mpf.mp.br:8401/portal/ac/estagie-conosco/2o-processo-seletivo-publico-de-2016/edital-no-14-2016;https://www-cdn.mpf.mp.br/o-mpf/unidades/pr-ac/estagio/2o-processo-seletivo-publico-de-2016/edital-no-14-2016
File;http://svlp-plnptapp01.pgr.mpf.mp.br:8401/portal/ac/estagie-conosco/2o-processo-seletivo-publico-de-2016/edital-no-15-2016;https://www-cdn.mpf.mp.br/o-mpf/unidades/pr-ac/estagio/2o-processo-seletivo-publico-de-2016/edital-no-15-2016
File;http://svlp-plnptapp01.pgr.mpf.mp.br:8401/portal/ac/estagie-conosco/2o-processo-seletivo-publico-de-2016/edital-no-16-2016;https://www-cdn.mpf.mp.br/o-mpf/unidades/pr-ac/estagio/2o-processo-seletivo-publico-de-2016/edital-no-16-2016
Link;http://svlp-plnptapp01.pgr.mpf.mp.br:8401/portal/ac/estagie-conosco/2o-processo-seletivo-publico-de-2016/pre-inscricao-pr-ac;https://www-cdn.mpf.mp.br/o-mpf/unidades/pr-ac/estagio/2o-processo-seletivo-publico-de-2016/pre-inscricao-pr-ac
Link;http://svlp-plnptapp01.pgr.mpf.mp.br:8401/portal/ac/estagie-conosco/2o-processo-seletivo-publico-de-2016/pre-inscricao-prm-c-do-sul;https://www-cdn.mpf.mp.br/o-mpf/unidades/pr-ac/estagio/2o-processo-seletivo-publico-de-2016/pre-inscricao-prm-c-do-sul
Folder;http://svlp-plnptapp01.pgr.mpf.mp.br:8401/portal/ac/estagie-conosco/2o-processo-seletivo-publico-estagio-2025-mpf-ac-graduacao;https://www-cdn.mpf.mp.br/o-mpf/unidades/pr-ac/estagio/2o-processo-seletivo-publico-estagio-2025-mpf-ac-graduacao
File;http://svlp-plnptapp01.pgr.mpf.mp.br:8401/portal/ac/estagie-conosco/2o-processo-seletivo-publico-estagio-2025-mpf-ac-graduacao/aviso-aos-candidatos;https://www-cdn.mpf.mp.br/o-mpf/unidades/pr-ac/estagio/2o-processo-seletivo-publico-estagio-2025-mpf-ac-graduacao/aviso-aos-candidatos
File;http://svlp-plnptapp01.pgr.mpf.mp.br:8401/portal/ac/estagie-conosco/2o-processo-seletivo-publico-estagio-2025-mpf-ac-graduacao/aviso-aos-candidatos-2;https://www-cdn.mpf.mp.br/o-mpf/unidades/pr-ac/estagio/2o-processo-seletivo-publico-estagio-2025-mpf-ac-graduacao/aviso-aos-candidatos-2
File;http://svlp-plnptapp01.pgr.mpf.mp.br:8401/portal/ac/estagie-conosco/2o-processo-seletivo-publico-estagio-2025-mpf-ac-graduacao/classificacao-e-aptos-para-a-prova-discursiva-de-direito;https://www-cdn.mpf.mp.br/o-mpf/unidades/pr-ac/estagio/2o-processo-seletivo-publico-estagio-2025-mpf-ac-graduacao/classificacao-e-aptos-para-a-prova-discursiva-de-direito
File;http://svlp-plnptapp01.pgr.mpf.mp.br:8401/portal/ac/estagie-conosco/2o-processo-seletivo-publico-estagio-2025-mpf-ac-graduacao/edital-prac-mpf-no-01-de-09-de-janeiro-de-2026;https://www-cdn.mpf.mp.br/o-mpf/unidades/pr-ac/estagio/2o-processo-seletivo-publico-estagio-2025-mpf-ac-graduacao/edital-prac-mpf-no-01-de-09-de-janeiro-de-2026
File;http://svlp-plnptapp01.pgr.mpf.mp.br:8401/portal/ac/estagie-conosco/2o-processo-seletivo-publico-estagio-2025-mpf-ac-graduacao/edital-prac-mpf-no-10-de-31-de-julho-de-2025;https://www-cdn.mpf.mp.br/o-mpf/unidades/pr-ac/estagio/2o-processo-seletivo-publico-estagio-2025-mpf-ac-graduacao/edital-prac-mpf-no-10-de-31-de-julho-de-2025
File;http://svlp-plnptapp01.pgr.mpf.mp.br:8401/portal/ac/estagie-conosco/2o-processo-seletivo-publico-estagio-2025-mpf-ac-graduacao/edital-prac-mpf-no-18-prova-discursiva-dia-26-10-2025;https://www-cdn.mpf.mp.br/o-mpf/unidades/pr-ac/estagio/2o-processo-seletivo-publico-estagio-2025-mpf-ac-graduacao/edital-prac-mpf-no-18-prova-discursiva-dia-26-10-2025
File;http://svlp-plnptapp01.pgr.mpf.mp.br:8401/portal/ac/estagie-conosco/2o-processo-seletivo-publico-estagio-2025-mpf-ac-graduacao/edital-prac-mpf-no-19-atualizacao-do-cronograma;https://www-cdn.mpf.mp.br/o-mpf/unidades/pr-ac/estagio/2o-processo-seletivo-publico-estagio-2025-mpf-ac-graduacao/edital-prac-mpf-no-19-atualizacao-do-cronograma
File;http://svlp-plnptapp01.pgr.mpf.mp.br:8401/portal/ac/estagie-conosco/2o-processo-seletivo-publico-estagio-2025-mpf-ac-graduacao/edital-prac-mpf-no-21-de-30-de-outubro-de-2025;https://www-cdn.mpf.mp.br/o-mpf/unidades/pr-ac/estagio/2o-processo-seletivo-publico-estagio-2025-mpf-ac-graduacao/edital-prac-mpf-no-21-de-30-de-outubro-de-2025
File;http://svlp-plnptapp01.pgr.mpf.mp.br:8401/portal/ac/estagie-conosco/2o-processo-seletivo-publico-estagio-2025-mpf-ac-graduacao/edital-prac-mpf-no-22-de-07-de-novembro-de-2025;https://www-cdn.mpf.mp.br/o-mpf/unidades/pr-ac/estagio/2o-processo-seletivo-publico-estagio-2025-mpf-ac-graduacao/edital-prac-mpf-no-22-de-07-de-novembro-de-2025
File;http://svlp-plnptapp01.pgr.mpf.mp.br:8401/portal/ac/estagie-conosco/2o-processo-seletivo-publico-estagio-2025-mpf-ac-graduacao/edital-prac-mpf-no-23-de-07-de-novembro-de-2025;https://www-cdn.mpf.mp.br/o-mpf/unidades/pr-ac/estagio/2o-processo-seletivo-publico-estagio-2025-mpf-ac-graduacao/edital-prac-mpf-no-23-de-07-de-novembro-de-2025
File;http://svlp-plnptapp01.pgr.mpf.mp.br:8401/portal/ac/estagie-conosco/2o-processo-seletivo-publico-estagio-2025-mpf-ac-graduacao/edital-prac-mpf-no-24-de-11-de-novembro-de-2025;https://www-cdn.mpf.mp.br/o-mpf/unidades/pr-ac/estagio/2o-processo-seletivo-publico-estagio-2025-mpf-ac-graduacao/edital-prac-mpf-no-24-de-11-de-novembro-de-2025
File;http://svlp-plnptapp01.pgr.mpf.mp.br:8401/portal/ac/estagie-conosco/2o-processo-seletivo-publico-estagio-2025-mpf-ac-graduacao/edital-prac-mpf-no-25-de-13-de-novembro-de-2025;https://www-cdn.mpf.mp.br/o-mpf/unidades/pr-ac/estagio/2o-processo-seletivo-publico-estagio-2025-mpf-ac-graduacao/edital-prac-mpf-no-25-de-13-de-novembro-de-2025
File;http://svlp-plnptapp01.pgr.mpf.mp.br:8401/portal/ac/estagie-conosco/2o-processo-seletivo-publico-estagio-2025-mpf-ac-graduacao/edital-prac-mpf-no-7-de-10-de-julho-de-2025;https://www-cdn.mpf.mp.br/o-mpf/unidades/pr-ac/estagio/2o-processo-seletivo-publico-estagio-2025-mpf-ac-graduacao/edital-prac-mpf-no-7-de-10-de-julho-de-2025
File;http://svlp-plnptapp01.pgr.mpf.mp.br:8401/portal/ac/estagie-conosco/2o-processo-seletivo-publico-estagio-2025-mpf-ac-graduacao/formulario-para-recurso-da-prova-discursiva;https://www-cdn.mpf.mp.br/o-mpf/unidades/pr-ac/estagio/2o-processo-seletivo-publico-estagio-2025-mpf-ac-graduacao/formulario-para-recurso-da-prova-discursiva
File;http://svlp-plnptapp01.pgr.mpf.mp.br:8401/portal/ac/estagie-conosco/2o-processo-seletivo-publico-estagio-2025-mpf-ac-graduacao/formulario-para-recurso-do-resultado-preliminar-da-comissao-de-heteroidentificacao;https://www-cdn.mpf.mp.br/o-mpf/unidades/pr-ac/estagio/2o-processo-seletivo-publico-estagio-2025-mpf-ac-graduacao/formulario-para-recurso-do-resultado-preliminar-da-comissao-de-heteroidentificacao
File;http://svlp-plnptapp01.pgr.mpf.mp.br:8401/portal/ac/estagie-conosco/2o-processo-seletivo-publico-estagio-2025-mpf-ac-graduacao/inscricoes-deferidas;https://www-cdn.mpf.mp.br/o-mpf/unidades/pr-ac/estagio/2o-processo-seletivo-publico-estagio-2025-mpf-ac-graduacao/inscricoes-deferidas
Link;http://svlp-plnptapp01.pgr.mpf.mp.br:8401/portal/ac/estagie-conosco/2o-processo-seletivo-publico-estagio-2025-mpf-ac-graduacao/pre-inscricao-pr-ac-graduacao;https://www-cdn.mpf.mp.br/o-mpf/unidades/pr-ac/estagio/2o-processo-seletivo-publico-estagio-2025-mpf-ac-graduacao/pre-inscricao-pr-ac-graduacao
File;http://svlp-plnptapp01.pgr.mpf.mp.br:8401/portal/ac/estagie-conosco/2o-processo-seletivo-publico-estagio-2025-mpf-ac-graduacao/questoes-anuladas;https://www-cdn.mpf.mp.br/o-mpf/unidades/pr-ac/estagio/2o-processo-seletivo-publico-estagio-2025-mpf-ac-graduacao/questoes-anuladas
Link;http://svlp-plnptapp01.pgr.mpf.mp.br:8401/portal/ac/estagie-conosco/2o-processo-seletivo-publico-estagio-2025-mpf-ac-graduacao/recurso-da-prova-objetiva;https://www-cdn.mpf.mp.br/o-mpf/unidades/pr-ac/estagio/2o-processo-seletivo-publico-estagio-2025-mpf-ac-graduacao/recurso-da-prova-objetiva
Folder;http://svlp-plnptapp01.pgr.mpf.mp.br:8401/portal/ac/estagie-conosco/home-admin/em-andamento;https://www-cdn.mpf.mp.br/o-mpf/unidades/pr-ac/estagio/home-admin/em-andamento
Document;http://svlp-plnptapp01.pgr.mpf.mp.br:8401/portal/ac/estagie-conosco/home-admin/em-andamento/1o-processo-seletivo-publico-estagio-2025-mpf-ac-pos-graduacao-direito;https://www-cdn.mpf.mp.br/o-mpf/unidades/pr-ac/estagio/home-admin/em-andamento/1o-processo-seletivo-publico-estagio-2025-mpf-ac-pos-graduacao-direito
Folder;http://svlp-plnptapp01.pgr.mpf.mp.br:8401/portal/ac/estagie-conosco/home-admin/inscricoes-abertas;https://www-cdn.mpf.mp.br/o-mpf/unidades/pr-ac/estagio/home-admin/inscricoes-abertas
File;http://svlp-plnptapp01.pgr.mpf.mp.br:8401/portal/ac/estagie-conosco/home-admin/inscricoes-abertas/1o-processo-seletivo-publico-de-2023-1/edital-no-03-2023;https://www-cdn.mpf.mp.br/o-mpf/unidades/pr-ac/estagio/home-admin/inscricoes-abertas/1o-processo-seletivo-publico-de-2023-1/edital-no-03-2023
Document;http://svlp-plnptapp01.pgr.mpf.mp.br:8401/portal/ac/estagie-conosco/home-admin/inscricoes-abertas/2o-processo-seletivo-publico-estagio-2025-mpf-ac-graduacao;https://www-cdn.mpf.mp.br/o-mpf/unidades/pr-ac/estagio/home-admin/inscricoes-abertas/2o-processo-seletivo-publico-estagio-2025-mpf-ac-graduacao
Folder;http://svlp-plnptapp01.pgr.mpf.mp.br:8401/portal/ac/estagie-conosco/processo-seletivo-publico-de-2012;https://www-cdn.mpf.mp.br/o-mpf/unidades/pr-ac/estagio/processo-seletivo-publico-de-2012
Document;http://svlp-plnptapp01.pgr.mpf.mp.br:8401/portal/ac/estagie-conosco/processo-seletivo-publico-de-2012/processo-seletivo-publico-de-2012;https://www-cdn.mpf.mp.br/o-mpf/unidades/pr-ac/estagio/processo-seletivo-publico-de-2012/processo-seletivo-publico-de-2012
Folder;http://svlp-plnptapp01.pgr.mpf.mp.br:8401/portal/ac/estagie-conosco/processo-seletivo-publico-de-2014;https://www-cdn.mpf.mp.br/o-mpf/unidades/pr-ac/estagio/processo-seletivo-publico-de-2014
Document;http://svlp-plnptapp01.pgr.mpf.mp.br:8401/portal/ac/estagie-conosco/processo-seletivo-publico-de-2014/processo-seletivo-publico-de-2014;https://www-cdn.mpf.mp.br/o-mpf/unidades/pr-ac/estagio/processo-seletivo-publico-de-2014/processo-seletivo-publico-de-2014
