Folder;http://svlp-plnptapp01.pgr.mpf.mp.br:8401/portal/rr/estagie-conosco;https://www-cdn.mpf.mp.br/o-mpf/unidades/pr-rr/estagio/
Folder;http://svlp-plnptapp01.pgr.mpf.mp.br:8401/portal/rr/estagie-conosco/arquivos;https://www-cdn.mpf.mp.br/o-mpf/unidades/pr-rr/estagio/arquivos
File;http://svlp-plnptapp01.pgr.mpf.mp.br:8401/portal/rr/estagie-conosco/arquivos/042661e2ce4b286a275ee51fbe61c0fdb39977.pdf;https://www-cdn.mpf.mp.br/o-mpf/unidades/pr-rr/estagio/arquivos/042661e2ce4b286a275ee51fbe61c0fdb39977.pdf
File;http://svlp-plnptapp01.pgr.mpf.mp.br:8401/portal/rr/estagie-conosco/arquivos/0527563f91368b5bd3c17d57316cdb3c6af409.PDF;https://www-cdn.mpf.mp.br/o-mpf/unidades/pr-rr/estagio/arquivos/0527563f91368b5bd3c17d57316cdb3c6af409.PDF
File;http://svlp-plnptapp01.pgr.mpf.mp.br:8401/portal/rr/estagie-conosco/arquivos/101c9cb87196d43803859bec177486302fa351.PDF;https://www-cdn.mpf.mp.br/o-mpf/unidades/pr-rr/estagio/arquivos/101c9cb87196d43803859bec177486302fa351.PDF
File;http://svlp-plnptapp01.pgr.mpf.mp.br:8401/portal/rr/estagie-conosco/arquivos/11.09.2024RESULTADOPSRECURSOPRRR.pdf;https://www-cdn.mpf.mp.br/o-mpf/unidades/pr-rr/estagio/arquivos/11.09.2024RESULTADOPSRECURSOPRRR.pdf
File;http://svlp-plnptapp01.pgr.mpf.mp.br:8401/portal/rr/estagie-conosco/arquivos/13.06.2025PARECERDEFINITIVODABANCAMDICAAPSANLISEDERECURSOS.pdf;https://www-cdn.mpf.mp.br/o-mpf/unidades/pr-rr/estagio/arquivos/13.06.2025PARECERDEFINITIVODABANCAMDICAAPSANLISEDERECURSOS.pdf
File;http://svlp-plnptapp01.pgr.mpf.mp.br:8401/portal/rr/estagie-conosco/arquivos/13b5457b7d4e112498415293bbc68058d295b4.PDF;https://www-cdn.mpf.mp.br/o-mpf/unidades/pr-rr/estagio/arquivos/13b5457b7d4e112498415293bbc68058d295b4.PDF
File;http://svlp-plnptapp01.pgr.mpf.mp.br:8401/portal/rr/estagie-conosco/arquivos/1PS2024CONTROLEDECONVOCACOES2.xlsx;https://www-cdn.mpf.mp.br/o-mpf/unidades/pr-rr/estagio/arquivos/1PS2024CONTROLEDECONVOCACOES2.xlsx
File;http://svlp-plnptapp01.pgr.mpf.mp.br:8401/portal/rr/estagie-conosco/arquivos/1PS2025CONTROLEDECONVOCACOES.xlsx1.xlsx;https://www-cdn.mpf.mp.br/o-mpf/unidades/pr-rr/estagio/arquivos/1PS2025CONTROLEDECONVOCACOES.xlsx1.xlsx
File;http://svlp-plnptapp01.pgr.mpf.mp.br:8401/portal/rr/estagie-conosco/arquivos/1f7f5c86a7a42a149d314dd153043cb75b9708.PDF;https://www-cdn.mpf.mp.br/o-mpf/unidades/pr-rr/estagio/arquivos/1f7f5c86a7a42a149d314dd153043cb75b9708.PDF
File;http://svlp-plnptapp01.pgr.mpf.mp.br:8401/portal/rr/estagie-conosco/arquivos/23eeb1e8141afc782293236acbfb0144f1a2c0.PDF;https://www-cdn.mpf.mp.br/o-mpf/unidades/pr-rr/estagio/arquivos/23eeb1e8141afc782293236acbfb0144f1a2c0.PDF
File;http://svlp-plnptapp01.pgr.mpf.mp.br:8401/portal/rr/estagie-conosco/arquivos/284646712eeb2f6ce2fa304237db887eade119.PDF;https://www-cdn.mpf.mp.br/o-mpf/unidades/pr-rr/estagio/arquivos/284646712eeb2f6ce2fa304237db887eade119.PDF
File;http://svlp-plnptapp01.pgr.mpf.mp.br:8401/portal/rr/estagie-conosco/arquivos/2PS2024CONTROLEDECONVOCACOES.xlsx;https://www-cdn.mpf.mp.br/o-mpf/unidades/pr-rr/estagio/arquivos/2PS2024CONTROLEDECONVOCACOES.xlsx
File;http://svlp-plnptapp01.pgr.mpf.mp.br:8401/portal/rr/estagie-conosco/arquivos/2PS2024CONTROLEDECONVOCACOES2.xlsx;https://www-cdn.mpf.mp.br/o-mpf/unidades/pr-rr/estagio/arquivos/2PS2024CONTROLEDECONVOCACOES2.xlsx
File;http://svlp-plnptapp01.pgr.mpf.mp.br:8401/portal/rr/estagie-conosco/arquivos/2o-ps-2024-controle-de-convocacoes-2-xlsx-1.ods;https://www-cdn.mpf.mp.br/o-mpf/unidades/pr-rr/estagio/arquivos/2o-ps-2024-controle-de-convocacoes-2-xlsx-1.ods
File;http://svlp-plnptapp01.pgr.mpf.mp.br:8401/portal/rr/estagie-conosco/arquivos/2oPS2024CONTROLEDECONVOCACOES2.xlsx1.ods;https://www-cdn.mpf.mp.br/o-mpf/unidades/pr-rr/estagio/arquivos/2oPS2024CONTROLEDECONVOCACOES2.xlsx1.ods
File;http://svlp-plnptapp01.pgr.mpf.mp.br:8401/portal/rr/estagie-conosco/arquivos/420e05e950c16ae1a6627b96e455b5d3cc5dd3.PDF;https://www-cdn.mpf.mp.br/o-mpf/unidades/pr-rr/estagio/arquivos/420e05e950c16ae1a6627b96e455b5d3cc5dd3.PDF
File;http://svlp-plnptapp01.pgr.mpf.mp.br:8401/portal/rr/estagie-conosco/arquivos/42717147024bafee606f823341e3fa8123622b.PDF;https://www-cdn.mpf.mp.br/o-mpf/unidades/pr-rr/estagio/arquivos/42717147024bafee606f823341e3fa8123622b.PDF
File;http://svlp-plnptapp01.pgr.mpf.mp.br:8401/portal/rr/estagie-conosco/arquivos/4aa8706a2f9fb4198fab885571936cfb587207.PDF;https://www-cdn.mpf.mp.br/o-mpf/unidades/pr-rr/estagio/arquivos/4aa8706a2f9fb4198fab885571936cfb587207.PDF
File;http://svlp-plnptapp01.pgr.mpf.mp.br:8401/portal/rr/estagie-conosco/arquivos/5cdecebd33d0754690734578542b53ea45c5b6.PDF;https://www-cdn.mpf.mp.br/o-mpf/unidades/pr-rr/estagio/arquivos/5cdecebd33d0754690734578542b53ea45c5b6.PDF
File;http://svlp-plnptapp01.pgr.mpf.mp.br:8401/portal/rr/estagie-conosco/arquivos/601896361d0c109408fe979bfc773c91dab05d.PDF;https://www-cdn.mpf.mp.br/o-mpf/unidades/pr-rr/estagio/arquivos/601896361d0c109408fe979bfc773c91dab05d.PDF
File;http://svlp-plnptapp01.pgr.mpf.mp.br:8401/portal/rr/estagie-conosco/arquivos/6318e830d82683add7ac6a2c7943ea7d0f84d0.pdf;https://www-cdn.mpf.mp.br/o-mpf/unidades/pr-rr/estagio/arquivos/6318e830d82683add7ac6a2c7943ea7d0f84d0.pdf
File;http://svlp-plnptapp01.pgr.mpf.mp.br:8401/portal/rr/estagie-conosco/arquivos/7020e4a94e6d97468e964462b71e7ad8fcd21e.PDF;https://www-cdn.mpf.mp.br/o-mpf/unidades/pr-rr/estagio/arquivos/7020e4a94e6d97468e964462b71e7ad8fcd21e.PDF
File;http://svlp-plnptapp01.pgr.mpf.mp.br:8401/portal/rr/estagie-conosco/arquivos/72c4a76378548deb9f61512d04f56bdd9a75fe.pdf;https://www-cdn.mpf.mp.br/o-mpf/unidades/pr-rr/estagio/arquivos/72c4a76378548deb9f61512d04f56bdd9a75fe.pdf
File;http://svlp-plnptapp01.pgr.mpf.mp.br:8401/portal/rr/estagie-conosco/arquivos/972c8f425b550f51e39f7d6b9279a39b934049.PDF;https://www-cdn.mpf.mp.br/o-mpf/unidades/pr-rr/estagio/arquivos/972c8f425b550f51e39f7d6b9279a39b934049.PDF
File;http://svlp-plnptapp01.pgr.mpf.mp.br:8401/portal/rr/estagie-conosco/arquivos/ANEXOIIItermodeconsentimentoLGPD.pdf;https://www-cdn.mpf.mp.br/o-mpf/unidades/pr-rr/estagio/arquivos/ANEXOIIItermodeconsentimentoLGPD.pdf
File;http://svlp-plnptapp01.pgr.mpf.mp.br:8401/portal/rr/estagie-conosco/arquivos/ANEXOIVcotasraciais.pdf;https://www-cdn.mpf.mp.br/o-mpf/unidades/pr-rr/estagio/arquivos/ANEXOIVcotasraciais.pdf
File;http://svlp-plnptapp01.pgr.mpf.mp.br:8401/portal/rr/estagie-conosco/arquivos/ANEXOVminoriastnicoracias.pdf;https://www-cdn.mpf.mp.br/o-mpf/unidades/pr-rr/estagio/arquivos/ANEXOVminoriastnicoracias.pdf
File;http://svlp-plnptapp01.pgr.mpf.mp.br:8401/portal/rr/estagie-conosco/arquivos/AVISOPBLICOPARAINSTITUIESDEENSINOSUPERIOR.pdf;https://www-cdn.mpf.mp.br/o-mpf/unidades/pr-rr/estagio/arquivos/AVISOPBLICOPARAINSTITUIESDEENSINOSUPERIOR.pdf
File;http://svlp-plnptapp01.pgr.mpf.mp.br:8401/portal/rr/estagie-conosco/arquivos/Aviso%20as%20instituicoes%20de%20ensino.PDF;https://www-cdn.mpf.mp.br/o-mpf/unidades/pr-rr/estagio/arquivos/Aviso as instituicoes de ensino.PDF
File;http://svlp-plnptapp01.pgr.mpf.mp.br:8401/portal/rr/estagie-conosco/arquivos/AvisoDEALTERAODORESULTADOPRELIMINAR.pdf;https://www-cdn.mpf.mp.br/o-mpf/unidades/pr-rr/estagio/arquivos/AvisoDEALTERAODORESULTADOPRELIMINAR.pdf
File;http://svlp-plnptapp01.pgr.mpf.mp.br:8401/portal/rr/estagie-conosco/arquivos/COMUNICADO.pdf;https://www-cdn.mpf.mp.br/o-mpf/unidades/pr-rr/estagio/arquivos/COMUNICADO.pdf
File;http://svlp-plnptapp01.pgr.mpf.mp.br:8401/portal/rr/estagie-conosco/arquivos/CRONOGRAMAATUALIZADONovadataparaProvaSubjetiva.pdf;https://www-cdn.mpf.mp.br/o-mpf/unidades/pr-rr/estagio/arquivos/CRONOGRAMAATUALIZADONovadataparaProvaSubjetiva.pdf
File;http://svlp-plnptapp01.pgr.mpf.mp.br:8401/portal/rr/estagie-conosco/arquivos/CronogramaATUALIZADO1PSU2025.pdf;https://www-cdn.mpf.mp.br/o-mpf/unidades/pr-rr/estagio/arquivos/CronogramaATUALIZADO1PSU2025.pdf
File;http://svlp-plnptapp01.pgr.mpf.mp.br:8401/portal/rr/estagie-conosco/arquivos/DATADAPROVAOBJETIVA22025.pdf;https://www-cdn.mpf.mp.br/o-mpf/unidades/pr-rr/estagio/arquivos/DATADAPROVAOBJETIVA22025.pdf
File;http://svlp-plnptapp01.pgr.mpf.mp.br:8401/portal/rr/estagie-conosco/arquivos/DATADAPROVASUBJETIVA.pdf;https://www-cdn.mpf.mp.br/o-mpf/unidades/pr-rr/estagio/arquivos/DATADAPROVASUBJETIVA.pdf
File;http://svlp-plnptapp01.pgr.mpf.mp.br:8401/portal/rr/estagie-conosco/arquivos/DATAEHORRIODAPROVAOBJETIVAONLINE.pdf;https://www-cdn.mpf.mp.br/o-mpf/unidades/pr-rr/estagio/arquivos/DATAEHORRIODAPROVAOBJETIVAONLINE.pdf
File;http://svlp-plnptapp01.pgr.mpf.mp.br:8401/portal/rr/estagie-conosco/arquivos/DATAEHORRIODAPROVASUBJETIVApresencial.pdf;https://www-cdn.mpf.mp.br/o-mpf/unidades/pr-rr/estagio/arquivos/DATAEHORRIODAPROVASUBJETIVApresencial.pdf
File;http://svlp-plnptapp01.pgr.mpf.mp.br:8401/portal/rr/estagie-conosco/arquivos/Direito2PSECandidatosaptosprovaSubjetiva.pdf;https://www-cdn.mpf.mp.br/o-mpf/unidades/pr-rr/estagio/arquivos/Direito2PSECandidatosaptosprovaSubjetiva.pdf
File;http://svlp-plnptapp01.pgr.mpf.mp.br:8401/portal/rr/estagie-conosco/arquivos/EDITAL%20No%2021-%20DE%2004%20DE%20JULHO%20DE%202023.%20Resultado%20final%20e%20homologa%20o%201deg%20PSE%202023.PDF;https://www-cdn.mpf.mp.br/o-mpf/unidades/pr-rr/estagio/arquivos/EDITAL No 21- DE 04 DE JULHO DE 2023. Resultado final e homologa o 1deg PSE 2023.PDF
File;http://svlp-plnptapp01.pgr.mpf.mp.br:8401/portal/rr/estagie-conosco/arquivos/EDITAL042020.PDF;https://www-cdn.mpf.mp.br/o-mpf/unidades/pr-rr/estagio/arquivos/EDITAL042020.PDF
File;http://svlp-plnptapp01.pgr.mpf.mp.br:8401/portal/rr/estagie-conosco/arquivos/EDITAL052020.pdf;https://www-cdn.mpf.mp.br/o-mpf/unidades/pr-rr/estagio/arquivos/EDITAL052020.pdf
File;http://svlp-plnptapp01.pgr.mpf.mp.br:8401/portal/rr/estagie-conosco/arquivos/EDITAL11.PDF;https://www-cdn.mpf.mp.br/o-mpf/unidades/pr-rr/estagio/arquivos/EDITAL11.PDF
File;http://svlp-plnptapp01.pgr.mpf.mp.br:8401/portal/rr/estagie-conosco/arquivos/EDITAL12.PDF;https://www-cdn.mpf.mp.br/o-mpf/unidades/pr-rr/estagio/arquivos/EDITAL12.PDF
File;http://svlp-plnptapp01.pgr.mpf.mp.br:8401/portal/rr/estagie-conosco/arquivos/EDITALGABARITO7.PDF;https://www-cdn.mpf.mp.br/o-mpf/unidades/pr-rr/estagio/arquivos/EDITALGABARITO7.PDF
File;http://svlp-plnptapp01.pgr.mpf.mp.br:8401/portal/rr/estagie-conosco/arquivos/EDITALN015.PDF;https://www-cdn.mpf.mp.br/o-mpf/unidades/pr-rr/estagio/arquivos/EDITALN015.PDF
File;http://svlp-plnptapp01.pgr.mpf.mp.br:8401/portal/rr/estagie-conosco/arquivos/EDITALN62020.pdf;https://www-cdn.mpf.mp.br/o-mpf/unidades/pr-rr/estagio/arquivos/EDITALN62020.pdf
File;http://svlp-plnptapp01.pgr.mpf.mp.br:8401/portal/rr/estagie-conosco/arquivos/EDITALPSE2020.PDF;https://www-cdn.mpf.mp.br/o-mpf/unidades/pr-rr/estagio/arquivos/EDITALPSE2020.PDF
File;http://svlp-plnptapp01.pgr.mpf.mp.br:8401/portal/rr/estagie-conosco/arquivos/EDITALPSEPRRRN241009RelaodeInscritos.pdf;https://www-cdn.mpf.mp.br/o-mpf/unidades/pr-rr/estagio/arquivos/EDITALPSEPRRRN241009RelaodeInscritos.pdf
File;http://svlp-plnptapp01.pgr.mpf.mp.br:8401/portal/rr/estagie-conosco/arquivos/ESTAGIECONOSCO.pdf;https://www-cdn.mpf.mp.br/o-mpf/unidades/pr-rr/estagio/arquivos/ESTAGIECONOSCO.pdf
File;http://svlp-plnptapp01.pgr.mpf.mp.br:8401/portal/rr/estagie-conosco/arquivos/Edital%20-%20abertura1processoseletivo2023.PDF;https://www-cdn.mpf.mp.br/o-mpf/unidades/pr-rr/estagio/arquivos/Edital - abertura1processoseletivo2023.PDF
File;http://svlp-plnptapp01.pgr.mpf.mp.br:8401/portal/rr/estagie-conosco/arquivos/Edital%20027-2018%20-%2020PSE%20-%20Gabarito%20preliminar.pdf;https://www-cdn.mpf.mp.br/o-mpf/unidades/pr-rr/estagio/arquivos/Edital 027-2018 - 20PSE - Gabarito preliminar.pdf
File;http://svlp-plnptapp01.pgr.mpf.mp.br:8401/portal/rr/estagie-conosco/arquivos/Edital%20Ndeg19%20-%20Convocacao%20para%20procedimento%20de%20heteroidentificacao%20complementar.PDF;https://www-cdn.mpf.mp.br/o-mpf/unidades/pr-rr/estagio/arquivos/Edital Ndeg19 - Convocacao para procedimento de heteroidentificacao complementar.PDF
File;http://svlp-plnptapp01.pgr.mpf.mp.br:8401/portal/rr/estagie-conosco/arquivos/Edital%20n%2028%20-%20prorroga%20fase%20de%20pre-inscricao%20e%20confirmacao%20da%20incricao%20do%202deg%20PSE.PDF;https://www-cdn.mpf.mp.br/o-mpf/unidades/pr-rr/estagio/arquivos/Edital n 28 - prorroga fase de pre-inscricao e confirmacao da incricao do 2deg PSE.PDF
File;http://svlp-plnptapp01.pgr.mpf.mp.br:8401/portal/rr/estagie-conosco/arquivos/Edital%20ndeg%2027.2023%20%20Abertura%20do%202deg%20processo%20seletivo%20de%202023%20para%20Estagiarios%20%20DIREITO.PDF;https://www-cdn.mpf.mp.br/o-mpf/unidades/pr-rr/estagio/arquivos/Edital ndeg 27.2023  Abertura do 2deg processo seletivo de 2023 para Estagiarios  DIREITO.PDF
File;http://svlp-plnptapp01.pgr.mpf.mp.br:8401/portal/rr/estagie-conosco/arquivos/Edital%20ndeg%2034%20%20Divulga%20o%20resultado%20final%20e%20homologa%20o%202o%20Processo%20Seletivo%20Publico%20de%202023.PDF;https://www-cdn.mpf.mp.br/o-mpf/unidades/pr-rr/estagio/arquivos/Edital ndeg 34  Divulga o resultado final e homologa o 2o Processo Seletivo Publico de 2023.PDF
File;http://svlp-plnptapp01.pgr.mpf.mp.br:8401/portal/rr/estagie-conosco/arquivos/Edital0022021PSE2020.pdf;https://www-cdn.mpf.mp.br/o-mpf/unidades/pr-rr/estagio/arquivos/Edital0022021PSE2020.pdf
File;http://svlp-plnptapp01.pgr.mpf.mp.br:8401/portal/rr/estagie-conosco/arquivos/Edital007201717PSProrrogao.pdf;https://www-cdn.mpf.mp.br/o-mpf/unidades/pr-rr/estagio/arquivos/Edital007201717PSProrrogao.pdf
File;http://svlp-plnptapp01.pgr.mpf.mp.br:8401/portal/rr/estagie-conosco/arquivos/Edital008201717PSLocaldeprovas.pdf;https://www-cdn.mpf.mp.br/o-mpf/unidades/pr-rr/estagio/arquivos/Edital008201717PSLocaldeprovas.pdf
File;http://svlp-plnptapp01.pgr.mpf.mp.br:8401/portal/rr/estagie-conosco/arquivos/Edital008201819PSGabaritodefinitivoResultadopreliminar.pdf;https://www-cdn.mpf.mp.br/o-mpf/unidades/pr-rr/estagio/arquivos/Edital008201819PSGabaritodefinitivoResultadopreliminar.pdf
File;http://svlp-plnptapp01.pgr.mpf.mp.br:8401/portal/rr/estagie-conosco/arquivos/Edital009201717PSRelaodeinscritos.pdf;https://www-cdn.mpf.mp.br/o-mpf/unidades/pr-rr/estagio/arquivos/Edital009201717PSRelaodeinscritos.pdf
File;http://svlp-plnptapp01.pgr.mpf.mp.br:8401/portal/rr/estagie-conosco/arquivos/Edital010201819PSResultadopreliminardasprovassubjetivas.pdf;https://www-cdn.mpf.mp.br/o-mpf/unidades/pr-rr/estagio/arquivos/Edital010201819PSResultadopreliminardasprovassubjetivas.pdf
File;http://svlp-plnptapp01.pgr.mpf.mp.br:8401/portal/rr/estagie-conosco/arquivos/Edital011201819PSResultadodefinitivoehomologaoseletivo.pdf;https://www-cdn.mpf.mp.br/o-mpf/unidades/pr-rr/estagio/arquivos/Edital011201819PSResultadodefinitivoehomologaoseletivo.pdf
File;http://svlp-plnptapp01.pgr.mpf.mp.br:8401/portal/rr/estagie-conosco/arquivos/Edital012019.PDF;https://www-cdn.mpf.mp.br/o-mpf/unidades/pr-rr/estagio/arquivos/Edital012019.PDF
File;http://svlp-plnptapp01.pgr.mpf.mp.br:8401/portal/rr/estagie-conosco/arquivos/Edital0152020PSEONLINEDIREITOAbertura22.10.2020.pdf;https://www-cdn.mpf.mp.br/o-mpf/unidades/pr-rr/estagio/arquivos/Edital0152020PSEONLINEDIREITOAbertura22.10.2020.pdf
File;http://svlp-plnptapp01.pgr.mpf.mp.br:8401/portal/rr/estagie-conosco/arquivos/Edital0162018Abreo20ps.pdf;https://www-cdn.mpf.mp.br/o-mpf/unidades/pr-rr/estagio/arquivos/Edital0162018Abreo20ps.pdf
File;http://svlp-plnptapp01.pgr.mpf.mp.br:8401/portal/rr/estagie-conosco/arquivos/Edital01820202PSEProvaOnlinealteraodohorrio.pdf;https://www-cdn.mpf.mp.br/o-mpf/unidades/pr-rr/estagio/arquivos/Edital01820202PSEProvaOnlinealteraodohorrio.pdf
File;http://svlp-plnptapp01.pgr.mpf.mp.br:8401/portal/rr/estagie-conosco/arquivos/Edital01920202PSEGabaritoPreliminar.pdf;https://www-cdn.mpf.mp.br/o-mpf/unidades/pr-rr/estagio/arquivos/Edital01920202PSEGabaritoPreliminar.pdf
File;http://svlp-plnptapp01.pgr.mpf.mp.br:8401/portal/rr/estagie-conosco/arquivos/Edital022019.PDF;https://www-cdn.mpf.mp.br/o-mpf/unidades/pr-rr/estagio/arquivos/Edital022019.PDF
File;http://svlp-plnptapp01.pgr.mpf.mp.br:8401/portal/rr/estagie-conosco/arquivos/Edital029201820PSGabaritodefinitivoResultadopreliminar.pdf;https://www-cdn.mpf.mp.br/o-mpf/unidades/pr-rr/estagio/arquivos/Edital029201820PSGabaritodefinitivoResultadopreliminar.pdf
File;http://svlp-plnptapp01.pgr.mpf.mp.br:8401/portal/rr/estagie-conosco/arquivos/Edital030201820PSResultadopreliminardaprovasubjetiva.pdf;https://www-cdn.mpf.mp.br/o-mpf/unidades/pr-rr/estagio/arquivos/Edital030201820PSResultadopreliminardaprovasubjetiva.pdf
File;http://svlp-plnptapp01.pgr.mpf.mp.br:8401/portal/rr/estagie-conosco/arquivos/Edital031201820PSResultadofinalehomologao20ProcessoSeletivo.pdf;https://www-cdn.mpf.mp.br/o-mpf/unidades/pr-rr/estagio/arquivos/Edital031201820PSResultadofinalehomologao20ProcessoSeletivo.pdf
File;http://svlp-plnptapp01.pgr.mpf.mp.br:8401/portal/rr/estagie-conosco/arquivos/Edital052022.PDF;https://www-cdn.mpf.mp.br/o-mpf/unidades/pr-rr/estagio/arquivos/Edital052022.PDF
File;http://svlp-plnptapp01.pgr.mpf.mp.br:8401/portal/rr/estagie-conosco/arquivos/Edital08202021PSEConvocaopararealizaodeestgio.pdf;https://www-cdn.mpf.mp.br/o-mpf/unidades/pr-rr/estagio/arquivos/Edital08202021PSEConvocaopararealizaodeestgio.pdf
File;http://svlp-plnptapp01.pgr.mpf.mp.br:8401/portal/rr/estagie-conosco/arquivos/Edital3220PSE.PDF;https://www-cdn.mpf.mp.br/o-mpf/unidades/pr-rr/estagio/arquivos/Edital3220PSE.PDF
File;http://svlp-plnptapp01.pgr.mpf.mp.br:8401/portal/rr/estagie-conosco/arquivos/Edital3320PSE.PDF;https://www-cdn.mpf.mp.br/o-mpf/unidades/pr-rr/estagio/arquivos/Edital3320PSE.PDF
File;http://svlp-plnptapp01.pgr.mpf.mp.br:8401/portal/rr/estagie-conosco/arquivos/Edital342021.PDF;https://www-cdn.mpf.mp.br/o-mpf/unidades/pr-rr/estagio/arquivos/Edital342021.PDF
File;http://svlp-plnptapp01.pgr.mpf.mp.br:8401/portal/rr/estagie-conosco/arquivos/Edital52.PDF;https://www-cdn.mpf.mp.br/o-mpf/unidades/pr-rr/estagio/arquivos/Edital52.PDF
File;http://svlp-plnptapp01.pgr.mpf.mp.br:8401/portal/rr/estagie-conosco/arquivos/Edital8.2024SelecodeEstgio.pdf;https://www-cdn.mpf.mp.br/o-mpf/unidades/pr-rr/estagio/arquivos/Edital8.2024SelecodeEstgio.pdf
File;http://svlp-plnptapp01.pgr.mpf.mp.br:8401/portal/rr/estagie-conosco/arquivos/Editalconvocaodeestagirio.pdf;https://www-cdn.mpf.mp.br/o-mpf/unidades/pr-rr/estagio/arquivos/Editalconvocaodeestagirio.pdf
File;http://svlp-plnptapp01.pgr.mpf.mp.br:8401/portal/rr/estagie-conosco/arquivos/Editaln142022GABPCProrrogaConvocaodeestagirios.pdf;https://www-cdn.mpf.mp.br/o-mpf/unidades/pr-rr/estagio/arquivos/Editaln142022GABPCProrrogaConvocaodeestagirios.pdf
File;http://svlp-plnptapp01.pgr.mpf.mp.br:8401/portal/rr/estagie-conosco/arquivos/Editaln72022GABPCConvocaodeestagirios.pdf;https://www-cdn.mpf.mp.br/o-mpf/unidades/pr-rr/estagio/arquivos/Editaln72022GABPCConvocaodeestagirios.pdf
File;http://svlp-plnptapp01.pgr.mpf.mp.br:8401/portal/rr/estagie-conosco/arquivos/GABARITOPRELIMINARERECURSO.pdf;https://www-cdn.mpf.mp.br/o-mpf/unidades/pr-rr/estagio/arquivos/GABARITOPRELIMINARERECURSO.pdf
File;http://svlp-plnptapp01.pgr.mpf.mp.br:8401/portal/rr/estagie-conosco/arquivos/Instituioesconveniadas2025.pdf;https://www-cdn.mpf.mp.br/o-mpf/unidades/pr-rr/estagio/arquivos/Instituioesconveniadas2025.pdf
File;http://svlp-plnptapp01.pgr.mpf.mp.br:8401/portal/rr/estagie-conosco/arquivos/ModelodeAvisoparapublicaoAcessoaoambientedeprova1.pdf;https://www-cdn.mpf.mp.br/o-mpf/unidades/pr-rr/estagio/arquivos/ModelodeAvisoparapublicaoAcessoaoambientedeprova1.pdf
File;http://svlp-plnptapp01.pgr.mpf.mp.br:8401/portal/rr/estagie-conosco/arquivos/ORIENTACOESPARAAENTREVISTADABANCADEHETEROIDENTIFICACAO1.pdf;https://www-cdn.mpf.mp.br/o-mpf/unidades/pr-rr/estagio/arquivos/ORIENTACOESPARAAENTREVISTADABANCADEHETEROIDENTIFICACAO1.pdf
File;http://svlp-plnptapp01.pgr.mpf.mp.br:8401/portal/rr/estagie-conosco/arquivos/ORIENTACOESPARAAENTREVISTADABANCADEHETEROIDENTIFICACAO2.pdf;https://www-cdn.mpf.mp.br/o-mpf/unidades/pr-rr/estagio/arquivos/ORIENTACOESPARAAENTREVISTADABANCADEHETEROIDENTIFICACAO2.pdf
File;http://svlp-plnptapp01.pgr.mpf.mp.br:8401/portal/rr/estagie-conosco/arquivos/PORTARIA172NOVAPORTARIADEESTGIO.pdf;https://www-cdn.mpf.mp.br/o-mpf/unidades/pr-rr/estagio/arquivos/PORTARIA172NOVAPORTARIADEESTGIO.pdf
File;http://svlp-plnptapp01.pgr.mpf.mp.br:8401/portal/rr/estagie-conosco/arquivos/PR-RR-00008494.2023%20-2.pdf;https://www-cdn.mpf.mp.br/o-mpf/unidades/pr-rr/estagio/arquivos/PR-RR-00008494.2023 -2.pdf
File;http://svlp-plnptapp01.pgr.mpf.mp.br:8401/portal/rr/estagie-conosco/arquivos/PR-RR-00011430.2023.pdf;https://www-cdn.mpf.mp.br/o-mpf/unidades/pr-rr/estagio/arquivos/PR-RR-00011430.2023.pdf
File;http://svlp-plnptapp01.pgr.mpf.mp.br:8401/portal/rr/estagie-conosco/arquivos/PROVACOM.PDF;https://www-cdn.mpf.mp.br/o-mpf/unidades/pr-rr/estagio/arquivos/PROVACOM.PDF
File;http://svlp-plnptapp01.pgr.mpf.mp.br:8401/portal/rr/estagie-conosco/arquivos/PROVADIR.PDF;https://www-cdn.mpf.mp.br/o-mpf/unidades/pr-rr/estagio/arquivos/PROVADIR.PDF
File;http://svlp-plnptapp01.pgr.mpf.mp.br:8401/portal/rr/estagie-conosco/arquivos/PROVAENG.PDF;https://www-cdn.mpf.mp.br/o-mpf/unidades/pr-rr/estagio/arquivos/PROVAENG.PDF
File;http://svlp-plnptapp01.pgr.mpf.mp.br:8401/portal/rr/estagie-conosco/arquivos/PROVAINF.PDF;https://www-cdn.mpf.mp.br/o-mpf/unidades/pr-rr/estagio/arquivos/PROVAINF.PDF
File;http://svlp-plnptapp01.pgr.mpf.mp.br:8401/portal/rr/estagie-conosco/arquivos/PROVASEC.PDF;https://www-cdn.mpf.mp.br/o-mpf/unidades/pr-rr/estagio/arquivos/PROVASEC.PDF
File;http://svlp-plnptapp01.pgr.mpf.mp.br:8401/portal/rr/estagie-conosco/arquivos/PRRR00005910.2025.pdf;https://www-cdn.mpf.mp.br/o-mpf/unidades/pr-rr/estagio/arquivos/PRRR00005910.2025.pdf
File;http://svlp-plnptapp01.pgr.mpf.mp.br:8401/portal/rr/estagie-conosco/arquivos/PRRR00008305.2021.pdf;https://www-cdn.mpf.mp.br/o-mpf/unidades/pr-rr/estagio/arquivos/PRRR00008305.2021.pdf
File;http://svlp-plnptapp01.pgr.mpf.mp.br:8401/portal/rr/estagie-conosco/arquivos/PRRR00008332.2025.pdf;https://www-cdn.mpf.mp.br/o-mpf/unidades/pr-rr/estagio/arquivos/PRRR00008332.2025.pdf
File;http://svlp-plnptapp01.pgr.mpf.mp.br:8401/portal/rr/estagie-conosco/arquivos/PRRR00009405.2025.pdf;https://www-cdn.mpf.mp.br/o-mpf/unidades/pr-rr/estagio/arquivos/PRRR00009405.2025.pdf
File;http://svlp-plnptapp01.pgr.mpf.mp.br:8401/portal/rr/estagie-conosco/arquivos/PRRR00012167.2025.pdf;https://www-cdn.mpf.mp.br/o-mpf/unidades/pr-rr/estagio/arquivos/PRRR00012167.2025.pdf
File;http://svlp-plnptapp01.pgr.mpf.mp.br:8401/portal/rr/estagie-conosco/arquivos/PRRR00012176.2025.pdf;https://www-cdn.mpf.mp.br/o-mpf/unidades/pr-rr/estagio/arquivos/PRRR00012176.2025.pdf
File;http://svlp-plnptapp01.pgr.mpf.mp.br:8401/portal/rr/estagie-conosco/arquivos/PRRR00012532.2025.pdf;https://www-cdn.mpf.mp.br/o-mpf/unidades/pr-rr/estagio/arquivos/PRRR00012532.2025.pdf
File;http://svlp-plnptapp01.pgr.mpf.mp.br:8401/portal/rr/estagie-conosco/arquivos/PRRR00012588.20251.pdf;https://www-cdn.mpf.mp.br/o-mpf/unidades/pr-rr/estagio/arquivos/PRRR00012588.20251.pdf
File;http://svlp-plnptapp01.pgr.mpf.mp.br:8401/portal/rr/estagie-conosco/arquivos/PRRR00014229.2025.pdf;https://www-cdn.mpf.mp.br/o-mpf/unidades/pr-rr/estagio/arquivos/PRRR00014229.2025.pdf
File;http://svlp-plnptapp01.pgr.mpf.mp.br:8401/portal/rr/estagie-conosco/arquivos/PRRR00014461.2025.pdf;https://www-cdn.mpf.mp.br/o-mpf/unidades/pr-rr/estagio/arquivos/PRRR00014461.2025.pdf
File;http://svlp-plnptapp01.pgr.mpf.mp.br:8401/portal/rr/estagie-conosco/arquivos/PRRR00014822.20241.pdf;https://www-cdn.mpf.mp.br/o-mpf/unidades/pr-rr/estagio/arquivos/PRRR00014822.20241.pdf
File;http://svlp-plnptapp01.pgr.mpf.mp.br:8401/portal/rr/estagie-conosco/arquivos/PRRR00015960.2025.pdf;https://www-cdn.mpf.mp.br/o-mpf/unidades/pr-rr/estagio/arquivos/PRRR00015960.2025.pdf
File;http://svlp-plnptapp01.pgr.mpf.mp.br:8401/portal/rr/estagie-conosco/arquivos/PRRR00017333.2025.pdf;https://www-cdn.mpf.mp.br/o-mpf/unidades/pr-rr/estagio/arquivos/PRRR00017333.2025.pdf
File;http://svlp-plnptapp01.pgr.mpf.mp.br:8401/portal/rr/estagie-conosco/arquivos/PRRR00020347.2025.pdf;https://www-cdn.mpf.mp.br/o-mpf/unidades/pr-rr/estagio/arquivos/PRRR00020347.2025.pdf
File;http://svlp-plnptapp01.pgr.mpf.mp.br:8401/portal/rr/estagie-conosco/arquivos/PRRR000211032025_250808_193347.pdf;https://www-cdn.mpf.mp.br/o-mpf/unidades/pr-rr/estagio/arquivos/PRRR000211032025_250808_193347.pdf
File;http://svlp-plnptapp01.pgr.mpf.mp.br:8401/portal/rr/estagie-conosco/arquivos/PRRR000211372025_250808_193413.pdf;https://www-cdn.mpf.mp.br/o-mpf/unidades/pr-rr/estagio/arquivos/PRRR000211372025_250808_193413.pdf
File;http://svlp-plnptapp01.pgr.mpf.mp.br:8401/portal/rr/estagie-conosco/arquivos/PRRR00023089.2024.pdf;https://www-cdn.mpf.mp.br/o-mpf/unidades/pr-rr/estagio/arquivos/PRRR00023089.2024.pdf
File;http://svlp-plnptapp01.pgr.mpf.mp.br:8401/portal/rr/estagie-conosco/arquivos/PRRR00024888.2024.pdf;https://www-cdn.mpf.mp.br/o-mpf/unidades/pr-rr/estagio/arquivos/PRRR00024888.2024.pdf
File;http://svlp-plnptapp01.pgr.mpf.mp.br:8401/portal/rr/estagie-conosco/arquivos/PRRR00026950.2025.pdf;https://www-cdn.mpf.mp.br/o-mpf/unidades/pr-rr/estagio/arquivos/PRRR00026950.2025.pdf
File;http://svlp-plnptapp01.pgr.mpf.mp.br:8401/portal/rr/estagie-conosco/arquivos/PRRR00029129.2025.pdf;https://www-cdn.mpf.mp.br/o-mpf/unidades/pr-rr/estagio/arquivos/PRRR00029129.2025.pdf
File;http://svlp-plnptapp01.pgr.mpf.mp.br:8401/portal/rr/estagie-conosco/arquivos/PSE18ProvasObjetivaeDiscursivaDireito.PDF.pdf;https://www-cdn.mpf.mp.br/o-mpf/unidades/pr-rr/estagio/arquivos/PSE18ProvasObjetivaeDiscursivaDireito.PDF.pdf
File;http://svlp-plnptapp01.pgr.mpf.mp.br:8401/portal/rr/estagie-conosco/arquivos/PSE19ProvasObjetivaeDiscursivaDireito.PDF;https://www-cdn.mpf.mp.br/o-mpf/unidades/pr-rr/estagio/arquivos/PSE19ProvasObjetivaeDiscursivaDireito.PDF
File;http://svlp-plnptapp01.pgr.mpf.mp.br:8401/portal/rr/estagie-conosco/arquivos/PSE20ProvasObjetivaeDiscursivaDireito.PDF.pdf;https://www-cdn.mpf.mp.br/o-mpf/unidades/pr-rr/estagio/arquivos/PSE20ProvasObjetivaeDiscursivaDireito.PDF.pdf
File;http://svlp-plnptapp01.pgr.mpf.mp.br:8401/portal/rr/estagie-conosco/arquivos/ParecerCONJUR8782021Noconfirmaocotas.pdf;https://www-cdn.mpf.mp.br/o-mpf/unidades/pr-rr/estagio/arquivos/ParecerCONJUR8782021Noconfirmaocotas.pdf
File;http://svlp-plnptapp01.pgr.mpf.mp.br:8401/portal/rr/estagie-conosco/arquivos/PortariaPGRMPF48422025.pdfEstagionopresencialNOVAPORTARIA.pdf;https://www-cdn.mpf.mp.br/o-mpf/unidades/pr-rr/estagio/arquivos/PortariaPGRMPF48422025.pdfEstagionopresencialNOVAPORTARIA.pdf
File;http://svlp-plnptapp01.pgr.mpf.mp.br:8401/portal/rr/estagie-conosco/arquivos/ProvaObjetivaPSE2020.pdf;https://www-cdn.mpf.mp.br/o-mpf/unidades/pr-rr/estagio/arquivos/ProvaObjetivaPSE2020.pdf
File;http://svlp-plnptapp01.pgr.mpf.mp.br:8401/portal/rr/estagie-conosco/arquivos/Questo2PROVASUBJETIVA.pdf;https://www-cdn.mpf.mp.br/o-mpf/unidades/pr-rr/estagio/arquivos/Questo2PROVASUBJETIVA.pdf
File;http://svlp-plnptapp01.pgr.mpf.mp.br:8401/portal/rr/estagie-conosco/arquivos/RESPOSTAAOSRECURSOSPROVAOBJETIVA.pdf;https://www-cdn.mpf.mp.br/o-mpf/unidades/pr-rr/estagio/arquivos/RESPOSTAAOSRECURSOSPROVAOBJETIVA.pdf
File;http://svlp-plnptapp01.pgr.mpf.mp.br:8401/portal/rr/estagie-conosco/arquivos/RESPOSTAEXAMINADORESPROVAOBJETIVAAPSANULAO13_09_2024.pdf;https://www-cdn.mpf.mp.br/o-mpf/unidades/pr-rr/estagio/arquivos/RESPOSTAEXAMINADORESPROVAOBJETIVAAPSANULAO13_09_2024.pdf
File;http://svlp-plnptapp01.pgr.mpf.mp.br:8401/portal/rr/estagie-conosco/arquivos/RESULTADOPRELIMINAR.PDF;https://www-cdn.mpf.mp.br/o-mpf/unidades/pr-rr/estagio/arquivos/RESULTADOPRELIMINAR.PDF
File;http://svlp-plnptapp01.pgr.mpf.mp.br:8401/portal/rr/estagie-conosco/arquivos/RESUMODASQUESTESANULADA.pdf;https://www-cdn.mpf.mp.br/o-mpf/unidades/pr-rr/estagio/arquivos/RESUMODASQUESTESANULADA.pdf
File;http://svlp-plnptapp01.pgr.mpf.mp.br:8401/portal/rr/estagie-conosco/arquivos/RESUMODASQUESTESANULADAS.pdf;https://www-cdn.mpf.mp.br/o-mpf/unidades/pr-rr/estagio/arquivos/RESUMODASQUESTESANULADAS.pdf
File;http://svlp-plnptapp01.pgr.mpf.mp.br:8401/portal/rr/estagie-conosco/arquivos/RESUMOQUESTESANULADAS.pdf;https://www-cdn.mpf.mp.br/o-mpf/unidades/pr-rr/estagio/arquivos/RESUMOQUESTESANULADAS.pdf
File;http://svlp-plnptapp01.pgr.mpf.mp.br:8401/portal/rr/estagie-conosco/arquivos/RecursoBancamdica.pdf;https://www-cdn.mpf.mp.br/o-mpf/unidades/pr-rr/estagio/arquivos/RecursoBancamdica.pdf
File;http://svlp-plnptapp01.pgr.mpf.mp.br:8401/portal/rr/estagie-conosco/arquivos/ResultadodefinitivoBancadeHeteroidentificao.pdf;https://www-cdn.mpf.mp.br/o-mpf/unidades/pr-rr/estagio/arquivos/ResultadodefinitivoBancadeHeteroidentificao.pdf
File;http://svlp-plnptapp01.pgr.mpf.mp.br:8401/portal/rr/estagie-conosco/arquivos/ResultadopreliminarBancadeHeteroidentificao2.pdf;https://www-cdn.mpf.mp.br/o-mpf/unidades/pr-rr/estagio/arquivos/ResultadopreliminarBancadeHeteroidentificao2.pdf
File;http://svlp-plnptapp01.pgr.mpf.mp.br:8401/portal/rr/estagie-conosco/arquivos/VALIDAODOSISTEMADEPROVA22025.pdf;https://www-cdn.mpf.mp.br/o-mpf/unidades/pr-rr/estagio/arquivos/VALIDAODOSISTEMADEPROVA22025.pdf
File;http://svlp-plnptapp01.pgr.mpf.mp.br:8401/portal/rr/estagie-conosco/arquivos/a0d13e393fa20d14dadfe9902d3af0fd6fa741.PDF;https://www-cdn.mpf.mp.br/o-mpf/unidades/pr-rr/estagio/arquivos/a0d13e393fa20d14dadfe9902d3af0fd6fa741.PDF
File;http://svlp-plnptapp01.pgr.mpf.mp.br:8401/portal/rr/estagie-conosco/arquivos/aviso-de-validacao-de-acesso-ao-ambiente-de-prova.pdf;https://www-cdn.mpf.mp.br/o-mpf/unidades/pr-rr/estagio/arquivos/aviso-de-validacao-de-acesso-ao-ambiente-de-prova.pdf
File;http://svlp-plnptapp01.pgr.mpf.mp.br:8401/portal/rr/estagie-conosco/arquivos/aviso-publico-para-instituicoes-de-ensino-superior.pdf;https://www-cdn.mpf.mp.br/o-mpf/unidades/pr-rr/estagio/arquivos/aviso-publico-para-instituicoes-de-ensino-superior.pdf
File;http://svlp-plnptapp01.pgr.mpf.mp.br:8401/portal/rr/estagie-conosco/arquivos/b42c8850f95e35bbdeab2d3f7e6638f10fb517.pdf;https://www-cdn.mpf.mp.br/o-mpf/unidades/pr-rr/estagio/arquivos/b42c8850f95e35bbdeab2d3f7e6638f10fb517.pdf
File;http://svlp-plnptapp01.pgr.mpf.mp.br:8401/portal/rr/estagie-conosco/arquivos/b6410d4c081fe14a65a059a4f7561a8f966c4a.PDF;https://www-cdn.mpf.mp.br/o-mpf/unidades/pr-rr/estagio/arquivos/b6410d4c081fe14a65a059a4f7561a8f966c4a.PDF
File;http://svlp-plnptapp01.pgr.mpf.mp.br:8401/portal/rr/estagie-conosco/arquivos/b9cd92b546f44f76a0597739cee5804c57f0c3.PDF;https://www-cdn.mpf.mp.br/o-mpf/unidades/pr-rr/estagio/arquivos/b9cd92b546f44f76a0597739cee5804c57f0c3.PDF
File;http://svlp-plnptapp01.pgr.mpf.mp.br:8401/portal/rr/estagie-conosco/arquivos/bb1d0af77c9e222058e8725b77338bd4c1ad86.PDF;https://www-cdn.mpf.mp.br/o-mpf/unidades/pr-rr/estagio/arquivos/bb1d0af77c9e222058e8725b77338bd4c1ad86.PDF
File;http://svlp-plnptapp01.pgr.mpf.mp.br:8401/portal/rr/estagie-conosco/arquivos/candidatosinscritos20182;https://www-cdn.mpf.mp.br/o-mpf/unidades/pr-rr/estagio/arquivos/candidatosinscritos20182
File;http://svlp-plnptapp01.pgr.mpf.mp.br:8401/portal/rr/estagie-conosco/arquivos/cb5df7a2b7db0151200e7b2ce16b60ca636b51.PDF;https://www-cdn.mpf.mp.br/o-mpf/unidades/pr-rr/estagio/arquivos/cb5df7a2b7db0151200e7b2ce16b60ca636b51.PDF
File;http://svlp-plnptapp01.pgr.mpf.mp.br:8401/portal/rr/estagie-conosco/arquivos/cf54d6086c8a125986dcb196384cc3a04c01b8.PDF;https://www-cdn.mpf.mp.br/o-mpf/unidades/pr-rr/estagio/arquivos/cf54d6086c8a125986dcb196384cc3a04c01b8.PDF
File;http://svlp-plnptapp01.pgr.mpf.mp.br:8401/portal/rr/estagie-conosco/arquivos/convenio.PDF;https://www-cdn.mpf.mp.br/o-mpf/unidades/pr-rr/estagio/arquivos/convenio.PDF
File;http://svlp-plnptapp01.pgr.mpf.mp.br:8401/portal/rr/estagie-conosco/arquivos/convenioestagio2018;https://www-cdn.mpf.mp.br/o-mpf/unidades/pr-rr/estagio/arquivos/convenioestagio2018
File;http://svlp-plnptapp01.pgr.mpf.mp.br:8401/portal/rr/estagie-conosco/arquivos/convite20201;https://www-cdn.mpf.mp.br/o-mpf/unidades/pr-rr/estagio/arquivos/convite20201
File;http://svlp-plnptapp01.pgr.mpf.mp.br:8401/portal/rr/estagie-conosco/arquivos/conviteest20192;https://www-cdn.mpf.mp.br/o-mpf/unidades/pr-rr/estagio/arquivos/conviteest20192
File;http://svlp-plnptapp01.pgr.mpf.mp.br:8401/portal/rr/estagie-conosco/arquivos/conviteinst2018;https://www-cdn.mpf.mp.br/o-mpf/unidades/pr-rr/estagio/arquivos/conviteinst2018
File;http://svlp-plnptapp01.pgr.mpf.mp.br:8401/portal/rr/estagie-conosco/arquivos/copy_of_0527563f91368b5bd3c17d57316cdb3c6af409.PDF;https://www-cdn.mpf.mp.br/o-mpf/unidades/pr-rr/estagio/arquivos/copy_of_0527563f91368b5bd3c17d57316cdb3c6af409.PDF
File;http://svlp-plnptapp01.pgr.mpf.mp.br:8401/portal/rr/estagie-conosco/arquivos/copy_of_11.09.2024RESULTADOPSRECURSOPRRR.pdf;https://www-cdn.mpf.mp.br/o-mpf/unidades/pr-rr/estagio/arquivos/copy_of_11.09.2024RESULTADOPSRECURSOPRRR.pdf
File;http://svlp-plnptapp01.pgr.mpf.mp.br:8401/portal/rr/estagie-conosco/arquivos/copy_of_2oPS2024CONTROLEDECONVOCACOES2.xlsx1.ods;https://www-cdn.mpf.mp.br/o-mpf/unidades/pr-rr/estagio/arquivos/copy_of_2oPS2024CONTROLEDECONVOCACOES2.xlsx1.ods
File;http://svlp-plnptapp01.pgr.mpf.mp.br:8401/portal/rr/estagie-conosco/arquivos/copy_of_DATADAPROVASUBJETIVA.pdf;https://www-cdn.mpf.mp.br/o-mpf/unidades/pr-rr/estagio/arquivos/copy_of_DATADAPROVASUBJETIVA.pdf
File;http://svlp-plnptapp01.pgr.mpf.mp.br:8401/portal/rr/estagie-conosco/arquivos/copy_of_RecursoProvaDicursiva.pdf;https://www-cdn.mpf.mp.br/o-mpf/unidades/pr-rr/estagio/arquivos/copy_of_RecursoProvaDicursiva.pdf
File;http://svlp-plnptapp01.pgr.mpf.mp.br:8401/portal/rr/estagie-conosco/arquivos/copy_of_ResultadoFinaleHomologao.PDF;https://www-cdn.mpf.mp.br/o-mpf/unidades/pr-rr/estagio/arquivos/copy_of_ResultadoFinaleHomologao.PDF
File;http://svlp-plnptapp01.pgr.mpf.mp.br:8401/portal/rr/estagie-conosco/arquivos/data-e-horario-da-prova-objetiva-online.pdf;https://www-cdn.mpf.mp.br/o-mpf/unidades/pr-rr/estagio/arquivos/data-e-horario-da-prova-objetiva-online.pdf
File;http://svlp-plnptapp01.pgr.mpf.mp.br:8401/portal/rr/estagie-conosco/arquivos/dia-da-prova.pdf;https://www-cdn.mpf.mp.br/o-mpf/unidades/pr-rr/estagio/arquivos/dia-da-prova.pdf
File;http://svlp-plnptapp01.pgr.mpf.mp.br:8401/portal/rr/estagie-conosco/arquivos/document%20-14.pdf;https://www-cdn.mpf.mp.br/o-mpf/unidades/pr-rr/estagio/arquivos/document -14.pdf
File;http://svlp-plnptapp01.pgr.mpf.mp.br:8401/portal/rr/estagie-conosco/arquivos/document20201105T150218.245.pdf;https://www-cdn.mpf.mp.br/o-mpf/unidades/pr-rr/estagio/arquivos/document20201105T150218.245.pdf
File;http://svlp-plnptapp01.pgr.mpf.mp.br:8401/portal/rr/estagie-conosco/arquivos/e18f065d21cd43c581193b2d125c18123f7f38.PDF;https://www-cdn.mpf.mp.br/o-mpf/unidades/pr-rr/estagio/arquivos/e18f065d21cd43c581193b2d125c18123f7f38.PDF
File;http://svlp-plnptapp01.pgr.mpf.mp.br:8401/portal/rr/estagie-conosco/arquivos/edit032convocadm;https://www-cdn.mpf.mp.br/o-mpf/unidades/pr-rr/estagio/arquivos/edit032convocadm
File;http://svlp-plnptapp01.pgr.mpf.mp.br:8401/portal/rr/estagie-conosco/arquivos/edital%2028%202021.PDF;https://www-cdn.mpf.mp.br/o-mpf/unidades/pr-rr/estagio/arquivos/edital 28 2021.PDF
File;http://svlp-plnptapp01.pgr.mpf.mp.br:8401/portal/rr/estagie-conosco/arquivos/edital-01-2023-pse-2-2022.pdf;https://www-cdn.mpf.mp.br/o-mpf/unidades/pr-rr/estagio/arquivos/edital-01-2023-pse-2-2022.pdf
File;http://svlp-plnptapp01.pgr.mpf.mp.br:8401/portal/rr/estagie-conosco/arquivos/edital-02-2022.pdf;https://www-cdn.mpf.mp.br/o-mpf/unidades/pr-rr/estagio/arquivos/edital-02-2022.pdf
File;http://svlp-plnptapp01.pgr.mpf.mp.br:8401/portal/rr/estagie-conosco/arquivos/edital-02-2023-pse-1-2022.pdf;https://www-cdn.mpf.mp.br/o-mpf/unidades/pr-rr/estagio/arquivos/edital-02-2023-pse-1-2022.pdf
File;http://svlp-plnptapp01.pgr.mpf.mp.br:8401/portal/rr/estagie-conosco/arquivos/edital-10-2022.pdf;https://www-cdn.mpf.mp.br/o-mpf/unidades/pr-rr/estagio/arquivos/edital-10-2022.pdf
File;http://svlp-plnptapp01.pgr.mpf.mp.br:8401/portal/rr/estagie-conosco/arquivos/edital-11-2022.pdf;https://www-cdn.mpf.mp.br/o-mpf/unidades/pr-rr/estagio/arquivos/edital-11-2022.pdf
File;http://svlp-plnptapp01.pgr.mpf.mp.br:8401/portal/rr/estagie-conosco/arquivos/edital-13-2022.pdf;https://www-cdn.mpf.mp.br/o-mpf/unidades/pr-rr/estagio/arquivos/edital-13-2022.pdf
File;http://svlp-plnptapp01.pgr.mpf.mp.br:8401/portal/rr/estagie-conosco/arquivos/edital-16-2022.pdf;https://www-cdn.mpf.mp.br/o-mpf/unidades/pr-rr/estagio/arquivos/edital-16-2022.pdf
File;http://svlp-plnptapp01.pgr.mpf.mp.br:8401/portal/rr/estagie-conosco/arquivos/edital-17-2022.pdf;https://www-cdn.mpf.mp.br/o-mpf/unidades/pr-rr/estagio/arquivos/edital-17-2022.pdf
File;http://svlp-plnptapp01.pgr.mpf.mp.br:8401/portal/rr/estagie-conosco/arquivos/edital-21-2022-1deg-pse-2022-inscritos.pdf;https://www-cdn.mpf.mp.br/o-mpf/unidades/pr-rr/estagio/arquivos/edital-21-2022-1deg-pse-2022-inscritos.pdf
File;http://svlp-plnptapp01.pgr.mpf.mp.br:8401/portal/rr/estagie-conosco/arquivos/edital-23.pdf;https://www-cdn.mpf.mp.br/o-mpf/unidades/pr-rr/estagio/arquivos/edital-23.pdf
File;http://svlp-plnptapp01.pgr.mpf.mp.br:8401/portal/rr/estagie-conosco/arquivos/edital-26.pdf;https://www-cdn.mpf.mp.br/o-mpf/unidades/pr-rr/estagio/arquivos/edital-26.pdf
File;http://svlp-plnptapp01.pgr.mpf.mp.br:8401/portal/rr/estagie-conosco/arquivos/edital-272021.pdf;https://www-cdn.mpf.mp.br/o-mpf/unidades/pr-rr/estagio/arquivos/edital-272021.pdf
File;http://svlp-plnptapp01.pgr.mpf.mp.br:8401/portal/rr/estagie-conosco/arquivos/edital-28-2022.pdf;https://www-cdn.mpf.mp.br/o-mpf/unidades/pr-rr/estagio/arquivos/edital-28-2022.pdf
File;http://svlp-plnptapp01.pgr.mpf.mp.br:8401/portal/rr/estagie-conosco/arquivos/edital-29-2021.pdf;https://www-cdn.mpf.mp.br/o-mpf/unidades/pr-rr/estagio/arquivos/edital-29-2021.pdf
File;http://svlp-plnptapp01.pgr.mpf.mp.br:8401/portal/rr/estagie-conosco/arquivos/edital-29-2022.pdf;https://www-cdn.mpf.mp.br/o-mpf/unidades/pr-rr/estagio/arquivos/edital-29-2022.pdf
File;http://svlp-plnptapp01.pgr.mpf.mp.br:8401/portal/rr/estagie-conosco/arquivos/edital-30-2024.pdf;https://www-cdn.mpf.mp.br/o-mpf/unidades/pr-rr/estagio/arquivos/edital-30-2024.pdf
File;http://svlp-plnptapp01.pgr.mpf.mp.br:8401/portal/rr/estagie-conosco/arquivos/edital-32-2022.pdf;https://www-cdn.mpf.mp.br/o-mpf/unidades/pr-rr/estagio/arquivos/edital-32-2022.pdf
File;http://svlp-plnptapp01.pgr.mpf.mp.br:8401/portal/rr/estagie-conosco/arquivos/edital-33-2022.pdf;https://www-cdn.mpf.mp.br/o-mpf/unidades/pr-rr/estagio/arquivos/edital-33-2022.pdf
File;http://svlp-plnptapp01.pgr.mpf.mp.br:8401/portal/rr/estagie-conosco/arquivos/edital-35-2022.pdf;https://www-cdn.mpf.mp.br/o-mpf/unidades/pr-rr/estagio/arquivos/edital-35-2022.pdf
File;http://svlp-plnptapp01.pgr.mpf.mp.br:8401/portal/rr/estagie-conosco/arquivos/edital-37-2022.pdf;https://www-cdn.mpf.mp.br/o-mpf/unidades/pr-rr/estagio/arquivos/edital-37-2022.pdf
File;http://svlp-plnptapp01.pgr.mpf.mp.br:8401/portal/rr/estagie-conosco/arquivos/edital-38-2022.pdf;https://www-cdn.mpf.mp.br/o-mpf/unidades/pr-rr/estagio/arquivos/edital-38-2022.pdf
File;http://svlp-plnptapp01.pgr.mpf.mp.br:8401/portal/rr/estagie-conosco/arquivos/edital-41-2022.pdf;https://www-cdn.mpf.mp.br/o-mpf/unidades/pr-rr/estagio/arquivos/edital-41-2022.pdf
File;http://svlp-plnptapp01.pgr.mpf.mp.br:8401/portal/rr/estagie-conosco/arquivos/edital-43-1.pdf;https://www-cdn.mpf.mp.br/o-mpf/unidades/pr-rr/estagio/arquivos/edital-43-1.pdf
File;http://svlp-plnptapp01.pgr.mpf.mp.br:8401/portal/rr/estagie-conosco/arquivos/edital-45-pse-2-2022.pdf;https://www-cdn.mpf.mp.br/o-mpf/unidades/pr-rr/estagio/arquivos/edital-45-pse-2-2022.pdf
File;http://svlp-plnptapp01.pgr.mpf.mp.br:8401/portal/rr/estagie-conosco/arquivos/edital-46-2022.pdf;https://www-cdn.mpf.mp.br/o-mpf/unidades/pr-rr/estagio/arquivos/edital-46-2022.pdf
File;http://svlp-plnptapp01.pgr.mpf.mp.br:8401/portal/rr/estagie-conosco/arquivos/edital-47-2022.pdf;https://www-cdn.mpf.mp.br/o-mpf/unidades/pr-rr/estagio/arquivos/edital-47-2022.pdf
File;http://svlp-plnptapp01.pgr.mpf.mp.br:8401/portal/rr/estagie-conosco/arquivos/edital-48-2022-2o-pse-resultado-final-e-homologacao-criterios.pdf;https://www-cdn.mpf.mp.br/o-mpf/unidades/pr-rr/estagio/arquivos/edital-48-2022-2o-pse-resultado-final-e-homologacao-criterios.pdf
File;http://svlp-plnptapp01.pgr.mpf.mp.br:8401/portal/rr/estagie-conosco/arquivos/edital-convoc2119;https://www-cdn.mpf.mp.br/o-mpf/unidades/pr-rr/estagio/arquivos/edital-convoc2119
File;http://svlp-plnptapp01.pgr.mpf.mp.br:8401/portal/rr/estagie-conosco/arquivos/edital-de-retificacao-no-23-de-2022.pdf;https://www-cdn.mpf.mp.br/o-mpf/unidades/pr-rr/estagio/arquivos/edital-de-retificacao-no-23-de-2022.pdf
File;http://svlp-plnptapp01.pgr.mpf.mp.br:8401/portal/rr/estagie-conosco/arquivos/edital-no-24-de-30-de-junho-de-2022.pdf;https://www-cdn.mpf.mp.br/o-mpf/unidades/pr-rr/estagio/arquivos/edital-no-24-de-30-de-junho-de-2022.pdf
File;http://svlp-plnptapp01.pgr.mpf.mp.br:8401/portal/rr/estagie-conosco/arquivos/edital-no-30-2022-convocacao-de-aprovado.pdf;https://www-cdn.mpf.mp.br/o-mpf/unidades/pr-rr/estagio/arquivos/edital-no-30-2022-convocacao-de-aprovado.pdf
File;http://svlp-plnptapp01.pgr.mpf.mp.br:8401/portal/rr/estagie-conosco/arquivos/edital-no-40-2022-convoca-1o-aprovado.pdf;https://www-cdn.mpf.mp.br/o-mpf/unidades/pr-rr/estagio/arquivos/edital-no-40-2022-convoca-1o-aprovado.pdf
File;http://svlp-plnptapp01.pgr.mpf.mp.br:8401/portal/rr/estagie-conosco/arquivos/edital-no-54-2022-convocacao-de-aprovados.pdf;https://www-cdn.mpf.mp.br/o-mpf/unidades/pr-rr/estagio/arquivos/edital-no-54-2022-convocacao-de-aprovados.pdf
File;http://svlp-plnptapp01.pgr.mpf.mp.br:8401/portal/rr/estagie-conosco/arquivos/edital-prorrogacao.pdf;https://www-cdn.mpf.mp.br/o-mpf/unidades/pr-rr/estagio/arquivos/edital-prorrogacao.pdf
File;http://svlp-plnptapp01.pgr.mpf.mp.br:8401/portal/rr/estagie-conosco/arquivos/edital0012018;https://www-cdn.mpf.mp.br/o-mpf/unidades/pr-rr/estagio/arquivos/edital0012018
File;http://svlp-plnptapp01.pgr.mpf.mp.br:8401/portal/rr/estagie-conosco/arquivos/edital007gabarito2018;https://www-cdn.mpf.mp.br/o-mpf/unidades/pr-rr/estagio/arquivos/edital007gabarito2018
File;http://svlp-plnptapp01.pgr.mpf.mp.br:8401/portal/rr/estagie-conosco/arquivos/edital0319convoca;https://www-cdn.mpf.mp.br/o-mpf/unidades/pr-rr/estagio/arquivos/edital0319convoca
File;http://svlp-plnptapp01.pgr.mpf.mp.br:8401/portal/rr/estagie-conosco/arquivos/edital04082018;https://www-cdn.mpf.mp.br/o-mpf/unidades/pr-rr/estagio/arquivos/edital04082018
File;http://svlp-plnptapp01.pgr.mpf.mp.br:8401/portal/rr/estagie-conosco/arquivos/edital062019.PDF;https://www-cdn.mpf.mp.br/o-mpf/unidades/pr-rr/estagio/arquivos/edital062019.PDF
File;http://svlp-plnptapp01.pgr.mpf.mp.br:8401/portal/rr/estagie-conosco/arquivos/edital092019;https://www-cdn.mpf.mp.br/o-mpf/unidades/pr-rr/estagio/arquivos/edital092019
File;http://svlp-plnptapp01.pgr.mpf.mp.br:8401/portal/rr/estagie-conosco/arquivos/edital122018;https://www-cdn.mpf.mp.br/o-mpf/unidades/pr-rr/estagio/arquivos/edital122018
File;http://svlp-plnptapp01.pgr.mpf.mp.br:8401/portal/rr/estagie-conosco/arquivos/edital122018-1;https://www-cdn.mpf.mp.br/o-mpf/unidades/pr-rr/estagio/arquivos/edital122018-1
File;http://svlp-plnptapp01.pgr.mpf.mp.br:8401/portal/rr/estagie-conosco/arquivos/edital1320181819;https://www-cdn.mpf.mp.br/o-mpf/unidades/pr-rr/estagio/arquivos/edital1320181819
File;http://svlp-plnptapp01.pgr.mpf.mp.br:8401/portal/rr/estagie-conosco/arquivos/edital162019.PDF;https://www-cdn.mpf.mp.br/o-mpf/unidades/pr-rr/estagio/arquivos/edital162019.PDF
File;http://svlp-plnptapp01.pgr.mpf.mp.br:8401/portal/rr/estagie-conosco/arquivos/edital19conv;https://www-cdn.mpf.mp.br/o-mpf/unidades/pr-rr/estagio/arquivos/edital19conv
File;http://svlp-plnptapp01.pgr.mpf.mp.br:8401/portal/rr/estagie-conosco/arquivos/edital19resultadofinal.pdf;https://www-cdn.mpf.mp.br/o-mpf/unidades/pr-rr/estagio/arquivos/edital19resultadofinal.pdf
File;http://svlp-plnptapp01.pgr.mpf.mp.br:8401/portal/rr/estagie-conosco/arquivos/edital2021resfinal.PDF;https://www-cdn.mpf.mp.br/o-mpf/unidades/pr-rr/estagio/arquivos/edital2021resfinal.PDF
File;http://svlp-plnptapp01.pgr.mpf.mp.br:8401/portal/rr/estagie-conosco/arquivos/edital22.pdf;https://www-cdn.mpf.mp.br/o-mpf/unidades/pr-rr/estagio/arquivos/edital22.pdf
File;http://svlp-plnptapp01.pgr.mpf.mp.br:8401/portal/rr/estagie-conosco/arquivos/edital222018convoca;https://www-cdn.mpf.mp.br/o-mpf/unidades/pr-rr/estagio/arquivos/edital222018convoca
File;http://svlp-plnptapp01.pgr.mpf.mp.br:8401/portal/rr/estagie-conosco/arquivos/edital232021.pdf;https://www-cdn.mpf.mp.br/o-mpf/unidades/pr-rr/estagio/arquivos/edital232021.pdf
File;http://svlp-plnptapp01.pgr.mpf.mp.br:8401/portal/rr/estagie-conosco/arquivos/edital242024.pdf;https://www-cdn.mpf.mp.br/o-mpf/unidades/pr-rr/estagio/arquivos/edital242024.pdf
File;http://svlp-plnptapp01.pgr.mpf.mp.br:8401/portal/rr/estagie-conosco/arquivos/edital30.PDF;https://www-cdn.mpf.mp.br/o-mpf/unidades/pr-rr/estagio/arquivos/edital30.PDF
File;http://svlp-plnptapp01.pgr.mpf.mp.br:8401/portal/rr/estagie-conosco/arquivos/edital312024.pdf;https://www-cdn.mpf.mp.br/o-mpf/unidades/pr-rr/estagio/arquivos/edital312024.pdf
File;http://svlp-plnptapp01.pgr.mpf.mp.br:8401/portal/rr/estagie-conosco/arquivos/edital352018;https://www-cdn.mpf.mp.br/o-mpf/unidades/pr-rr/estagio/arquivos/edital352018
File;http://svlp-plnptapp01.pgr.mpf.mp.br:8401/portal/rr/estagie-conosco/arquivos/edital42025.pdf;https://www-cdn.mpf.mp.br/o-mpf/unidades/pr-rr/estagio/arquivos/edital42025.pdf
File;http://svlp-plnptapp01.pgr.mpf.mp.br:8401/portal/rr/estagie-conosco/arquivos/edital72019.PDF;https://www-cdn.mpf.mp.br/o-mpf/unidades/pr-rr/estagio/arquivos/edital72019.PDF
File;http://svlp-plnptapp01.pgr.mpf.mp.br:8401/portal/rr/estagie-conosco/arquivos/edital82019.pdf;https://www-cdn.mpf.mp.br/o-mpf/unidades/pr-rr/estagio/arquivos/edital82019.pdf
File;http://svlp-plnptapp01.pgr.mpf.mp.br:8401/portal/rr/estagie-conosco/arquivos/edital92022.pdf;https://www-cdn.mpf.mp.br/o-mpf/unidades/pr-rr/estagio/arquivos/edital92022.pdf
File;http://svlp-plnptapp01.pgr.mpf.mp.br:8401/portal/rr/estagie-conosco/arquivos/editalconvoca.PDF;https://www-cdn.mpf.mp.br/o-mpf/unidades/pr-rr/estagio/arquivos/editalconvoca.PDF
File;http://svlp-plnptapp01.pgr.mpf.mp.br:8401/portal/rr/estagie-conosco/arquivos/editalconvoca2.PDF;https://www-cdn.mpf.mp.br/o-mpf/unidades/pr-rr/estagio/arquivos/editalconvoca2.PDF
File;http://svlp-plnptapp01.pgr.mpf.mp.br:8401/portal/rr/estagie-conosco/arquivos/editalest0012020;https://www-cdn.mpf.mp.br/o-mpf/unidades/pr-rr/estagio/arquivos/editalest0012020
File;http://svlp-plnptapp01.pgr.mpf.mp.br:8401/portal/rr/estagie-conosco/arquivos/editalestgiopos.PDF;https://www-cdn.mpf.mp.br/o-mpf/unidades/pr-rr/estagio/arquivos/editalestgiopos.PDF
File;http://svlp-plnptapp01.pgr.mpf.mp.br:8401/portal/rr/estagie-conosco/arquivos/editalhetero.PDF;https://www-cdn.mpf.mp.br/o-mpf/unidades/pr-rr/estagio/arquivos/editalhetero.PDF
File;http://svlp-plnptapp01.pgr.mpf.mp.br:8401/portal/rr/estagie-conosco/arquivos/editalinscritos201801;https://www-cdn.mpf.mp.br/o-mpf/unidades/pr-rr/estagio/arquivos/editalinscritos201801
File;http://svlp-plnptapp01.pgr.mpf.mp.br:8401/portal/rr/estagie-conosco/arquivos/editaln027relinsc;https://www-cdn.mpf.mp.br/o-mpf/unidades/pr-rr/estagio/arquivos/editaln027relinsc
File;http://svlp-plnptapp01.pgr.mpf.mp.br:8401/portal/rr/estagie-conosco/arquivos/editaln028locaprov;https://www-cdn.mpf.mp.br/o-mpf/unidades/pr-rr/estagio/arquivos/editaln028locaprov
File;http://svlp-plnptapp01.pgr.mpf.mp.br:8401/portal/rr/estagie-conosco/arquivos/editalocaldeprova201801;https://www-cdn.mpf.mp.br/o-mpf/unidades/pr-rr/estagio/arquivos/editalocaldeprova201801
File;http://svlp-plnptapp01.pgr.mpf.mp.br:8401/portal/rr/estagie-conosco/arquivos/editalps.PDF;https://www-cdn.mpf.mp.br/o-mpf/unidades/pr-rr/estagio/arquivos/editalps.PDF
File;http://svlp-plnptapp01.pgr.mpf.mp.br:8401/portal/rr/estagie-conosco/arquivos/edt0419;https://www-cdn.mpf.mp.br/o-mpf/unidades/pr-rr/estagio/arquivos/edt0419
File;http://svlp-plnptapp01.pgr.mpf.mp.br:8401/portal/rr/estagie-conosco/arquivos/espelho-prova-discursiva-questao-2-graduacao.pdf;https://www-cdn.mpf.mp.br/o-mpf/unidades/pr-rr/estagio/arquivos/espelho-prova-discursiva-questao-2-graduacao.pdf
File;http://svlp-plnptapp01.pgr.mpf.mp.br:8401/portal/rr/estagie-conosco/arquivos/estagio20212.PDF;https://www-cdn.mpf.mp.br/o-mpf/unidades/pr-rr/estagio/arquivos/estagio20212.PDF
File;http://svlp-plnptapp01.pgr.mpf.mp.br:8401/portal/rr/estagie-conosco/arquivos/f8252c502a55ce86244e3655d61c5d7b245783.PDF;https://www-cdn.mpf.mp.br/o-mpf/unidades/pr-rr/estagio/arquivos/f8252c502a55ce86244e3655d61c5d7b245783.PDF
File;http://svlp-plnptapp01.pgr.mpf.mp.br:8401/portal/rr/estagie-conosco/arquivos/fb21d9659371114d3591e514fb284c6cbd7a0b.PDF;https://www-cdn.mpf.mp.br/o-mpf/unidades/pr-rr/estagio/arquivos/fb21d9659371114d3591e514fb284c6cbd7a0b.PDF
File;http://svlp-plnptapp01.pgr.mpf.mp.br:8401/portal/rr/estagie-conosco/arquivos/gabarito-preliminar-1pse-2022.pdf;https://www-cdn.mpf.mp.br/o-mpf/unidades/pr-rr/estagio/arquivos/gabarito-preliminar-1pse-2022.pdf
File;http://svlp-plnptapp01.pgr.mpf.mp.br:8401/portal/rr/estagie-conosco/arquivos/gabarito-preliminar.pdf;https://www-cdn.mpf.mp.br/o-mpf/unidades/pr-rr/estagio/arquivos/gabarito-preliminar.pdf
File;http://svlp-plnptapp01.pgr.mpf.mp.br:8401/portal/rr/estagie-conosco/arquivos/gabaritopre0272018;https://www-cdn.mpf.mp.br/o-mpf/unidades/pr-rr/estagio/arquivos/gabaritopre0272018
File;http://svlp-plnptapp01.pgr.mpf.mp.br:8401/portal/rr/estagie-conosco/arquivos/gabest20191;https://www-cdn.mpf.mp.br/o-mpf/unidades/pr-rr/estagio/arquivos/gabest20191
File;http://svlp-plnptapp01.pgr.mpf.mp.br:8401/portal/rr/estagie-conosco/arquivos/locais-de-prova.pdf;https://www-cdn.mpf.mp.br/o-mpf/unidades/pr-rr/estagio/arquivos/locais-de-prova.pdf
File;http://svlp-plnptapp01.pgr.mpf.mp.br:8401/portal/rr/estagie-conosco/arquivos/localdeprova20182;https://www-cdn.mpf.mp.br/o-mpf/unidades/pr-rr/estagio/arquivos/localdeprova20182
File;http://svlp-plnptapp01.pgr.mpf.mp.br:8401/portal/rr/estagie-conosco/arquivos/localdeprova201901;https://www-cdn.mpf.mp.br/o-mpf/unidades/pr-rr/estagio/arquivos/localdeprova201901
File;http://svlp-plnptapp01.pgr.mpf.mp.br:8401/portal/rr/estagie-conosco/arquivos/orientacoes-para-a-entrevista-da-banca-de-heteroidentificacao.pdf;https://www-cdn.mpf.mp.br/o-mpf/unidades/pr-rr/estagio/arquivos/orientacoes-para-a-entrevista-da-banca-de-heteroidentificacao.pdf
File;http://svlp-plnptapp01.pgr.mpf.mp.br:8401/portal/rr/estagie-conosco/arquivos/orientacoes-sobre-inscricao-e-problemas-de-acesso-ao-moodle-pelos-candidatos.pdf;https://www-cdn.mpf.mp.br/o-mpf/unidades/pr-rr/estagio/arquivos/orientacoes-sobre-inscricao-e-problemas-de-acesso-ao-moodle-pelos-candidatos.pdf
File;http://svlp-plnptapp01.pgr.mpf.mp.br:8401/portal/rr/estagie-conosco/arquivos/portaria-140.pdf;https://www-cdn.mpf.mp.br/o-mpf/unidades/pr-rr/estagio/arquivos/portaria-140.pdf
File;http://svlp-plnptapp01.pgr.mpf.mp.br:8401/portal/rr/estagie-conosco/arquivos/pr-rr-00002427-2025.pdf;https://www-cdn.mpf.mp.br/o-mpf/unidades/pr-rr/estagio/arquivos/pr-rr-00002427-2025.pdf
File;http://svlp-plnptapp01.pgr.mpf.mp.br:8401/portal/rr/estagie-conosco/arquivos/pr-rr-00022080-2024.pdf;https://www-cdn.mpf.mp.br/o-mpf/unidades/pr-rr/estagio/arquivos/pr-rr-00022080-2024.pdf
File;http://svlp-plnptapp01.pgr.mpf.mp.br:8401/portal/rr/estagie-conosco/arquivos/pr-rr-00030084-2025.pdf;https://www-cdn.mpf.mp.br/o-mpf/unidades/pr-rr/estagio/arquivos/pr-rr-00030084-2025.pdf
File;http://svlp-plnptapp01.pgr.mpf.mp.br:8401/portal/rr/estagie-conosco/arquivos/prova-administracao-pse-2022-versao-final.pdf;https://www-cdn.mpf.mp.br/o-mpf/unidades/pr-rr/estagio/arquivos/prova-administracao-pse-2022-versao-final.pdf
File;http://svlp-plnptapp01.pgr.mpf.mp.br:8401/portal/rr/estagie-conosco/arquivos/prova-direito-pse-2022-versao-final.pdf;https://www-cdn.mpf.mp.br/o-mpf/unidades/pr-rr/estagio/arquivos/prova-direito-pse-2022-versao-final.pdf
File;http://svlp-plnptapp01.pgr.mpf.mp.br:8401/portal/rr/estagie-conosco/arquivos/recurso-banca-medica-2pse-1.pdf;https://www-cdn.mpf.mp.br/o-mpf/unidades/pr-rr/estagio/arquivos/recurso-banca-medica-2pse-1.pdf
File;http://svlp-plnptapp01.pgr.mpf.mp.br:8401/portal/rr/estagie-conosco/arquivos/recurso-prova-dicursiva-2pse.pdf;https://www-cdn.mpf.mp.br/o-mpf/unidades/pr-rr/estagio/arquivos/recurso-prova-dicursiva-2pse.pdf
File;http://svlp-plnptapp01.pgr.mpf.mp.br:8401/portal/rr/estagie-conosco/arquivos/resultado-definitivo-banca-de-heteroidentificacao-2pse.pdf;https://www-cdn.mpf.mp.br/o-mpf/unidades/pr-rr/estagio/arquivos/resultado-definitivo-banca-de-heteroidentificacao-2pse.pdf
File;http://svlp-plnptapp01.pgr.mpf.mp.br:8401/portal/rr/estagie-conosco/arquivos/resultado-preliminar-banca-de-heteroidentificacao2pse.pdf;https://www-cdn.mpf.mp.br/o-mpf/unidades/pr-rr/estagio/arquivos/resultado-preliminar-banca-de-heteroidentificacao2pse.pdf
File;http://svlp-plnptapp01.pgr.mpf.mp.br:8401/portal/rr/estagie-conosco/arquivos/resultado-preliminar.pdf;https://www-cdn.mpf.mp.br/o-mpf/unidades/pr-rr/estagio/arquivos/resultado-preliminar.pdf
File;http://svlp-plnptapp01.pgr.mpf.mp.br:8401/portal/rr/estagie-conosco/arquivos/retificaedital12.PDF;https://www-cdn.mpf.mp.br/o-mpf/unidades/pr-rr/estagio/arquivos/retificaedital12.PDF
Folder;http://svlp-plnptapp01.pgr.mpf.mp.br:8401/portal/rr/estagie-conosco/cadernos-de-provas;https://www-cdn.mpf.mp.br/o-mpf/unidades/pr-rr/estagio/cadernos-de-provas
Document;http://svlp-plnptapp01.pgr.mpf.mp.br:8401/portal/rr/estagie-conosco/cadernos-de-provas/18o-processo-seletivo-1;https://www-cdn.mpf.mp.br/o-mpf/unidades/pr-rr/estagio/cadernos-de-provas/18o-processo-seletivo-1
Document;http://svlp-plnptapp01.pgr.mpf.mp.br:8401/portal/rr/estagie-conosco/cadernos-de-provas/19o-processo-seletivo;https://www-cdn.mpf.mp.br/o-mpf/unidades/pr-rr/estagio/cadernos-de-provas/19o-processo-seletivo
Document;http://svlp-plnptapp01.pgr.mpf.mp.br:8401/portal/rr/estagie-conosco/cadernos-de-provas/20o-processo-seletivo-de-estagiarios;https://www-cdn.mpf.mp.br/o-mpf/unidades/pr-rr/estagio/cadernos-de-provas/20o-processo-seletivo-de-estagiarios
Document;http://svlp-plnptapp01.pgr.mpf.mp.br:8401/portal/rr/estagie-conosco/cadernos-de-provas/21o-processo-seletivo-de-estagiarios;https://www-cdn.mpf.mp.br/o-mpf/unidades/pr-rr/estagio/cadernos-de-provas/21o-processo-seletivo-de-estagiarios
Document;http://svlp-plnptapp01.pgr.mpf.mp.br:8401/portal/rr/estagie-conosco/cadernos-de-provas/22deg-processo-seletivo-de-estagiarios;https://www-cdn.mpf.mp.br/o-mpf/unidades/pr-rr/estagio/cadernos-de-provas/22deg-processo-seletivo-de-estagiarios
Folder;http://svlp-plnptapp01.pgr.mpf.mp.br:8401/portal/rr/estagie-conosco/convenio-com-instituicoes-de-ensino-superior;https://www-cdn.mpf.mp.br/o-mpf/unidades/pr-rr/estagio/convenio-com-instituicoes-de-ensino-superior
Document;http://svlp-plnptapp01.pgr.mpf.mp.br:8401/portal/rr/estagie-conosco/convenio-com-instituicoes-de-ensino-superior/convenios-com-instituicoes-de-ensino-superior;https://www-cdn.mpf.mp.br/o-mpf/unidades/pr-rr/estagio/convenio-com-instituicoes-de-ensino-superior/convenios-com-instituicoes-de-ensino-superior
Folder;http://svlp-plnptapp01.pgr.mpf.mp.br:8401/portal/rr/estagie-conosco/documentos-para-contratacao-de-estagiarios;https://www-cdn.mpf.mp.br/o-mpf/unidades/pr-rr/estagio/documentos-para-contratacao-de-estagiarios
Document;http://svlp-plnptapp01.pgr.mpf.mp.br:8401/portal/rr/estagie-conosco/documentos-para-contratacao-de-estagiarios/relacao-de-documentos-para-contratacao-de-estagiarios-na-pr-rr;https://www-cdn.mpf.mp.br/o-mpf/unidades/pr-rr/estagio/documentos-para-contratacao-de-estagiarios/relacao-de-documentos-para-contratacao-de-estagiarios-na-pr-rr
Folder;http://svlp-plnptapp01.pgr.mpf.mp.br:8401/portal/rr/estagie-conosco/home-admin;https://www-cdn.mpf.mp.br/o-mpf/unidades/pr-rr/estagio/home-admin
Document;http://svlp-plnptapp01.pgr.mpf.mp.br:8401/portal/rr/estagie-conosco/home-admin/em-andamento/1o-processo-seletivo-unificado-de-2025-para-admissao-de-estagiarios-de-nivel-superior;https://www-cdn.mpf.mp.br/o-mpf/unidades/pr-rr/estagio/home-admin/em-andamento/1o-processo-seletivo-unificado-de-2025-para-admissao-de-estagiarios-de-nivel-superior
Folder;http://svlp-plnptapp01.pgr.mpf.mp.br:8401/portal/rr/estagie-conosco/home-admin/inscricoes-abertas;https://www-cdn.mpf.mp.br/o-mpf/unidades/pr-rr/estagio/home-admin/inscricoes-abertas
Document;http://svlp-plnptapp01.pgr.mpf.mp.br:8401/portal/rr/estagie-conosco/home-admin/inscricoes-abertas/2o-processo-seletivo-unificado-de-2025-para-admissao-de-estagiarios-de-nivel-superior;https://www-cdn.mpf.mp.br/o-mpf/unidades/pr-rr/estagio/home-admin/inscricoes-abertas/2o-processo-seletivo-unificado-de-2025-para-admissao-de-estagiarios-de-nivel-superior
Folder;http://svlp-plnptapp01.pgr.mpf.mp.br:8401/portal/rr/estagie-conosco/orientacoes-ao-candidato;https://www-cdn.mpf.mp.br/o-mpf/unidades/pr-rr/estagio/orientacoes-ao-candidato
Document;http://svlp-plnptapp01.pgr.mpf.mp.br:8401/portal/rr/estagie-conosco/orientacoes-ao-candidato/orientacoes-ao-candidato;https://www-cdn.mpf.mp.br/o-mpf/unidades/pr-rr/estagio/orientacoes-ao-candidato/orientacoes-ao-candidato
Folder;http://svlp-plnptapp01.pgr.mpf.mp.br:8401/portal/rr/estagie-conosco/processos-seletivos-anteriores;https://www-cdn.mpf.mp.br/o-mpf/unidades/pr-rr/estagio/processos-seletivos-anteriores
Document;http://svlp-plnptapp01.pgr.mpf.mp.br:8401/portal/rr/estagie-conosco/processos-seletivos-anteriores/19deg-processo-seletivo-de-estagiarios;https://www-cdn.mpf.mp.br/o-mpf/unidades/pr-rr/estagio/processos-seletivos-anteriores/19deg-processo-seletivo-de-estagiarios
Document;http://svlp-plnptapp01.pgr.mpf.mp.br:8401/portal/rr/estagie-conosco/processos-seletivos-anteriores/2021;https://www-cdn.mpf.mp.br/o-mpf/unidades/pr-rr/estagio/processos-seletivos-anteriores/2021
Document;http://svlp-plnptapp01.pgr.mpf.mp.br:8401/portal/rr/estagie-conosco/processos-seletivos-anteriores/2022;https://www-cdn.mpf.mp.br/o-mpf/unidades/pr-rr/estagio/processos-seletivos-anteriores/2022
Folder;http://svlp-plnptapp01.pgr.mpf.mp.br:8401/portal/rr/estagie-conosco/processos-seletivos-anteriores/2023-1;https://www-cdn.mpf.mp.br/o-mpf/unidades/pr-rr/estagio/processos-seletivos-anteriores/2023-1
Document;http://svlp-plnptapp01.pgr.mpf.mp.br:8401/portal/rr/estagie-conosco/processos-seletivos-anteriores/2023-1/1o-processo-seletivo-para-estagiarios-de-2023;https://www-cdn.mpf.mp.br/o-mpf/unidades/pr-rr/estagio/processos-seletivos-anteriores/2023-1/1o-processo-seletivo-para-estagiarios-de-2023
Document;http://svlp-plnptapp01.pgr.mpf.mp.br:8401/portal/rr/estagie-conosco/processos-seletivos-anteriores/2023-1/2023;https://www-cdn.mpf.mp.br/o-mpf/unidades/pr-rr/estagio/processos-seletivos-anteriores/2023-1/2023
Document;http://svlp-plnptapp01.pgr.mpf.mp.br:8401/portal/rr/estagie-conosco/processos-seletivos-anteriores/2023-1/processos-seletivos-para-estagiarios;https://www-cdn.mpf.mp.br/o-mpf/unidades/pr-rr/estagio/processos-seletivos-anteriores/2023-1/processos-seletivos-para-estagiarios
Folder;http://svlp-plnptapp01.pgr.mpf.mp.br:8401/portal/rr/estagie-conosco/processos-seletivos-anteriores/2024;https://www-cdn.mpf.mp.br/o-mpf/unidades/pr-rr/estagio/processos-seletivos-anteriores/2024
Document;http://svlp-plnptapp01.pgr.mpf.mp.br:8401/portal/rr/estagie-conosco/processos-seletivos-anteriores/2024/1o-processo-seletivo-para-estagiarios-de-2024;https://www-cdn.mpf.mp.br/o-mpf/unidades/pr-rr/estagio/processos-seletivos-anteriores/2024/1o-processo-seletivo-para-estagiarios-de-2024
Document;http://svlp-plnptapp01.pgr.mpf.mp.br:8401/portal/rr/estagie-conosco/processos-seletivos-anteriores/2024/2o-processo-seletivo-para-estagiarios-de-2024;https://www-cdn.mpf.mp.br/o-mpf/unidades/pr-rr/estagio/processos-seletivos-anteriores/2024/2o-processo-seletivo-para-estagiarios-de-2024
Document;http://svlp-plnptapp01.pgr.mpf.mp.br:8401/portal/rr/estagie-conosco/processos-seletivos-anteriores/2024/processos-seletivos-para-estagiarios;https://www-cdn.mpf.mp.br/o-mpf/unidades/pr-rr/estagio/processos-seletivos-anteriores/2024/processos-seletivos-para-estagiarios
Folder;http://svlp-plnptapp01.pgr.mpf.mp.br:8401/portal/rr/estagie-conosco/processos-seletivos-anteriores/2025;https://www-cdn.mpf.mp.br/o-mpf/unidades/pr-rr/estagio/processos-seletivos-anteriores/2025
Document;http://svlp-plnptapp01.pgr.mpf.mp.br:8401/portal/rr/estagie-conosco/processos-seletivos-anteriores/2025/1o-processo-seletivo-unificado-2025-1;https://www-cdn.mpf.mp.br/o-mpf/unidades/pr-rr/estagio/processos-seletivos-anteriores/2025/1o-processo-seletivo-unificado-2025-1
Document;http://svlp-plnptapp01.pgr.mpf.mp.br:8401/portal/rr/estagie-conosco/processos-seletivos-anteriores/2025/2o-processo-seletivo-unificado;https://www-cdn.mpf.mp.br/o-mpf/unidades/pr-rr/estagio/processos-seletivos-anteriores/2025/2o-processo-seletivo-unificado
Document;http://svlp-plnptapp01.pgr.mpf.mp.br:8401/portal/rr/estagie-conosco/processos-seletivos-anteriores/2025/processos-seletivos-para-estagiarios;https://www-cdn.mpf.mp.br/o-mpf/unidades/pr-rr/estagio/processos-seletivos-anteriores/2025/processos-seletivos-para-estagiarios
Document;http://svlp-plnptapp01.pgr.mpf.mp.br:8401/portal/rr/estagie-conosco/processos-seletivos-anteriores/21deg-processo-seletivo-de-estagiarios;https://www-cdn.mpf.mp.br/o-mpf/unidades/pr-rr/estagio/processos-seletivos-anteriores/21deg-processo-seletivo-de-estagiarios
Document;http://svlp-plnptapp01.pgr.mpf.mp.br:8401/portal/rr/estagie-conosco/processos-seletivos-anteriores/concursos-de-estagio;https://www-cdn.mpf.mp.br/o-mpf/unidades/pr-rr/estagio/processos-seletivos-anteriores/concursos-de-estagio
Document;http://svlp-plnptapp01.pgr.mpf.mp.br:8401/portal/rr/estagie-conosco/processos-seletivos-anteriores/copy_of_22deg-processo-seletivo-de-estagiarios;https://www-cdn.mpf.mp.br/o-mpf/unidades/pr-rr/estagio/processos-seletivos-anteriores/copy_of_22deg-processo-seletivo-de-estagiarios
