Folder;http://svlp-plnptapp01.pgr.mpf.mp.br:8401/portal/pr/estagie-conosco;https://www-cdn.mpf.mp.br/o-mpf/unidades/pr-pr/estagio/
Folder;http://svlp-plnptapp01.pgr.mpf.mp.br:8401/portal/pr/estagie-conosco/2015;https://www-cdn.mpf.mp.br/o-mpf/unidades/pr-pr/estagio/2015
File;http://svlp-plnptapp01.pgr.mpf.mp.br:8401/portal/pr/estagie-conosco/2015/2015%20-%201o%20processo%20seletivo%20-%20Com%20Social-Jornalismo%20-%20prova%20e%20gabarito%20preliminar.pdf;https://www-cdn.mpf.mp.br/o-mpf/unidades/pr-pr/estagio/2015/2015 - 1o processo seletivo - Com Social-Jornalismo - prova e gabarito preliminar.pdf
File;http://svlp-plnptapp01.pgr.mpf.mp.br:8401/portal/pr/estagie-conosco/2015/2015%20-%201o%20processo%20seletivo%20-%20Direito%20-%20prova%20e%20gabarito%20preliminar.pdf;https://www-cdn.mpf.mp.br/o-mpf/unidades/pr-pr/estagio/2015/2015 - 1o processo seletivo - Direito - prova e gabarito preliminar.pdf
File;http://svlp-plnptapp01.pgr.mpf.mp.br:8401/portal/pr/estagie-conosco/2015/2015%20-%201o%20processo%20seletivo%20-%20Engenharia%20Civil%20-%20prova%20e%20gabarito%20preliminar.pdf;https://www-cdn.mpf.mp.br/o-mpf/unidades/pr-pr/estagio/2015/2015 - 1o processo seletivo - Engenharia Civil - prova e gabarito preliminar.pdf
File;http://svlp-plnptapp01.pgr.mpf.mp.br:8401/portal/pr/estagie-conosco/2015/2015%20-%201o%20processo%20seletivo%20-%20Gestao%20da%20Informacao%20-%20prova%20e%20gabarito%20preliminar.pdf;https://www-cdn.mpf.mp.br/o-mpf/unidades/pr-pr/estagio/2015/2015 - 1o processo seletivo - Gestao da Informacao - prova e gabarito preliminar.pdf
File;http://svlp-plnptapp01.pgr.mpf.mp.br:8401/portal/pr/estagie-conosco/2015/2015%20-%201o%20processo%20seletivo%20-%20Informatica%20-%20prova%20e%20gabarito%20preliminar.pdf;https://www-cdn.mpf.mp.br/o-mpf/unidades/pr-pr/estagio/2015/2015 - 1o processo seletivo - Informatica - prova e gabarito preliminar.pdf
File;http://svlp-plnptapp01.pgr.mpf.mp.br:8401/portal/pr/estagie-conosco/2015/2015%20-%201o%20processo%20seletivo%20-%20todas%20as%20areas%20-%20gabaritos%20definitivos.pdf;https://www-cdn.mpf.mp.br/o-mpf/unidades/pr-pr/estagio/2015/2015 - 1o processo seletivo - todas as areas - gabaritos definitivos.pdf
File;http://svlp-plnptapp01.pgr.mpf.mp.br:8401/portal/pr/estagie-conosco/2015/2015-1o-processo-seletivo-administracao-prova-e-gabarito-preliminar;https://www-cdn.mpf.mp.br/o-mpf/unidades/pr-pr/estagio/2015/2015-1o-processo-seletivo-administracao-prova-e-gabarito-preliminar
File;http://svlp-plnptapp01.pgr.mpf.mp.br:8401/portal/pr/estagie-conosco/2015/2015-2o-processo-seletivo-administracao-prova-e-gabarito-definitivo;https://www-cdn.mpf.mp.br/o-mpf/unidades/pr-pr/estagio/2015/2015-2o-processo-seletivo-administracao-prova-e-gabarito-definitivo
File;http://svlp-plnptapp01.pgr.mpf.mp.br:8401/portal/pr/estagie-conosco/2015/2015-2o-processo-seletivo-direito-prova-e-gabarito-definitivo;https://www-cdn.mpf.mp.br/o-mpf/unidades/pr-pr/estagio/2015/2015-2o-processo-seletivo-direito-prova-e-gabarito-definitivo
Document;http://svlp-plnptapp01.pgr.mpf.mp.br:8401/portal/pr/estagie-conosco/2015/banco-de-provas;https://www-cdn.mpf.mp.br/o-mpf/unidades/pr-pr/estagio/2015/banco-de-provas
Folder;http://svlp-plnptapp01.pgr.mpf.mp.br:8401/portal/pr/estagie-conosco/2016;https://www-cdn.mpf.mp.br/o-mpf/unidades/pr-pr/estagio/2016
File;http://svlp-plnptapp01.pgr.mpf.mp.br:8401/portal/pr/estagie-conosco/2016/2016-1o-processo-seletivo-administracao-e-direito-gabaritos-definitivos;https://www-cdn.mpf.mp.br/o-mpf/unidades/pr-pr/estagio/2016/2016-1o-processo-seletivo-administracao-e-direito-gabaritos-definitivos
File;http://svlp-plnptapp01.pgr.mpf.mp.br:8401/portal/pr/estagie-conosco/2016/2016-1o-processo-seletivo-admnistracao-e-direito-provas-e-gabaritos-preliminares;https://www-cdn.mpf.mp.br/o-mpf/unidades/pr-pr/estagio/2016/2016-1o-processo-seletivo-admnistracao-e-direito-provas-e-gabaritos-preliminares
File;http://svlp-plnptapp01.pgr.mpf.mp.br:8401/portal/pr/estagie-conosco/2016/2016-2o-processo-seletivo-administracao-prova-e-gabarito-definitivo;https://www-cdn.mpf.mp.br/o-mpf/unidades/pr-pr/estagio/2016/2016-2o-processo-seletivo-administracao-prova-e-gabarito-definitivo
Document;http://svlp-plnptapp01.pgr.mpf.mp.br:8401/portal/pr/estagie-conosco/2016/banco-de-provas;https://www-cdn.mpf.mp.br/o-mpf/unidades/pr-pr/estagio/2016/banco-de-provas
Folder;http://svlp-plnptapp01.pgr.mpf.mp.br:8401/portal/pr/estagie-conosco/2017;https://www-cdn.mpf.mp.br/o-mpf/unidades/pr-pr/estagio/2017
File;http://svlp-plnptapp01.pgr.mpf.mp.br:8401/portal/pr/estagie-conosco/2017/Retificaoedital.pdf;https://www-cdn.mpf.mp.br/o-mpf/unidades/pr-pr/estagio/2017/Retificaoedital.pdf
File;http://svlp-plnptapp01.pgr.mpf.mp.br:8401/portal/pr/estagie-conosco/2017/comunicado-convenio.pdf;https://www-cdn.mpf.mp.br/o-mpf/unidades/pr-pr/estagio/2017/comunicado-convenio.pdf
File;http://svlp-plnptapp01.pgr.mpf.mp.br:8401/portal/pr/estagie-conosco/2017/comunicado-convite-universidades;https://www-cdn.mpf.mp.br/o-mpf/unidades/pr-pr/estagio/2017/comunicado-convite-universidades
File;http://svlp-plnptapp01.pgr.mpf.mp.br:8401/portal/pr/estagie-conosco/2017/edital-n-24-gabarito-definitivo;https://www-cdn.mpf.mp.br/o-mpf/unidades/pr-pr/estagio/2017/edital-n-24-gabarito-definitivo
File;http://svlp-plnptapp01.pgr.mpf.mp.br:8401/portal/pr/estagie-conosco/2017/edital-no-04-2017-de-5-de-abril-de-2017;https://www-cdn.mpf.mp.br/o-mpf/unidades/pr-pr/estagio/2017/edital-no-04-2017-de-5-de-abril-de-2017
File;http://svlp-plnptapp01.pgr.mpf.mp.br:8401/portal/pr/estagie-conosco/2017/edital-no-04-2017-de-5-de-abril-de-2017-retificacao;https://www-cdn.mpf.mp.br/o-mpf/unidades/pr-pr/estagio/2017/edital-no-04-2017-de-5-de-abril-de-2017-retificacao
File;http://svlp-plnptapp01.pgr.mpf.mp.br:8401/portal/pr/estagie-conosco/2017/edital-no-14-2017-de-18-de-setembro-de-2017;https://www-cdn.mpf.mp.br/o-mpf/unidades/pr-pr/estagio/2017/edital-no-14-2017-de-18-de-setembro-de-2017
File;http://svlp-plnptapp01.pgr.mpf.mp.br:8401/portal/pr/estagie-conosco/2017/edital-no-16-de-reabertura-do-prazo-de-inscricoes.pdf;https://www-cdn.mpf.mp.br/o-mpf/unidades/pr-pr/estagio/2017/edital-no-16-de-reabertura-do-prazo-de-inscricoes.pdf
File;http://svlp-plnptapp01.pgr.mpf.mp.br:8401/portal/pr/estagie-conosco/2017/edital-no-17-2017-provas-e-gabaritos;https://www-cdn.mpf.mp.br/o-mpf/unidades/pr-pr/estagio/2017/edital-no-17-2017-provas-e-gabaritos
File;http://svlp-plnptapp01.pgr.mpf.mp.br:8401/portal/pr/estagie-conosco/2017/edital-no-18-2017-retificacao-anexo-x;https://www-cdn.mpf.mp.br/o-mpf/unidades/pr-pr/estagio/2017/edital-no-18-2017-retificacao-anexo-x
File;http://svlp-plnptapp01.pgr.mpf.mp.br:8401/portal/pr/estagie-conosco/2017/edital-no-25-2017-de-20-de-outubro-de-2017-2013-prorrogacao-de-validade-do-processo-seletivo;https://www-cdn.mpf.mp.br/o-mpf/unidades/pr-pr/estagio/2017/edital-no-25-2017-de-20-de-outubro-de-2017-2013-prorrogacao-de-validade-do-processo-seletivo
File;http://svlp-plnptapp01.pgr.mpf.mp.br:8401/portal/pr/estagie-conosco/2017/edital-no-27-2017-resultado-final;https://www-cdn.mpf.mp.br/o-mpf/unidades/pr-pr/estagio/2017/edital-no-27-2017-resultado-final
File;http://svlp-plnptapp01.pgr.mpf.mp.br:8401/portal/pr/estagie-conosco/2017/edital-no-5-2017-de-28-de-abril-de-2017;https://www-cdn.mpf.mp.br/o-mpf/unidades/pr-pr/estagio/2017/edital-no-5-2017-de-28-de-abril-de-2017
File;http://svlp-plnptapp01.pgr.mpf.mp.br:8401/portal/pr/estagie-conosco/2017/edital-no-7-de-19-de-maio-de-2017;https://www-cdn.mpf.mp.br/o-mpf/unidades/pr-pr/estagio/2017/edital-no-7-de-19-de-maio-de-2017
File;http://svlp-plnptapp01.pgr.mpf.mp.br:8401/portal/pr/estagie-conosco/2017/edital-no-8-de-26-de-maio-de-2017;https://www-cdn.mpf.mp.br/o-mpf/unidades/pr-pr/estagio/2017/edital-no-8-de-26-de-maio-de-2017
File;http://svlp-plnptapp01.pgr.mpf.mp.br:8401/portal/pr/estagie-conosco/2017/edital-prorrogacao-para-publicacao.pdf;https://www-cdn.mpf.mp.br/o-mpf/unidades/pr-pr/estagio/2017/edital-prorrogacao-para-publicacao.pdf
File;http://svlp-plnptapp01.pgr.mpf.mp.br:8401/portal/pr/estagie-conosco/2017/edital-resultado-preliminar;https://www-cdn.mpf.mp.br/o-mpf/unidades/pr-pr/estagio/2017/edital-resultado-preliminar
File;http://svlp-plnptapp01.pgr.mpf.mp.br:8401/portal/pr/estagie-conosco/2017/editalgabaritoparapublicao.pdf;https://www-cdn.mpf.mp.br/o-mpf/unidades/pr-pr/estagio/2017/editalgabaritoparapublicao.pdf
Document;http://svlp-plnptapp01.pgr.mpf.mp.br:8401/portal/pr/estagie-conosco/2017/estagie-conosco-2;https://www-cdn.mpf.mp.br/o-mpf/unidades/pr-pr/estagio/2017/estagie-conosco-2
Folder;http://svlp-plnptapp01.pgr.mpf.mp.br:8401/portal/pr/estagie-conosco/2018;https://www-cdn.mpf.mp.br/o-mpf/unidades/pr-pr/estagio/2018
File;http://svlp-plnptapp01.pgr.mpf.mp.br:8401/portal/pr/estagie-conosco/2018/comunicado-para-as-instituicoes-de-ensino-selecao-de-estagiarios-pelo-mpf;https://www-cdn.mpf.mp.br/o-mpf/unidades/pr-pr/estagio/2018/comunicado-para-as-instituicoes-de-ensino-selecao-de-estagiarios-pelo-mpf
File;http://svlp-plnptapp01.pgr.mpf.mp.br:8401/portal/pr/estagie-conosco/2018/convite-as-universidades-estagio-comunicacao;https://www-cdn.mpf.mp.br/o-mpf/unidades/pr-pr/estagio/2018/convite-as-universidades-estagio-comunicacao
File;http://svlp-plnptapp01.pgr.mpf.mp.br:8401/portal/pr/estagie-conosco/2018/edital-14-de-27-08-18-gabarito-definitivo;https://www-cdn.mpf.mp.br/o-mpf/unidades/pr-pr/estagio/2018/edital-14-de-27-08-18-gabarito-definitivo
File;http://svlp-plnptapp01.pgr.mpf.mp.br:8401/portal/pr/estagie-conosco/2018/edital-17-2018-resultado-final-1deg-processo-seletivo;https://www-cdn.mpf.mp.br/o-mpf/unidades/pr-pr/estagio/2018/edital-17-2018-resultado-final-1deg-processo-seletivo
File;http://svlp-plnptapp01.pgr.mpf.mp.br:8401/portal/pr/estagie-conosco/2018/edital-de-reabertura-inscricoes-e-alteracao-da-data-da-prova;https://www-cdn.mpf.mp.br/o-mpf/unidades/pr-pr/estagio/2018/edital-de-reabertura-inscricoes-e-alteracao-da-data-da-prova
File;http://svlp-plnptapp01.pgr.mpf.mp.br:8401/portal/pr/estagie-conosco/2018/edital-do-caderno-de-prova-e-do-gabarito;https://www-cdn.mpf.mp.br/o-mpf/unidades/pr-pr/estagio/2018/edital-do-caderno-de-prova-e-do-gabarito
File;http://svlp-plnptapp01.pgr.mpf.mp.br:8401/portal/pr/estagie-conosco/2018/edital-gabarito-definitivo;https://www-cdn.mpf.mp.br/o-mpf/unidades/pr-pr/estagio/2018/edital-gabarito-definitivo
File;http://svlp-plnptapp01.pgr.mpf.mp.br:8401/portal/pr/estagie-conosco/2018/edital-no-13-2018-provas-e-gabaritos;https://www-cdn.mpf.mp.br/o-mpf/unidades/pr-pr/estagio/2018/edital-no-13-2018-provas-e-gabaritos
File;http://svlp-plnptapp01.pgr.mpf.mp.br:8401/portal/pr/estagie-conosco/2018/edital-no-18-de-28-de-setembro-de-2018;https://www-cdn.mpf.mp.br/o-mpf/unidades/pr-pr/estagio/2018/edital-no-18-de-28-de-setembro-de-2018
File;http://svlp-plnptapp01.pgr.mpf.mp.br:8401/portal/pr/estagie-conosco/2018/edital-no-3-2018-de-03-08-2018;https://www-cdn.mpf.mp.br/o-mpf/unidades/pr-pr/estagio/2018/edital-no-3-2018-de-03-08-2018
File;http://svlp-plnptapp01.pgr.mpf.mp.br:8401/portal/pr/estagie-conosco/2018/edital-no22-2018-21-de-novembro-de-2018;https://www-cdn.mpf.mp.br/o-mpf/unidades/pr-pr/estagio/2018/edital-no22-2018-21-de-novembro-de-2018
File;http://svlp-plnptapp01.pgr.mpf.mp.br:8401/portal/pr/estagie-conosco/2018/edital-prorrogacao;https://www-cdn.mpf.mp.br/o-mpf/unidades/pr-pr/estagio/2018/edital-prorrogacao
File;http://svlp-plnptapp01.pgr.mpf.mp.br:8401/portal/pr/estagie-conosco/2018/edital-resultado-final-comunicacao;https://www-cdn.mpf.mp.br/o-mpf/unidades/pr-pr/estagio/2018/edital-resultado-final-comunicacao
File;http://svlp-plnptapp01.pgr.mpf.mp.br:8401/portal/pr/estagie-conosco/2018/edital-resultado-preliminar-1o-processo-seletivo-publico-de-2018;https://www-cdn.mpf.mp.br/o-mpf/unidades/pr-pr/estagio/2018/edital-resultado-preliminar-1o-processo-seletivo-publico-de-2018
File;http://svlp-plnptapp01.pgr.mpf.mp.br:8401/portal/pr/estagie-conosco/2018/edital4-prorrogacao;https://www-cdn.mpf.mp.br/o-mpf/unidades/pr-pr/estagio/2018/edital4-prorrogacao
Document;http://svlp-plnptapp01.pgr.mpf.mp.br:8401/portal/pr/estagie-conosco/2018/estagie-conosco-2;https://www-cdn.mpf.mp.br/o-mpf/unidades/pr-pr/estagio/2018/estagie-conosco-2
Folder;http://svlp-plnptapp01.pgr.mpf.mp.br:8401/portal/pr/estagie-conosco/2019;https://www-cdn.mpf.mp.br/o-mpf/unidades/pr-pr/estagio/2019
File;http://svlp-plnptapp01.pgr.mpf.mp.br:8401/portal/pr/estagie-conosco/2019/2a-prorrogacao-da-validade-do-1o-processo-seletivo-de-estagio-de-2019;https://www-cdn.mpf.mp.br/o-mpf/unidades/pr-pr/estagio/2019/2a-prorrogacao-da-validade-do-1o-processo-seletivo-de-estagio-de-2019
File;http://svlp-plnptapp01.pgr.mpf.mp.br:8401/portal/pr/estagie-conosco/2019/2a-retificacao-edital-no-03-2019;https://www-cdn.mpf.mp.br/o-mpf/unidades/pr-pr/estagio/2019/2a-retificacao-edital-no-03-2019
File;http://svlp-plnptapp01.pgr.mpf.mp.br:8401/portal/pr/estagie-conosco/2019/3a-retificacao-edital-de-24-de-maio-de-2019;https://www-cdn.mpf.mp.br/o-mpf/unidades/pr-pr/estagio/2019/3a-retificacao-edital-de-24-de-maio-de-2019
File;http://svlp-plnptapp01.pgr.mpf.mp.br:8401/portal/pr/estagie-conosco/2019/5a-retificacao-do-edital-no-9-2019;https://www-cdn.mpf.mp.br/o-mpf/unidades/pr-pr/estagio/2019/5a-retificacao-do-edital-no-9-2019
File;http://svlp-plnptapp01.pgr.mpf.mp.br:8401/portal/pr/estagie-conosco/2019/comunicado-convite-universidade-2019;https://www-cdn.mpf.mp.br/o-mpf/unidades/pr-pr/estagio/2019/comunicado-convite-universidade-2019
File;http://svlp-plnptapp01.pgr.mpf.mp.br:8401/portal/pr/estagie-conosco/2019/comunicado-para-as-instituicoes-de-ensino;https://www-cdn.mpf.mp.br/o-mpf/unidades/pr-pr/estagio/2019/comunicado-para-as-instituicoes-de-ensino
File;http://svlp-plnptapp01.pgr.mpf.mp.br:8401/portal/pr/estagie-conosco/2019/edital-2019-gabarito-definitivo-final;https://www-cdn.mpf.mp.br/o-mpf/unidades/pr-pr/estagio/2019/edital-2019-gabarito-definitivo-final
File;http://svlp-plnptapp01.pgr.mpf.mp.br:8401/portal/pr/estagie-conosco/2019/edital-de-estagio-retificado;https://www-cdn.mpf.mp.br/o-mpf/unidades/pr-pr/estagio/2019/edital-de-estagio-retificado
File;http://svlp-plnptapp01.pgr.mpf.mp.br:8401/portal/pr/estagie-conosco/2019/edital-de-gabarito-definitivo-do-2o-processo-seletivo;https://www-cdn.mpf.mp.br/o-mpf/unidades/pr-pr/estagio/2019/edital-de-gabarito-definitivo-do-2o-processo-seletivo
File;http://svlp-plnptapp01.pgr.mpf.mp.br:8401/portal/pr/estagie-conosco/2019/edital-do-caderno-de-prova-e-gabarito;https://www-cdn.mpf.mp.br/o-mpf/unidades/pr-pr/estagio/2019/edital-do-caderno-de-prova-e-gabarito
File;http://svlp-plnptapp01.pgr.mpf.mp.br:8401/portal/pr/estagie-conosco/2019/edital-do-caderno-de-prova-e-gabarito-1;https://www-cdn.mpf.mp.br/o-mpf/unidades/pr-pr/estagio/2019/edital-do-caderno-de-prova-e-gabarito-1
File;http://svlp-plnptapp01.pgr.mpf.mp.br:8401/portal/pr/estagie-conosco/2019/edital-gabarito-definitivo;https://www-cdn.mpf.mp.br/o-mpf/unidades/pr-pr/estagio/2019/edital-gabarito-definitivo
File;http://svlp-plnptapp01.pgr.mpf.mp.br:8401/portal/pr/estagie-conosco/2019/edital-no-15-de-2019-resultado-preliminar;https://www-cdn.mpf.mp.br/o-mpf/unidades/pr-pr/estagio/2019/edital-no-15-de-2019-resultado-preliminar
File;http://svlp-plnptapp01.pgr.mpf.mp.br:8401/portal/pr/estagie-conosco/2019/edital-no-29-de-11-de-setembro-de-2019;https://www-cdn.mpf.mp.br/o-mpf/unidades/pr-pr/estagio/2019/edital-no-29-de-11-de-setembro-de-2019
File;http://svlp-plnptapp01.pgr.mpf.mp.br:8401/portal/pr/estagie-conosco/2019/edital-no-8-de-30-de-maio-de-2019;https://www-cdn.mpf.mp.br/o-mpf/unidades/pr-pr/estagio/2019/edital-no-8-de-30-de-maio-de-2019
File;http://svlp-plnptapp01.pgr.mpf.mp.br:8401/portal/pr/estagie-conosco/2019/edital-no3-de-13-de-maio-de-2019-abertura;https://www-cdn.mpf.mp.br/o-mpf/unidades/pr-pr/estagio/2019/edital-no3-de-13-de-maio-de-2019-abertura
File;http://svlp-plnptapp01.pgr.mpf.mp.br:8401/portal/pr/estagie-conosco/2019/edital-no36-resultado-final;https://www-cdn.mpf.mp.br/o-mpf/unidades/pr-pr/estagio/2019/edital-no36-resultado-final
File;http://svlp-plnptapp01.pgr.mpf.mp.br:8401/portal/pr/estagie-conosco/2019/edital-prorrogacao-1o-processo-seletivo-unificado-2019;https://www-cdn.mpf.mp.br/o-mpf/unidades/pr-pr/estagio/2019/edital-prorrogacao-1o-processo-seletivo-unificado-2019
File;http://svlp-plnptapp01.pgr.mpf.mp.br:8401/portal/pr/estagie-conosco/2019/edital-resultado-final-processo-seletivo-2019;https://www-cdn.mpf.mp.br/o-mpf/unidades/pr-pr/estagio/2019/edital-resultado-final-processo-seletivo-2019
File;http://svlp-plnptapp01.pgr.mpf.mp.br:8401/portal/pr/estagie-conosco/2019/edital-resultado-preliminar;https://www-cdn.mpf.mp.br/o-mpf/unidades/pr-pr/estagio/2019/edital-resultado-preliminar
File;http://svlp-plnptapp01.pgr.mpf.mp.br:8401/portal/pr/estagie-conosco/2019/retificacao-edital;https://www-cdn.mpf.mp.br/o-mpf/unidades/pr-pr/estagio/2019/retificacao-edital
Folder;http://svlp-plnptapp01.pgr.mpf.mp.br:8401/portal/pr/estagie-conosco/2020;https://www-cdn.mpf.mp.br/o-mpf/unidades/pr-pr/estagio/2020
File;http://svlp-plnptapp01.pgr.mpf.mp.br:8401/portal/pr/estagie-conosco/2020/1a-retificacao-do-edital-no-13.2020;https://www-cdn.mpf.mp.br/o-mpf/unidades/pr-pr/estagio/2020/1a-retificacao-do-edital-no-13.2020
File;http://svlp-plnptapp01.pgr.mpf.mp.br:8401/portal/pr/estagie-conosco/2020/edital-no-1-de-26-de-janeiro-de-2021;https://www-cdn.mpf.mp.br/o-mpf/unidades/pr-pr/estagio/2020/edital-no-1-de-26-de-janeiro-de-2021
File;http://svlp-plnptapp01.pgr.mpf.mp.br:8401/portal/pr/estagie-conosco/2020/edital-no-13-de-23-de-outubro-de-2020;https://www-cdn.mpf.mp.br/o-mpf/unidades/pr-pr/estagio/2020/edital-no-13-de-23-de-outubro-de-2020
File;http://svlp-plnptapp01.pgr.mpf.mp.br:8401/portal/pr/estagie-conosco/2020/edital-no-17-de-28-de-outubro-de-2020;https://www-cdn.mpf.mp.br/o-mpf/unidades/pr-pr/estagio/2020/edital-no-17-de-28-de-outubro-de-2020
File;http://svlp-plnptapp01.pgr.mpf.mp.br:8401/portal/pr/estagie-conosco/2020/edital-no-18-2020-de-05-de-novembro-de-2020;https://www-cdn.mpf.mp.br/o-mpf/unidades/pr-pr/estagio/2020/edital-no-18-2020-de-05-de-novembro-de-2020
File;http://svlp-plnptapp01.pgr.mpf.mp.br:8401/portal/pr/estagie-conosco/2020/edital-no-18-de-5-de-novembro-de-2020;https://www-cdn.mpf.mp.br/o-mpf/unidades/pr-pr/estagio/2020/edital-no-18-de-5-de-novembro-de-2020
File;http://svlp-plnptapp01.pgr.mpf.mp.br:8401/portal/pr/estagie-conosco/2020/edital-no-20-2020-de-10-de-novembro-de-2020;https://www-cdn.mpf.mp.br/o-mpf/unidades/pr-pr/estagio/2020/edital-no-20-2020-de-10-de-novembro-de-2020
File;http://svlp-plnptapp01.pgr.mpf.mp.br:8401/portal/pr/estagie-conosco/2020/edital-no-22-2020-resultado-estagio;https://www-cdn.mpf.mp.br/o-mpf/unidades/pr-pr/estagio/2020/edital-no-22-2020-resultado-estagio
File;http://svlp-plnptapp01.pgr.mpf.mp.br:8401/portal/pr/estagie-conosco/2020/edital-no-23-2020-de-25-de-novembro-de-2020;https://www-cdn.mpf.mp.br/o-mpf/unidades/pr-pr/estagio/2020/edital-no-23-2020-de-25-de-novembro-de-2020
File;http://svlp-plnptapp01.pgr.mpf.mp.br:8401/portal/pr/estagie-conosco/2020/edital-no-6-de-10-de-fevereiro-de-2021;https://www-cdn.mpf.mp.br/o-mpf/unidades/pr-pr/estagio/2020/edital-no-6-de-10-de-fevereiro-de-2021
File;http://svlp-plnptapp01.pgr.mpf.mp.br:8401/portal/pr/estagie-conosco/2020/edital-no-7-de-10-de-fevereiro-de-2021;https://www-cdn.mpf.mp.br/o-mpf/unidades/pr-pr/estagio/2020/edital-no-7-de-10-de-fevereiro-de-2021
File;http://svlp-plnptapp01.pgr.mpf.mp.br:8401/portal/pr/estagie-conosco/2020/edital-no-9-de-13-de-abril-de-2020;https://www-cdn.mpf.mp.br/o-mpf/unidades/pr-pr/estagio/2020/edital-no-9-de-13-de-abril-de-2020
File;http://svlp-plnptapp01.pgr.mpf.mp.br:8401/portal/pr/estagie-conosco/2020/edital-resultado-preliminar-heteroidentificacao;https://www-cdn.mpf.mp.br/o-mpf/unidades/pr-pr/estagio/2020/edital-resultado-preliminar-heteroidentificacao
File;http://svlp-plnptapp01.pgr.mpf.mp.br:8401/portal/pr/estagie-conosco/2020/pr-pr-00026595-2021-prorrogacao-edital-estagio.pdf;https://www-cdn.mpf.mp.br/o-mpf/unidades/pr-pr/estagio/2020/pr-pr-00026595-2021-prorrogacao-edital-estagio.pdf
Document;http://svlp-plnptapp01.pgr.mpf.mp.br:8401/portal/pr/estagie-conosco/2020/processos-seletivos;https://www-cdn.mpf.mp.br/o-mpf/unidades/pr-pr/estagio/2020/processos-seletivos
File;http://svlp-plnptapp01.pgr.mpf.mp.br:8401/portal/pr/estagie-conosco/2020/resultado-preliminar;https://www-cdn.mpf.mp.br/o-mpf/unidades/pr-pr/estagio/2020/resultado-preliminar
Folder;http://svlp-plnptapp01.pgr.mpf.mp.br:8401/portal/pr/estagie-conosco/2021;https://www-cdn.mpf.mp.br/o-mpf/unidades/pr-pr/estagio/2021
Folder;http://svlp-plnptapp01.pgr.mpf.mp.br:8401/portal/pr/estagie-conosco/2021/documentos;https://www-cdn.mpf.mp.br/o-mpf/unidades/pr-pr/estagio/2021/documentos
File;http://svlp-plnptapp01.pgr.mpf.mp.br:8401/portal/pr/estagie-conosco/2021/documentos/anexo-iii-termo-de-adesao-ao-sistema-de-cotas-para-minorias-negros;https://www-cdn.mpf.mp.br/o-mpf/unidades/pr-pr/estagio/2021/documentos/anexo-iii-termo-de-adesao-ao-sistema-de-cotas-para-minorias-negros
File;http://svlp-plnptapp01.pgr.mpf.mp.br:8401/portal/pr/estagie-conosco/2021/documentos/anexo-iv-termo-de-adesao-ao-sistema-de-cotas-para-minorias-etnico-raciais;https://www-cdn.mpf.mp.br/o-mpf/unidades/pr-pr/estagio/2021/documentos/anexo-iv-termo-de-adesao-ao-sistema-de-cotas-para-minorias-etnico-raciais
File;http://svlp-plnptapp01.pgr.mpf.mp.br:8401/portal/pr/estagie-conosco/2021/documentos/comunicado-as-universidades-2o-processo-seletivo-2021;https://www-cdn.mpf.mp.br/o-mpf/unidades/pr-pr/estagio/2021/documentos/comunicado-as-universidades-2o-processo-seletivo-2021
File;http://svlp-plnptapp01.pgr.mpf.mp.br:8401/portal/pr/estagie-conosco/2021/documentos/comunicado-convite-as-universidades;https://www-cdn.mpf.mp.br/o-mpf/unidades/pr-pr/estagio/2021/documentos/comunicado-convite-as-universidades
File;http://svlp-plnptapp01.pgr.mpf.mp.br:8401/portal/pr/estagie-conosco/2021/documentos/edital-de-convocacao-para-procedimento-de-heteroidentificacao;https://www-cdn.mpf.mp.br/o-mpf/unidades/pr-pr/estagio/2021/documentos/edital-de-convocacao-para-procedimento-de-heteroidentificacao
File;http://svlp-plnptapp01.pgr.mpf.mp.br:8401/portal/pr/estagie-conosco/2021/documentos/edital-de-resultado-preliminar-das-entrevistas.pdf;https://www-cdn.mpf.mp.br/o-mpf/unidades/pr-pr/estagio/2021/documentos/edital-de-resultado-preliminar-das-entrevistas.pdf
File;http://svlp-plnptapp01.pgr.mpf.mp.br:8401/portal/pr/estagie-conosco/2021/documentos/edital-no-15-de-20-de-maio-de-2021;https://www-cdn.mpf.mp.br/o-mpf/unidades/pr-pr/estagio/2021/documentos/edital-no-15-de-20-de-maio-de-2021
File;http://svlp-plnptapp01.pgr.mpf.mp.br:8401/portal/pr/estagie-conosco/2021/documentos/edital-no-17-de-21-de-maio-de-2021;https://www-cdn.mpf.mp.br/o-mpf/unidades/pr-pr/estagio/2021/documentos/edital-no-17-de-21-de-maio-de-2021
File;http://svlp-plnptapp01.pgr.mpf.mp.br:8401/portal/pr/estagie-conosco/2021/documentos/edital-no-20-18-06-2021-prorroga-inscricoes-estagio;https://www-cdn.mpf.mp.br/o-mpf/unidades/pr-pr/estagio/2021/documentos/edital-no-20-18-06-2021-prorroga-inscricoes-estagio
File;http://svlp-plnptapp01.pgr.mpf.mp.br:8401/portal/pr/estagie-conosco/2021/documentos/edital-no-25-2021-de-30-de-junho-de-2021;https://www-cdn.mpf.mp.br/o-mpf/unidades/pr-pr/estagio/2021/documentos/edital-no-25-2021-de-30-de-junho-de-2021
File;http://svlp-plnptapp01.pgr.mpf.mp.br:8401/portal/pr/estagie-conosco/2021/documentos/edital-no-39-de-16-de-agosto-de-2021;https://www-cdn.mpf.mp.br/o-mpf/unidades/pr-pr/estagio/2021/documentos/edital-no-39-de-16-de-agosto-de-2021
File;http://svlp-plnptapp01.pgr.mpf.mp.br:8401/portal/pr/estagie-conosco/2021/documentos/edital-no-4-de-3-de-fevereiro-de-2022;https://www-cdn.mpf.mp.br/o-mpf/unidades/pr-pr/estagio/2021/documentos/edital-no-4-de-3-de-fevereiro-de-2022
File;http://svlp-plnptapp01.pgr.mpf.mp.br:8401/portal/pr/estagie-conosco/2021/documentos/edital-no-40-de-16-de-agosto-de-2021;https://www-cdn.mpf.mp.br/o-mpf/unidades/pr-pr/estagio/2021/documentos/edital-no-40-de-16-de-agosto-de-2021
File;http://svlp-plnptapp01.pgr.mpf.mp.br:8401/portal/pr/estagie-conosco/2021/documentos/edital-no-56-de-08-de-outubro-de-2021;https://www-cdn.mpf.mp.br/o-mpf/unidades/pr-pr/estagio/2021/documentos/edital-no-56-de-08-de-outubro-de-2021
File;http://svlp-plnptapp01.pgr.mpf.mp.br:8401/portal/pr/estagie-conosco/2021/documentos/edital-no-61-de-21-de-novembro-de-2021;https://www-cdn.mpf.mp.br/o-mpf/unidades/pr-pr/estagio/2021/documentos/edital-no-61-de-21-de-novembro-de-2021
File;http://svlp-plnptapp01.pgr.mpf.mp.br:8401/portal/pr/estagie-conosco/2021/documentos/edital-no-62-2021-de-25-de-novembro-de-2021;https://www-cdn.mpf.mp.br/o-mpf/unidades/pr-pr/estagio/2021/documentos/edital-no-62-2021-de-25-de-novembro-de-2021
File;http://svlp-plnptapp01.pgr.mpf.mp.br:8401/portal/pr/estagie-conosco/2021/documentos/edital-o58-de-16-de-novembro-de-2021;https://www-cdn.mpf.mp.br/o-mpf/unidades/pr-pr/estagio/2021/documentos/edital-o58-de-16-de-novembro-de-2021
File;http://svlp-plnptapp01.pgr.mpf.mp.br:8401/portal/pr/estagie-conosco/2021/edital-30-2021-gabarito-graduacao-e-pos-em-direito;https://www-cdn.mpf.mp.br/o-mpf/unidades/pr-pr/estagio/2021/edital-30-2021-gabarito-graduacao-e-pos-em-direito
Document;http://svlp-plnptapp01.pgr.mpf.mp.br:8401/portal/pr/estagie-conosco/2021/processos-seletivos;https://www-cdn.mpf.mp.br/o-mpf/unidades/pr-pr/estagio/2021/processos-seletivos
Folder;http://svlp-plnptapp01.pgr.mpf.mp.br:8401/portal/pr/estagie-conosco/2022;https://www-cdn.mpf.mp.br/o-mpf/unidades/pr-pr/estagio/2022
File;http://svlp-plnptapp01.pgr.mpf.mp.br:8401/portal/pr/estagie-conosco/2022/documentos-1/edital-no-29-de-20-de-abril-de-2023.pdf;https://www-cdn.mpf.mp.br/o-mpf/unidades/pr-pr/estagio/2022/documentos-1/edital-no-29-de-20-de-abril-de-2023.pdf
File;http://svlp-plnptapp01.pgr.mpf.mp.br:8401/portal/pr/estagie-conosco/2022/documentos/EDITALPRPR00041763.2022.pdf;https://www-cdn.mpf.mp.br/o-mpf/unidades/pr-pr/estagio/2022/documentos/EDITALPRPR00041763.2022.pdf
File;http://svlp-plnptapp01.pgr.mpf.mp.br:8401/portal/pr/estagie-conosco/2022/documentos/GabaritosdefinitivosEdital2713maio2022.pdf;https://www-cdn.mpf.mp.br/o-mpf/unidades/pr-pr/estagio/2022/documentos/GabaritosdefinitivosEdital2713maio2022.pdf
File;http://svlp-plnptapp01.pgr.mpf.mp.br:8401/portal/pr/estagie-conosco/2022/documentos/PRPR00028132.2022.pdf;https://www-cdn.mpf.mp.br/o-mpf/unidades/pr-pr/estagio/2022/documentos/PRPR00028132.2022.pdf
File;http://svlp-plnptapp01.pgr.mpf.mp.br:8401/portal/pr/estagie-conosco/2022/documentos/anexo-ii-termo-de-adesao-ao-sistema-de-cotas-para-minorias-negros-editavel;https://www-cdn.mpf.mp.br/o-mpf/unidades/pr-pr/estagio/2022/documentos/anexo-ii-termo-de-adesao-ao-sistema-de-cotas-para-minorias-negros-editavel
File;http://svlp-plnptapp01.pgr.mpf.mp.br:8401/portal/pr/estagie-conosco/2022/documentos/anexo-iii-termo-de-adesao-ao-sistema-de-cotas-para-minorias-etnico-raciais-editavel;https://www-cdn.mpf.mp.br/o-mpf/unidades/pr-pr/estagio/2022/documentos/anexo-iii-termo-de-adesao-ao-sistema-de-cotas-para-minorias-etnico-raciais-editavel
File;http://svlp-plnptapp01.pgr.mpf.mp.br:8401/portal/pr/estagie-conosco/2022/documentos/anexo-viii-termo-de-de-consentimento-para-tratamento-de-dados-inscricao-em-processo-seletivo-editavel;https://www-cdn.mpf.mp.br/o-mpf/unidades/pr-pr/estagio/2022/documentos/anexo-viii-termo-de-de-consentimento-para-tratamento-de-dados-inscricao-em-processo-seletivo-editavel
File;http://svlp-plnptapp01.pgr.mpf.mp.br:8401/portal/pr/estagie-conosco/2022/documentos/comunicado-convite-as-universidades;https://www-cdn.mpf.mp.br/o-mpf/unidades/pr-pr/estagio/2022/documentos/comunicado-convite-as-universidades
File;http://svlp-plnptapp01.pgr.mpf.mp.br:8401/portal/pr/estagie-conosco/2022/documentos/edital-39-07-06-2022;https://www-cdn.mpf.mp.br/o-mpf/unidades/pr-pr/estagio/2022/documentos/edital-39-07-06-2022
File;http://svlp-plnptapp01.pgr.mpf.mp.br:8401/portal/pr/estagie-conosco/2022/documentos/edital-de-chamamento-publico;https://www-cdn.mpf.mp.br/o-mpf/unidades/pr-pr/estagio/2022/documentos/edital-de-chamamento-publico
File;http://svlp-plnptapp01.pgr.mpf.mp.br:8401/portal/pr/estagie-conosco/2022/documentos/edital-de-convocacao-cotas-assinado.pdf;https://www-cdn.mpf.mp.br/o-mpf/unidades/pr-pr/estagio/2022/documentos/edital-de-convocacao-cotas-assinado.pdf
File;http://svlp-plnptapp01.pgr.mpf.mp.br:8401/portal/pr/estagie-conosco/2022/documentos/edital-ndeg-20-de-2-de-maio-de-2022;https://www-cdn.mpf.mp.br/o-mpf/unidades/pr-pr/estagio/2022/documentos/edital-ndeg-20-de-2-de-maio-de-2022
File;http://svlp-plnptapp01.pgr.mpf.mp.br:8401/portal/pr/estagie-conosco/2022/documentos/edital-ndeg-53-de-1deg-de-setembro-de-2022;https://www-cdn.mpf.mp.br/o-mpf/unidades/pr-pr/estagio/2022/documentos/edital-ndeg-53-de-1deg-de-setembro-de-2022
File;http://svlp-plnptapp01.pgr.mpf.mp.br:8401/portal/pr/estagie-conosco/2022/documentos/edital-ndeg-61-de-5-de-outubro-de-2022;https://www-cdn.mpf.mp.br/o-mpf/unidades/pr-pr/estagio/2022/documentos/edital-ndeg-61-de-5-de-outubro-de-2022
File;http://svlp-plnptapp01.pgr.mpf.mp.br:8401/portal/pr/estagie-conosco/2022/documentos/edital-no-14-de-11-de-abril-de-2022;https://www-cdn.mpf.mp.br/o-mpf/unidades/pr-pr/estagio/2022/documentos/edital-no-14-de-11-de-abril-de-2022
File;http://svlp-plnptapp01.pgr.mpf.mp.br:8401/portal/pr/estagie-conosco/2022/documentos/edital-no-22-de-9-de-junho-de-2022-ok;https://www-cdn.mpf.mp.br/o-mpf/unidades/pr-pr/estagio/2022/documentos/edital-no-22-de-9-de-junho-de-2022-ok
File;http://svlp-plnptapp01.pgr.mpf.mp.br:8401/portal/pr/estagie-conosco/2022/documentos/edital-no-25-2022_de-11-de-maio-de-2022;https://www-cdn.mpf.mp.br/o-mpf/unidades/pr-pr/estagio/2022/documentos/edital-no-25-2022_de-11-de-maio-de-2022
File;http://svlp-plnptapp01.pgr.mpf.mp.br:8401/portal/pr/estagie-conosco/2022/documentos/edital-no-37-de-31-de-maio-de-2022;https://www-cdn.mpf.mp.br/o-mpf/unidades/pr-pr/estagio/2022/documentos/edital-no-37-de-31-de-maio-de-2022
File;http://svlp-plnptapp01.pgr.mpf.mp.br:8401/portal/pr/estagie-conosco/2022/documentos/edital-no-60-de-23-de-setembro-de-2022;https://www-cdn.mpf.mp.br/o-mpf/unidades/pr-pr/estagio/2022/documentos/edital-no-60-de-23-de-setembro-de-2022
File;http://svlp-plnptapp01.pgr.mpf.mp.br:8401/portal/pr/estagie-conosco/2022/documentos/edital-no-63-2022-de-06-de-outubro-de-2022;https://www-cdn.mpf.mp.br/o-mpf/unidades/pr-pr/estagio/2022/documentos/edital-no-63-2022-de-06-de-outubro-de-2022
File;http://svlp-plnptapp01.pgr.mpf.mp.br:8401/portal/pr/estagie-conosco/2022/documentos/edital-no-64-de-10-de-outubro-de-2022;https://www-cdn.mpf.mp.br/o-mpf/unidades/pr-pr/estagio/2022/documentos/edital-no-64-de-10-de-outubro-de-2022
File;http://svlp-plnptapp01.pgr.mpf.mp.br:8401/portal/pr/estagie-conosco/2022/documentos/edital-no-66-de-14-de-outubro-de-2022;https://www-cdn.mpf.mp.br/o-mpf/unidades/pr-pr/estagio/2022/documentos/edital-no-66-de-14-de-outubro-de-2022
File;http://svlp-plnptapp01.pgr.mpf.mp.br:8401/portal/pr/estagie-conosco/2022/documentos/edital-no-67-de-20-de-outubro-de-2022;https://www-cdn.mpf.mp.br/o-mpf/unidades/pr-pr/estagio/2022/documentos/edital-no-67-de-20-de-outubro-de-2022
File;http://svlp-plnptapp01.pgr.mpf.mp.br:8401/portal/pr/estagie-conosco/2022/documentos/edital-no-69-de-7-de-novembro-2022;https://www-cdn.mpf.mp.br/o-mpf/unidades/pr-pr/estagio/2022/documentos/edital-no-69-de-7-de-novembro-2022
File;http://svlp-plnptapp01.pgr.mpf.mp.br:8401/portal/pr/estagie-conosco/2022/documentos/edital-no-70-de-10-de-novembro-de-2022;https://www-cdn.mpf.mp.br/o-mpf/unidades/pr-pr/estagio/2022/documentos/edital-no-70-de-10-de-novembro-de-2022
File;http://svlp-plnptapp01.pgr.mpf.mp.br:8401/portal/pr/estagie-conosco/2022/documentos/edital-no-71-de-11-de-novembro-de-2022;https://www-cdn.mpf.mp.br/o-mpf/unidades/pr-pr/estagio/2022/documentos/edital-no-71-de-11-de-novembro-de-2022
File;http://svlp-plnptapp01.pgr.mpf.mp.br:8401/portal/pr/estagie-conosco/2022/documentos/edital3425demaio2022.pdf;https://www-cdn.mpf.mp.br/o-mpf/unidades/pr-pr/estagio/2022/documentos/edital3425demaio2022.pdf
File;http://svlp-plnptapp01.pgr.mpf.mp.br:8401/portal/pr/estagie-conosco/2022/documentos/retificacao-edital-01-setembro-2022;https://www-cdn.mpf.mp.br/o-mpf/unidades/pr-pr/estagio/2022/documentos/retificacao-edital-01-setembro-2022
Document;http://svlp-plnptapp01.pgr.mpf.mp.br:8401/portal/pr/estagie-conosco/2022/processos-seletivos;https://www-cdn.mpf.mp.br/o-mpf/unidades/pr-pr/estagio/2022/processos-seletivos
Folder;http://svlp-plnptapp01.pgr.mpf.mp.br:8401/portal/pr/estagie-conosco/2023;https://www-cdn.mpf.mp.br/o-mpf/unidades/pr-pr/estagio/2023
File;http://svlp-plnptapp01.pgr.mpf.mp.br:8401/portal/pr/estagie-conosco/2023/documentos-2-processo-seletivo-2023/edital-40-2023;https://www-cdn.mpf.mp.br/o-mpf/unidades/pr-pr/estagio/2023/documentos-2-processo-seletivo-2023/edital-40-2023
File;http://svlp-plnptapp01.pgr.mpf.mp.br:8401/portal/pr/estagie-conosco/2023/documentos-2-processo-seletivo-2023/edital-40-2023.pdf;https://www-cdn.mpf.mp.br/o-mpf/unidades/pr-pr/estagio/2023/documentos-2-processo-seletivo-2023/edital-40-2023.pdf
File;http://svlp-plnptapp01.pgr.mpf.mp.br:8401/portal/pr/estagie-conosco/2023/documentos-2-processo-seletivo-2023/edital-59;https://www-cdn.mpf.mp.br/o-mpf/unidades/pr-pr/estagio/2023/documentos-2-processo-seletivo-2023/edital-59
File;http://svlp-plnptapp01.pgr.mpf.mp.br:8401/portal/pr/estagie-conosco/2023/documentos-2-processo-seletivo-2023/edital-no-3-de-16-de-fevereiro-de-2024;https://www-cdn.mpf.mp.br/o-mpf/unidades/pr-pr/estagio/2023/documentos-2-processo-seletivo-2023/edital-no-3-de-16-de-fevereiro-de-2024
File;http://svlp-plnptapp01.pgr.mpf.mp.br:8401/portal/pr/estagie-conosco/2023/documentos-2-processo-seletivo-2023/edital-no-52-2023-de-10-de-agosto-de-2023;https://www-cdn.mpf.mp.br/o-mpf/unidades/pr-pr/estagio/2023/documentos-2-processo-seletivo-2023/edital-no-52-2023-de-10-de-agosto-de-2023
File;http://svlp-plnptapp01.pgr.mpf.mp.br:8401/portal/pr/estagie-conosco/2023/documentos-2-processo-seletivo-2023/edital-no-52-2023-de-10-de-agosto-de-2023-1;https://www-cdn.mpf.mp.br/o-mpf/unidades/pr-pr/estagio/2023/documentos-2-processo-seletivo-2023/edital-no-52-2023-de-10-de-agosto-de-2023-1
File;http://svlp-plnptapp01.pgr.mpf.mp.br:8401/portal/pr/estagie-conosco/2023/documentos-2-processo-seletivo-2023/edital-no-52-2023-de-10-de-agosto-de-2023-2;https://www-cdn.mpf.mp.br/o-mpf/unidades/pr-pr/estagio/2023/documentos-2-processo-seletivo-2023/edital-no-52-2023-de-10-de-agosto-de-2023-2
File;http://svlp-plnptapp01.pgr.mpf.mp.br:8401/portal/pr/estagie-conosco/2023/documentos-2-processo-seletivo-2023/edital-no-53-2023-de-14-de-agosto-de-2023;https://www-cdn.mpf.mp.br/o-mpf/unidades/pr-pr/estagio/2023/documentos-2-processo-seletivo-2023/edital-no-53-2023-de-14-de-agosto-de-2023
File;http://svlp-plnptapp01.pgr.mpf.mp.br:8401/portal/pr/estagie-conosco/2023/documentos-2-processo-seletivo-2023/edital-no-53-2023-de-14-de-agosto-de-2023-1;https://www-cdn.mpf.mp.br/o-mpf/unidades/pr-pr/estagio/2023/documentos-2-processo-seletivo-2023/edital-no-53-2023-de-14-de-agosto-de-2023-1
File;http://svlp-plnptapp01.pgr.mpf.mp.br:8401/portal/pr/estagie-conosco/2023/documentos-2-processo-seletivo-2023/edital-no-54-de-15-de-agosto-de-2023;https://www-cdn.mpf.mp.br/o-mpf/unidades/pr-pr/estagio/2023/documentos-2-processo-seletivo-2023/edital-no-54-de-15-de-agosto-de-2023
File;http://svlp-plnptapp01.pgr.mpf.mp.br:8401/portal/pr/estagie-conosco/2023/documentos-2-processo-seletivo-2023/edital-no-54-de-15-de-agosto-de-2023.pdf;https://www-cdn.mpf.mp.br/o-mpf/unidades/pr-pr/estagio/2023/documentos-2-processo-seletivo-2023/edital-no-54-de-15-de-agosto-de-2023.pdf
File;http://svlp-plnptapp01.pgr.mpf.mp.br:8401/portal/pr/estagie-conosco/2023/documentos-2-processo-seletivo-2023/edital-no-55-de-15-de-agosto-de-2023;https://www-cdn.mpf.mp.br/o-mpf/unidades/pr-pr/estagio/2023/documentos-2-processo-seletivo-2023/edital-no-55-de-15-de-agosto-de-2023
File;http://svlp-plnptapp01.pgr.mpf.mp.br:8401/portal/pr/estagie-conosco/2023/documentos-2-processo-seletivo-2023/edital-no-55-de-15-de-agosto-de-2023.pdf;https://www-cdn.mpf.mp.br/o-mpf/unidades/pr-pr/estagio/2023/documentos-2-processo-seletivo-2023/edital-no-55-de-15-de-agosto-de-2023.pdf
File;http://svlp-plnptapp01.pgr.mpf.mp.br:8401/portal/pr/estagie-conosco/2023/documentos-2-processo-seletivo-2023/edital-no-56-de-18-de-agosto-de-2023;https://www-cdn.mpf.mp.br/o-mpf/unidades/pr-pr/estagio/2023/documentos-2-processo-seletivo-2023/edital-no-56-de-18-de-agosto-de-2023
File;http://svlp-plnptapp01.pgr.mpf.mp.br:8401/portal/pr/estagie-conosco/2023/documentos-2-processo-seletivo-2023/edital-no-57-de-24-de-agosto-de-2023;https://www-cdn.mpf.mp.br/o-mpf/unidades/pr-pr/estagio/2023/documentos-2-processo-seletivo-2023/edital-no-57-de-24-de-agosto-de-2023
File;http://svlp-plnptapp01.pgr.mpf.mp.br:8401/portal/pr/estagie-conosco/2023/documentos-2-processo-seletivo-2023/edital-no-59-2023-de-01-de-setembro-de-2023-2;https://www-cdn.mpf.mp.br/o-mpf/unidades/pr-pr/estagio/2023/documentos-2-processo-seletivo-2023/edital-no-59-2023-de-01-de-setembro-de-2023-2
File;http://svlp-plnptapp01.pgr.mpf.mp.br:8401/portal/pr/estagie-conosco/2023/documentos-2-processo-seletivo-2023/edital-no-60-2023-de-11-de-setembro-de-2023;https://www-cdn.mpf.mp.br/o-mpf/unidades/pr-pr/estagio/2023/documentos-2-processo-seletivo-2023/edital-no-60-2023-de-11-de-setembro-de-2023
File;http://svlp-plnptapp01.pgr.mpf.mp.br:8401/portal/pr/estagie-conosco/2023/documentos-2-processo-seletivo-2023/termo-de-autodeclaracao-candidatos-negros-anexo-ii;https://www-cdn.mpf.mp.br/o-mpf/unidades/pr-pr/estagio/2023/documentos-2-processo-seletivo-2023/termo-de-autodeclaracao-candidatos-negros-anexo-ii
File;http://svlp-plnptapp01.pgr.mpf.mp.br:8401/portal/pr/estagie-conosco/2023/documentos-2-processo-seletivo-2023/termo-de-autodeclaracao-minorias-etnico-raciais-anexo-iii;https://www-cdn.mpf.mp.br/o-mpf/unidades/pr-pr/estagio/2023/documentos-2-processo-seletivo-2023/termo-de-autodeclaracao-minorias-etnico-raciais-anexo-iii
File;http://svlp-plnptapp01.pgr.mpf.mp.br:8401/portal/pr/estagie-conosco/2023/documentos-2-processo-seletivo-2023/termo-de-consentimento-para-tratamento-de-dados-anexo-vii;https://www-cdn.mpf.mp.br/o-mpf/unidades/pr-pr/estagio/2023/documentos-2-processo-seletivo-2023/termo-de-consentimento-para-tratamento-de-dados-anexo-vii
File;http://svlp-plnptapp01.pgr.mpf.mp.br:8401/portal/pr/estagie-conosco/2023/documentos/anexo-i-ficha-de-inscricao-editavel;https://www-cdn.mpf.mp.br/o-mpf/unidades/pr-pr/estagio/2023/documentos/anexo-i-ficha-de-inscricao-editavel
File;http://svlp-plnptapp01.pgr.mpf.mp.br:8401/portal/pr/estagie-conosco/2023/documentos/anexo-vii-termo-de-de-consentimento-para-tratamento-de-dados-inscricao-em-processo-seletivo;https://www-cdn.mpf.mp.br/o-mpf/unidades/pr-pr/estagio/2023/documentos/anexo-vii-termo-de-de-consentimento-para-tratamento-de-dados-inscricao-em-processo-seletivo
File;http://svlp-plnptapp01.pgr.mpf.mp.br:8401/portal/pr/estagie-conosco/2023/documentos/comunicado-convite-as-universidades;https://www-cdn.mpf.mp.br/o-mpf/unidades/pr-pr/estagio/2023/documentos/comunicado-convite-as-universidades
File;http://svlp-plnptapp01.pgr.mpf.mp.br:8401/portal/pr/estagie-conosco/2023/documentos/edital-no-10-de-1o-de-marco-de-2023;https://www-cdn.mpf.mp.br/o-mpf/unidades/pr-pr/estagio/2023/documentos/edital-no-10-de-1o-de-marco-de-2023
File;http://svlp-plnptapp01.pgr.mpf.mp.br:8401/portal/pr/estagie-conosco/2023/documentos/edital-no-11-de-9-de-marco-de-2023;https://www-cdn.mpf.mp.br/o-mpf/unidades/pr-pr/estagio/2023/documentos/edital-no-11-de-9-de-marco-de-2023
File;http://svlp-plnptapp01.pgr.mpf.mp.br:8401/portal/pr/estagie-conosco/2023/documentos/edital-no-13-de-10-de-marco-de-2023;https://www-cdn.mpf.mp.br/o-mpf/unidades/pr-pr/estagio/2023/documentos/edital-no-13-de-10-de-marco-de-2023
File;http://svlp-plnptapp01.pgr.mpf.mp.br:8401/portal/pr/estagie-conosco/2023/documentos/edital-no-15-de-15-de-marco-de-2023;https://www-cdn.mpf.mp.br/o-mpf/unidades/pr-pr/estagio/2023/documentos/edital-no-15-de-15-de-marco-de-2023
File;http://svlp-plnptapp01.pgr.mpf.mp.br:8401/portal/pr/estagie-conosco/2023/documentos/edital-no-17-de-20-de-marco-de-2023;https://www-cdn.mpf.mp.br/o-mpf/unidades/pr-pr/estagio/2023/documentos/edital-no-17-de-20-de-marco-de-2023
File;http://svlp-plnptapp01.pgr.mpf.mp.br:8401/portal/pr/estagie-conosco/2023/documentos/edital-no-17-de-20-de-marco-de-2023-2;https://www-cdn.mpf.mp.br/o-mpf/unidades/pr-pr/estagio/2023/documentos/edital-no-17-de-20-de-marco-de-2023-2
File;http://svlp-plnptapp01.pgr.mpf.mp.br:8401/portal/pr/estagie-conosco/2023/documentos/edital-no-18-de-23-de-marco-de-2023;https://www-cdn.mpf.mp.br/o-mpf/unidades/pr-pr/estagio/2023/documentos/edital-no-18-de-23-de-marco-de-2023
File;http://svlp-plnptapp01.pgr.mpf.mp.br:8401/portal/pr/estagie-conosco/2023/documentos/edital-no-20-de-30-de-marco-de-2023;https://www-cdn.mpf.mp.br/o-mpf/unidades/pr-pr/estagio/2023/documentos/edital-no-20-de-30-de-marco-de-2023
File;http://svlp-plnptapp01.pgr.mpf.mp.br:8401/portal/pr/estagie-conosco/2023/documentos/edital-no-23-de-13-de-abril-de-2023.pdf;https://www-cdn.mpf.mp.br/o-mpf/unidades/pr-pr/estagio/2023/documentos/edital-no-23-de-13-de-abril-de-2023.pdf
File;http://svlp-plnptapp01.pgr.mpf.mp.br:8401/portal/pr/estagie-conosco/2023/documentos/edital-no-26-de-17-de-abril-de-2023.pdf;https://www-cdn.mpf.mp.br/o-mpf/unidades/pr-pr/estagio/2023/documentos/edital-no-26-de-17-de-abril-de-2023.pdf
File;http://svlp-plnptapp01.pgr.mpf.mp.br:8401/portal/pr/estagie-conosco/2023/documentos/edital-no-27-de-20-de-abril-de-2023.pdf;https://www-cdn.mpf.mp.br/o-mpf/unidades/pr-pr/estagio/2023/documentos/edital-no-27-de-20-de-abril-de-2023.pdf
File;http://svlp-plnptapp01.pgr.mpf.mp.br:8401/portal/pr/estagie-conosco/2023/documentos/edital-no-33-de-09-de-maio-de-2023;https://www-cdn.mpf.mp.br/o-mpf/unidades/pr-pr/estagio/2023/documentos/edital-no-33-de-09-de-maio-de-2023
File;http://svlp-plnptapp01.pgr.mpf.mp.br:8401/portal/pr/estagie-conosco/2023/documentos/edital-no-38-de-25-de-maio-de-2023;https://www-cdn.mpf.mp.br/o-mpf/unidades/pr-pr/estagio/2023/documentos/edital-no-38-de-25-de-maio-de-2023
File;http://svlp-plnptapp01.pgr.mpf.mp.br:8401/portal/pr/estagie-conosco/2023/documentos/edital-no-4-de-15-de-fevereiro-de-2023-novo2;https://www-cdn.mpf.mp.br/o-mpf/unidades/pr-pr/estagio/2023/documentos/edital-no-4-de-15-de-fevereiro-de-2023-novo2
File;http://svlp-plnptapp01.pgr.mpf.mp.br:8401/portal/pr/estagie-conosco/2023/documentos/edital-no-4-de-15-de-fevereiro-de-2023-novo2-1;https://www-cdn.mpf.mp.br/o-mpf/unidades/pr-pr/estagio/2023/documentos/edital-no-4-de-15-de-fevereiro-de-2023-novo2-1
File;http://svlp-plnptapp01.pgr.mpf.mp.br:8401/portal/pr/estagie-conosco/2023/documentos/edital-no-62-de-27-de-setembro-de-2023;https://www-cdn.mpf.mp.br/o-mpf/unidades/pr-pr/estagio/2023/documentos/edital-no-62-de-27-de-setembro-de-2023
File;http://svlp-plnptapp01.pgr.mpf.mp.br:8401/portal/pr/estagie-conosco/2023/documentos/edital-no-7-de-23-de-fevereiro-de-2023;https://www-cdn.mpf.mp.br/o-mpf/unidades/pr-pr/estagio/2023/documentos/edital-no-7-de-23-de-fevereiro-de-2023
File;http://svlp-plnptapp01.pgr.mpf.mp.br:8401/portal/pr/estagie-conosco/2023/documentos/formulario-editavel-recurso;https://www-cdn.mpf.mp.br/o-mpf/unidades/pr-pr/estagio/2023/documentos/formulario-editavel-recurso
File;http://svlp-plnptapp01.pgr.mpf.mp.br:8401/portal/pr/estagie-conosco/2023/edital-n-35-de-17-de-maio-de-2023;https://www-cdn.mpf.mp.br/o-mpf/unidades/pr-pr/estagio/2023/edital-n-35-de-17-de-maio-de-2023
Document;http://svlp-plnptapp01.pgr.mpf.mp.br:8401/portal/pr/estagie-conosco/2023/processos-seletivos;https://www-cdn.mpf.mp.br/o-mpf/unidades/pr-pr/estagio/2023/processos-seletivos
Folder;http://svlp-plnptapp01.pgr.mpf.mp.br:8401/portal/pr/estagie-conosco/2024;https://www-cdn.mpf.mp.br/o-mpf/unidades/pr-pr/estagio/2024
File;http://svlp-plnptapp01.pgr.mpf.mp.br:8401/portal/pr/estagie-conosco/2024/2deg-processo-seletivo-de-estagiarios-de-2024/edital-18-12-de-julho-de-2024;https://www-cdn.mpf.mp.br/o-mpf/unidades/pr-pr/estagio/2024/2deg-processo-seletivo-de-estagiarios-de-2024/edital-18-12-de-julho-de-2024
File;http://svlp-plnptapp01.pgr.mpf.mp.br:8401/portal/pr/estagie-conosco/2024/2deg-processo-seletivo-de-estagiarios-de-2024/edital-24-de-16-de-julho-de-2024.pdf;https://www-cdn.mpf.mp.br/o-mpf/unidades/pr-pr/estagio/2024/2deg-processo-seletivo-de-estagiarios-de-2024/edital-24-de-16-de-julho-de-2024.pdf
Document;http://svlp-plnptapp01.pgr.mpf.mp.br:8401/portal/pr/estagie-conosco/2024/2deg-processo-seletivo-de-estagio-de-2024;https://www-cdn.mpf.mp.br/o-mpf/unidades/pr-pr/estagio/2024/2deg-processo-seletivo-de-estagio-de-2024
Link;http://svlp-plnptapp01.pgr.mpf.mp.br:8401/portal/pr/estagie-conosco/2024/2o-processo-seletivo-de-2024;https://www-cdn.mpf.mp.br/o-mpf/unidades/pr-pr/estagio/2024/2o-processo-seletivo-de-2024
File;http://svlp-plnptapp01.pgr.mpf.mp.br:8401/portal/pr/estagie-conosco/2024/anexo-iv-declaracao-pessoa-com-deficiencia-1.docx;https://www-cdn.mpf.mp.br/o-mpf/unidades/pr-pr/estagio/2024/anexo-iv-declaracao-pessoa-com-deficiencia-1.docx
Document;http://svlp-plnptapp01.pgr.mpf.mp.br:8401/portal/pr/estagie-conosco/2024/copy_of_nao-ha;https://www-cdn.mpf.mp.br/o-mpf/unidades/pr-pr/estagio/2024/copy_of_nao-ha
File;http://svlp-plnptapp01.pgr.mpf.mp.br:8401/portal/pr/estagie-conosco/2024/document-2.pdf;https://www-cdn.mpf.mp.br/o-mpf/unidades/pr-pr/estagio/2024/document-2.pdf
File;http://svlp-plnptapp01.pgr.mpf.mp.br:8401/portal/pr/estagie-conosco/2024/documentos/chamada-as-universidades-1-2024;https://www-cdn.mpf.mp.br/o-mpf/unidades/pr-pr/estagio/2024/documentos/chamada-as-universidades-1-2024
File;http://svlp-plnptapp01.pgr.mpf.mp.br:8401/portal/pr/estagie-conosco/2024/edital-10.pdf;https://www-cdn.mpf.mp.br/o-mpf/unidades/pr-pr/estagio/2024/edital-10.pdf
File;http://svlp-plnptapp01.pgr.mpf.mp.br:8401/portal/pr/estagie-conosco/2024/edital-11.pdf;https://www-cdn.mpf.mp.br/o-mpf/unidades/pr-pr/estagio/2024/edital-11.pdf
File;http://svlp-plnptapp01.pgr.mpf.mp.br:8401/portal/pr/estagie-conosco/2024/edital-12.pdf;https://www-cdn.mpf.mp.br/o-mpf/unidades/pr-pr/estagio/2024/edital-12.pdf
File;http://svlp-plnptapp01.pgr.mpf.mp.br:8401/portal/pr/estagie-conosco/2024/edital-13.pdf;https://www-cdn.mpf.mp.br/o-mpf/unidades/pr-pr/estagio/2024/edital-13.pdf
File;http://svlp-plnptapp01.pgr.mpf.mp.br:8401/portal/pr/estagie-conosco/2024/edital-14.pdf;https://www-cdn.mpf.mp.br/o-mpf/unidades/pr-pr/estagio/2024/edital-14.pdf
File;http://svlp-plnptapp01.pgr.mpf.mp.br:8401/portal/pr/estagie-conosco/2024/edital-18.pdf;https://www-cdn.mpf.mp.br/o-mpf/unidades/pr-pr/estagio/2024/edital-18.pdf
File;http://svlp-plnptapp01.pgr.mpf.mp.br:8401/portal/pr/estagie-conosco/2024/edital-7.pdf;https://www-cdn.mpf.mp.br/o-mpf/unidades/pr-pr/estagio/2024/edital-7.pdf
File;http://svlp-plnptapp01.pgr.mpf.mp.br:8401/portal/pr/estagie-conosco/2024/edital-de-abertura-2024-completo-com-anexo.pdf;https://www-cdn.mpf.mp.br/o-mpf/unidades/pr-pr/estagio/2024/edital-de-abertura-2024-completo-com-anexo.pdf
File;http://svlp-plnptapp01.pgr.mpf.mp.br:8401/portal/pr/estagie-conosco/2024/edital-de-convocacao-heteroidentificacao.pdf;https://www-cdn.mpf.mp.br/o-mpf/unidades/pr-pr/estagio/2024/edital-de-convocacao-heteroidentificacao.pdf
File;http://svlp-plnptapp01.pgr.mpf.mp.br:8401/portal/pr/estagie-conosco/2024/edital-de-retificacao-1.pdf;https://www-cdn.mpf.mp.br/o-mpf/unidades/pr-pr/estagio/2024/edital-de-retificacao-1.pdf
File;http://svlp-plnptapp01.pgr.mpf.mp.br:8401/portal/pr/estagie-conosco/2024/edital-de-retificacao-9.pdf;https://www-cdn.mpf.mp.br/o-mpf/unidades/pr-pr/estagio/2024/edital-de-retificacao-9.pdf
File;http://svlp-plnptapp01.pgr.mpf.mp.br:8401/portal/pr/estagie-conosco/2024/edital-de-retificacao.pdf;https://www-cdn.mpf.mp.br/o-mpf/unidades/pr-pr/estagio/2024/edital-de-retificacao.pdf
File;http://svlp-plnptapp01.pgr.mpf.mp.br:8401/portal/pr/estagie-conosco/2024/pr-pr-00047762-2024.pdf;https://www-cdn.mpf.mp.br/o-mpf/unidades/pr-pr/estagio/2024/pr-pr-00047762-2024.pdf
Document;http://svlp-plnptapp01.pgr.mpf.mp.br:8401/portal/pr/estagie-conosco/2024/processos-seletivos;https://www-cdn.mpf.mp.br/o-mpf/unidades/pr-pr/estagio/2024/processos-seletivos
Document;http://svlp-plnptapp01.pgr.mpf.mp.br:8401/portal/pr/estagie-conosco/apresentacao;https://www-cdn.mpf.mp.br/o-mpf/unidades/pr-pr/estagio/apresentacao
Publicacao;http://svlp-plnptapp01.pgr.mpf.mp.br:8401/portal/pr/estagie-conosco/aviso-prazo-para-validacao-da-plataforma-moodle-27-08;https://www-cdn.mpf.mp.br/o-mpf/unidades/pr-pr/estagio/aviso-prazo-para-validacao-da-plataforma-moodle-27-08
File;http://svlp-plnptapp01.pgr.mpf.mp.br:8401/portal/pr/estagie-conosco/banner-conheca-nosso-estagio;https://www-cdn.mpf.mp.br/o-mpf/unidades/pr-pr/estagio/banner-conheca-nosso-estagio
File;http://svlp-plnptapp01.pgr.mpf.mp.br:8401/portal/pr/estagie-conosco/editais/anulacao-e-reaplicacao-da-prova-de-comunicacao;https://www-cdn.mpf.mp.br/o-mpf/unidades/pr-pr/estagio/editais/anulacao-e-reaplicacao-da-prova-de-comunicacao
File;http://svlp-plnptapp01.pgr.mpf.mp.br:8401/portal/pr/estagie-conosco/editais/comunicado-de-13-de-marco-de-2020;https://www-cdn.mpf.mp.br/o-mpf/unidades/pr-pr/estagio/editais/comunicado-de-13-de-marco-de-2020
File;http://svlp-plnptapp01.pgr.mpf.mp.br:8401/portal/pr/estagie-conosco/editais/comunicado-de-convite-as-universidades;https://www-cdn.mpf.mp.br/o-mpf/unidades/pr-pr/estagio/editais/comunicado-de-convite-as-universidades
File;http://svlp-plnptapp01.pgr.mpf.mp.br:8401/portal/pr/estagie-conosco/editais/comunicado-de-convite-as-universidades-1;https://www-cdn.mpf.mp.br/o-mpf/unidades/pr-pr/estagio/editais/comunicado-de-convite-as-universidades-1
File;http://svlp-plnptapp01.pgr.mpf.mp.br:8401/portal/pr/estagie-conosco/editais/edital-18-12-de-julho-de-2024-1;https://www-cdn.mpf.mp.br/o-mpf/unidades/pr-pr/estagio/editais/edital-18-12-de-julho-de-2024-1
File;http://svlp-plnptapp01.pgr.mpf.mp.br:8401/portal/pr/estagie-conosco/editais/edital-no-18-de-28-de-maio-de-2021;https://www-cdn.mpf.mp.br/o-mpf/unidades/pr-pr/estagio/editais/edital-no-18-de-28-de-maio-de-2021
File;http://svlp-plnptapp01.pgr.mpf.mp.br:8401/portal/pr/estagie-conosco/editais/edital-no-4-de-2-de-marco-de-2020;https://www-cdn.mpf.mp.br/o-mpf/unidades/pr-pr/estagio/editais/edital-no-4-de-2-de-marco-de-2020
File;http://svlp-plnptapp01.pgr.mpf.mp.br:8401/portal/pr/estagie-conosco/editais/edital-no-42-de-20-de-agosto-de-2021;https://www-cdn.mpf.mp.br/o-mpf/unidades/pr-pr/estagio/editais/edital-no-42-de-20-de-agosto-de-2021
File;http://svlp-plnptapp01.pgr.mpf.mp.br:8401/portal/pr/estagie-conosco/editais/edital-no-5-de-10-de-marco-de-2020;https://www-cdn.mpf.mp.br/o-mpf/unidades/pr-pr/estagio/editais/edital-no-5-de-10-de-marco-de-2020
File;http://svlp-plnptapp01.pgr.mpf.mp.br:8401/portal/pr/estagie-conosco/editais/formulario-de-recurso;https://www-cdn.mpf.mp.br/o-mpf/unidades/pr-pr/estagio/editais/formulario-de-recurso
File;http://svlp-plnptapp01.pgr.mpf.mp.br:8401/portal/pr/estagie-conosco/editais/prorrogacao-do-prazo-de-recurso;https://www-cdn.mpf.mp.br/o-mpf/unidades/pr-pr/estagio/editais/prorrogacao-do-prazo-de-recurso
Link;http://svlp-plnptapp01.pgr.mpf.mp.br:8401/portal/pr/estagie-conosco/estagie-conosco-1;https://www-cdn.mpf.mp.br/o-mpf/unidades/pr-pr/estagio/estagie-conosco-1
Folder;http://svlp-plnptapp01.pgr.mpf.mp.br:8401/portal/pr/estagie-conosco/home-admin;https://www-cdn.mpf.mp.br/o-mpf/unidades/pr-pr/estagio/home-admin
Folder;http://svlp-plnptapp01.pgr.mpf.mp.br:8401/portal/pr/estagie-conosco/home-admin/2024;https://www-cdn.mpf.mp.br/o-mpf/unidades/pr-pr/estagio/home-admin/2024
File;http://svlp-plnptapp01.pgr.mpf.mp.br:8401/portal/pr/estagie-conosco/home-admin/2024/DATA%20E%20HORARIO%20DA%20PROVA%20OBJETIVA%20ONLINE.pdf;https://www-cdn.mpf.mp.br/o-mpf/unidades/pr-pr/estagio/home-admin/2024/DATA E HORARIO DA PROVA OBJETIVA ONLINE.pdf
File;http://svlp-plnptapp01.pgr.mpf.mp.br:8401/portal/pr/estagie-conosco/home-admin/2024/aviso-no-dia-da-prova-gabarito-preliminar-recursos-da-prova-objetiva.pdf;https://www-cdn.mpf.mp.br/o-mpf/unidades/pr-pr/estagio/home-admin/2024/aviso-no-dia-da-prova-gabarito-preliminar-recursos-da-prova-objetiva.pdf
File;http://svlp-plnptapp01.pgr.mpf.mp.br:8401/portal/pr/estagie-conosco/home-admin/2024/aviso-retificacao-do-edital-de-resultado-preliminar.pdf;https://www-cdn.mpf.mp.br/o-mpf/unidades/pr-pr/estagio/home-admin/2024/aviso-retificacao-do-edital-de-resultado-preliminar.pdf
File;http://svlp-plnptapp01.pgr.mpf.mp.br:8401/portal/pr/estagie-conosco/home-admin/2024/candidatos-inscritos.pdf;https://www-cdn.mpf.mp.br/o-mpf/unidades/pr-pr/estagio/home-admin/2024/candidatos-inscritos.pdf
File;http://svlp-plnptapp01.pgr.mpf.mp.br:8401/portal/pr/estagie-conosco/home-admin/2024/edital-de-convocacao-de-heteroidentificacao.pdf;https://www-cdn.mpf.mp.br/o-mpf/unidades/pr-pr/estagio/home-admin/2024/edital-de-convocacao-de-heteroidentificacao.pdf
File;http://svlp-plnptapp01.pgr.mpf.mp.br:8401/portal/pr/estagie-conosco/home-admin/2024/edital-de-resultado-definitivo-procedimento-de-heteroidentificacao.pdf;https://www-cdn.mpf.mp.br/o-mpf/unidades/pr-pr/estagio/home-admin/2024/edital-de-resultado-definitivo-procedimento-de-heteroidentificacao.pdf
File;http://svlp-plnptapp01.pgr.mpf.mp.br:8401/portal/pr/estagie-conosco/home-admin/2024/edital-de-resultado-final.pdf;https://www-cdn.mpf.mp.br/o-mpf/unidades/pr-pr/estagio/home-admin/2024/edital-de-resultado-final.pdf
File;http://svlp-plnptapp01.pgr.mpf.mp.br:8401/portal/pr/estagie-conosco/home-admin/2024/edital-de-resultado-preliminar.pdf;https://www-cdn.mpf.mp.br/o-mpf/unidades/pr-pr/estagio/home-admin/2024/edital-de-resultado-preliminar.pdf
File;http://svlp-plnptapp01.pgr.mpf.mp.br:8401/portal/pr/estagie-conosco/home-admin/2024/edital-de-retificacao-2.pdf;https://www-cdn.mpf.mp.br/o-mpf/unidades/pr-pr/estagio/home-admin/2024/edital-de-retificacao-2.pdf
File;http://svlp-plnptapp01.pgr.mpf.mp.br:8401/portal/pr/estagie-conosco/home-admin/2024/edital-de-retificacao-do-resultado-preliminar.pdf;https://www-cdn.mpf.mp.br/o-mpf/unidades/pr-pr/estagio/home-admin/2024/edital-de-retificacao-do-resultado-preliminar.pdf
File;http://svlp-plnptapp01.pgr.mpf.mp.br:8401/portal/pr/estagie-conosco/home-admin/2024/editalderesultadopreliminardasentrevistas.pdf;https://www-cdn.mpf.mp.br/o-mpf/unidades/pr-pr/estagio/home-admin/2024/editalderesultadopreliminardasentrevistas.pdf
File;http://svlp-plnptapp01.pgr.mpf.mp.br:8401/portal/pr/estagie-conosco/home-admin/2024/pdfsam_merge.pdf;https://www-cdn.mpf.mp.br/o-mpf/unidades/pr-pr/estagio/home-admin/2024/pdfsam_merge.pdf
Folder;http://svlp-plnptapp01.pgr.mpf.mp.br:8401/portal/pr/estagie-conosco/home-admin/2025;https://www-cdn.mpf.mp.br/o-mpf/unidades/pr-pr/estagio/home-admin/2025
File;http://svlp-plnptapp01.pgr.mpf.mp.br:8401/portal/pr/estagie-conosco/home-admin/2025/2o-ps-2025-banca-medica-resultado-preliminar-xlsx.pdf;https://www-cdn.mpf.mp.br/o-mpf/unidades/pr-pr/estagio/home-admin/2025/2o-ps-2025-banca-medica-resultado-preliminar-xlsx.pdf
File;http://svlp-plnptapp01.pgr.mpf.mp.br:8401/portal/pr/estagie-conosco/home-admin/2025/aviso-aos-candidatos-validacao-2025-2;https://www-cdn.mpf.mp.br/o-mpf/unidades/pr-pr/estagio/home-admin/2025/aviso-aos-candidatos-validacao-2025-2
File;http://svlp-plnptapp01.pgr.mpf.mp.br:8401/portal/pr/estagie-conosco/home-admin/2025/comunicado-3-de-fevereiro-universidades;https://www-cdn.mpf.mp.br/o-mpf/unidades/pr-pr/estagio/home-admin/2025/comunicado-3-de-fevereiro-universidades
File;http://svlp-plnptapp01.pgr.mpf.mp.br:8401/portal/pr/estagie-conosco/home-admin/2025/comunicado-as-universidades.pdf;https://www-cdn.mpf.mp.br/o-mpf/unidades/pr-pr/estagio/home-admin/2025/comunicado-as-universidades.pdf
File;http://svlp-plnptapp01.pgr.mpf.mp.br:8401/portal/pr/estagie-conosco/home-admin/2025/convite-convenio-2025-2-2;https://www-cdn.mpf.mp.br/o-mpf/unidades/pr-pr/estagio/home-admin/2025/convite-convenio-2025-2-2
File;http://svlp-plnptapp01.pgr.mpf.mp.br:8401/portal/pr/estagie-conosco/home-admin/2025/data-e-horario-da-prova-objetiva-2025-2;https://www-cdn.mpf.mp.br/o-mpf/unidades/pr-pr/estagio/home-admin/2025/data-e-horario-da-prova-objetiva-2025-2
File;http://svlp-plnptapp01.pgr.mpf.mp.br:8401/portal/pr/estagie-conosco/home-admin/2025/data-e-horario-da-prova-objetiva-online.pdf;https://www-cdn.mpf.mp.br/o-mpf/unidades/pr-pr/estagio/home-admin/2025/data-e-horario-da-prova-objetiva-online.pdf
File;http://svlp-plnptapp01.pgr.mpf.mp.br:8401/portal/pr/estagie-conosco/home-admin/2025/document-49.pdf;https://www-cdn.mpf.mp.br/o-mpf/unidades/pr-pr/estagio/home-admin/2025/document-49.pdf
File;http://svlp-plnptapp01.pgr.mpf.mp.br:8401/portal/pr/estagie-conosco/home-admin/2025/document-80.pdf;https://www-cdn.mpf.mp.br/o-mpf/unidades/pr-pr/estagio/home-admin/2025/document-80.pdf
File;http://svlp-plnptapp01.pgr.mpf.mp.br:8401/portal/pr/estagie-conosco/home-admin/2025/edital-02-27-de-fevereiro-abertura;https://www-cdn.mpf.mp.br/o-mpf/unidades/pr-pr/estagio/home-admin/2025/edital-02-27-de-fevereiro-abertura
File;http://svlp-plnptapp01.pgr.mpf.mp.br:8401/portal/pr/estagie-conosco/home-admin/2025/edital-05-12-de-marco-retificacao;https://www-cdn.mpf.mp.br/o-mpf/unidades/pr-pr/estagio/home-admin/2025/edital-05-12-de-marco-retificacao
File;http://svlp-plnptapp01.pgr.mpf.mp.br:8401/portal/pr/estagie-conosco/home-admin/2025/edital-30.pdf;https://www-cdn.mpf.mp.br/o-mpf/unidades/pr-pr/estagio/home-admin/2025/edital-30.pdf
File;http://svlp-plnptapp01.pgr.mpf.mp.br:8401/portal/pr/estagie-conosco/home-admin/2025/edital-31.pdf;https://www-cdn.mpf.mp.br/o-mpf/unidades/pr-pr/estagio/home-admin/2025/edital-31.pdf
File;http://svlp-plnptapp01.pgr.mpf.mp.br:8401/portal/pr/estagie-conosco/home-admin/2025/edital-35-1-1.pdf;https://www-cdn.mpf.mp.br/o-mpf/unidades/pr-pr/estagio/home-admin/2025/edital-35-1-1.pdf
File;http://svlp-plnptapp01.pgr.mpf.mp.br:8401/portal/pr/estagie-conosco/home-admin/2025/edital-36-resultado-heteroidentificacao.pdf;https://www-cdn.mpf.mp.br/o-mpf/unidades/pr-pr/estagio/home-admin/2025/edital-36-resultado-heteroidentificacao.pdf
File;http://svlp-plnptapp01.pgr.mpf.mp.br:8401/portal/pr/estagie-conosco/home-admin/2025/edital-37.pdf;https://www-cdn.mpf.mp.br/o-mpf/unidades/pr-pr/estagio/home-admin/2025/edital-37.pdf
File;http://svlp-plnptapp01.pgr.mpf.mp.br:8401/portal/pr/estagie-conosco/home-admin/2025/edital-38.pdf;https://www-cdn.mpf.mp.br/o-mpf/unidades/pr-pr/estagio/home-admin/2025/edital-38.pdf
File;http://svlp-plnptapp01.pgr.mpf.mp.br:8401/portal/pr/estagie-conosco/home-admin/2025/edital-39-de-17-de-outubro.pdf;https://www-cdn.mpf.mp.br/o-mpf/unidades/pr-pr/estagio/home-admin/2025/edital-39-de-17-de-outubro.pdf
File;http://svlp-plnptapp01.pgr.mpf.mp.br:8401/portal/pr/estagie-conosco/home-admin/2025/edital-40.pdf;https://www-cdn.mpf.mp.br/o-mpf/unidades/pr-pr/estagio/home-admin/2025/edital-40.pdf
File;http://svlp-plnptapp01.pgr.mpf.mp.br:8401/portal/pr/estagie-conosco/home-admin/2025/edital-42-prorrogacao.pdf;https://www-cdn.mpf.mp.br/o-mpf/unidades/pr-pr/estagio/home-admin/2025/edital-42-prorrogacao.pdf
File;http://svlp-plnptapp01.pgr.mpf.mp.br:8401/portal/pr/estagie-conosco/home-admin/2025/edital-8-convocacao.pdf;https://www-cdn.mpf.mp.br/o-mpf/unidades/pr-pr/estagio/home-admin/2025/edital-8-convocacao.pdf
File;http://svlp-plnptapp01.pgr.mpf.mp.br:8401/portal/pr/estagie-conosco/home-admin/2025/edital-de-abertura-2025-2.pdf;https://www-cdn.mpf.mp.br/o-mpf/unidades/pr-pr/estagio/home-admin/2025/edital-de-abertura-2025-2.pdf
File;http://svlp-plnptapp01.pgr.mpf.mp.br:8401/portal/pr/estagie-conosco/home-admin/2025/edital-de-prorrogacao-2024-2.pdf;https://www-cdn.mpf.mp.br/o-mpf/unidades/pr-pr/estagio/home-admin/2025/edital-de-prorrogacao-2024-2.pdf
File;http://svlp-plnptapp01.pgr.mpf.mp.br:8401/portal/pr/estagie-conosco/home-admin/2025/edital-de-retificacao-do-edital-de-abertura.pdf;https://www-cdn.mpf.mp.br/o-mpf/unidades/pr-pr/estagio/home-admin/2025/edital-de-retificacao-do-edital-de-abertura.pdf
File;http://svlp-plnptapp01.pgr.mpf.mp.br:8401/portal/pr/estagie-conosco/home-admin/2025/edital-de-retificacao.pdf;https://www-cdn.mpf.mp.br/o-mpf/unidades/pr-pr/estagio/home-admin/2025/edital-de-retificacao.pdf
File;http://svlp-plnptapp01.pgr.mpf.mp.br:8401/portal/pr/estagie-conosco/home-admin/2025/edital-no-16-retificacao;https://www-cdn.mpf.mp.br/o-mpf/unidades/pr-pr/estagio/home-admin/2025/edital-no-16-retificacao
File;http://svlp-plnptapp01.pgr.mpf.mp.br:8401/portal/pr/estagie-conosco/home-admin/2025/edital-no-20-resultado-da-banca-de-heteroidentificacao;https://www-cdn.mpf.mp.br/o-mpf/unidades/pr-pr/estagio/home-admin/2025/edital-no-20-resultado-da-banca-de-heteroidentificacao
File;http://svlp-plnptapp01.pgr.mpf.mp.br:8401/portal/pr/estagie-conosco/home-admin/2025/edital-resultado-final-para-publicacao.pdf;https://www-cdn.mpf.mp.br/o-mpf/unidades/pr-pr/estagio/home-admin/2025/edital-resultado-final-para-publicacao.pdf
File;http://svlp-plnptapp01.pgr.mpf.mp.br:8401/portal/pr/estagie-conosco/home-admin/2025/inscritos-2025.pdf;https://www-cdn.mpf.mp.br/o-mpf/unidades/pr-pr/estagio/home-admin/2025/inscritos-2025.pdf
File;http://svlp-plnptapp01.pgr.mpf.mp.br:8401/portal/pr/estagie-conosco/home-admin/2025/modelo-de-aviso-para-publicacao-acesso-ao-ambiente-de-prova.pdf;https://www-cdn.mpf.mp.br/o-mpf/unidades/pr-pr/estagio/home-admin/2025/modelo-de-aviso-para-publicacao-acesso-ao-ambiente-de-prova.pdf
File;http://svlp-plnptapp01.pgr.mpf.mp.br:8401/portal/pr/estagie-conosco/home-admin/2025/pr-pr-00022590-2025.pdf;https://www-cdn.mpf.mp.br/o-mpf/unidades/pr-pr/estagio/home-admin/2025/pr-pr-00022590-2025.pdf
File;http://svlp-plnptapp01.pgr.mpf.mp.br:8401/portal/pr/estagie-conosco/home-admin/2025/pr-pr-00089121-2025.pdf;https://www-cdn.mpf.mp.br/o-mpf/unidades/pr-pr/estagio/home-admin/2025/pr-pr-00089121-2025.pdf
File;http://svlp-plnptapp01.pgr.mpf.mp.br:8401/portal/pr/estagie-conosco/home-admin/2025/relacao-candidatos-processo-seletivo.pdf;https://www-cdn.mpf.mp.br/o-mpf/unidades/pr-pr/estagio/home-admin/2025/relacao-candidatos-processo-seletivo.pdf
File;http://svlp-plnptapp01.pgr.mpf.mp.br:8401/portal/pr/estagie-conosco/home-admin/2025/relacao-de-inscritos-2-processo-de-2025;https://www-cdn.mpf.mp.br/o-mpf/unidades/pr-pr/estagio/home-admin/2025/relacao-de-inscritos-2-processo-de-2025
File;http://svlp-plnptapp01.pgr.mpf.mp.br:8401/portal/pr/estagie-conosco/home-admin/2025/relacao-de-inscritos.pdf;https://www-cdn.mpf.mp.br/o-mpf/unidades/pr-pr/estagio/home-admin/2025/relacao-de-inscritos.pdf
File;http://svlp-plnptapp01.pgr.mpf.mp.br:8401/portal/pr/estagie-conosco/home-admin/2025/relacao-dos-candidatos-inscritos-2-2025-1;https://www-cdn.mpf.mp.br/o-mpf/unidades/pr-pr/estagio/home-admin/2025/relacao-dos-candidatos-inscritos-2-2025-1
File;http://svlp-plnptapp01.pgr.mpf.mp.br:8401/portal/pr/estagie-conosco/home-admin/2025/resultado-banca-medica-1.pdf;https://www-cdn.mpf.mp.br/o-mpf/unidades/pr-pr/estagio/home-admin/2025/resultado-banca-medica-1.pdf
File;http://svlp-plnptapp01.pgr.mpf.mp.br:8401/portal/pr/estagie-conosco/home-admin/2025/resultado-banca-medica.pdf;https://www-cdn.mpf.mp.br/o-mpf/unidades/pr-pr/estagio/home-admin/2025/resultado-banca-medica.pdf
File;http://svlp-plnptapp01.pgr.mpf.mp.br:8401/portal/pr/estagie-conosco/home-admin/2025/resultado-preliminar-de-notas.pdf;https://www-cdn.mpf.mp.br/o-mpf/unidades/pr-pr/estagio/home-admin/2025/resultado-preliminar-de-notas.pdf
File;http://svlp-plnptapp01.pgr.mpf.mp.br:8401/portal/pr/estagie-conosco/home-admin/2026/comunicado-2026.pdf;https://www-cdn.mpf.mp.br/o-mpf/unidades/pr-pr/estagio/home-admin/2026/comunicado-2026.pdf
Folder;http://svlp-plnptapp01.pgr.mpf.mp.br:8401/portal/pr/estagie-conosco/home-admin/em-andamento;https://www-cdn.mpf.mp.br/o-mpf/unidades/pr-pr/estagio/home-admin/em-andamento
Document;http://svlp-plnptapp01.pgr.mpf.mp.br:8401/portal/pr/estagie-conosco/home-admin/em-andamento/1o-processo-seletivo-de-estagio-de-2025;https://www-cdn.mpf.mp.br/o-mpf/unidades/pr-pr/estagio/home-admin/em-andamento/1o-processo-seletivo-de-estagio-de-2025
Document;http://svlp-plnptapp01.pgr.mpf.mp.br:8401/portal/pr/estagie-conosco/home-admin/em-andamento/2-o-processo-seletivo-de-estagiarios-de-2025;https://www-cdn.mpf.mp.br/o-mpf/unidades/pr-pr/estagio/home-admin/em-andamento/2-o-processo-seletivo-de-estagiarios-de-2025
Document;http://svlp-plnptapp01.pgr.mpf.mp.br:8401/portal/pr/estagie-conosco/home-admin/inscricoes-abertas/1o-processo-seletivo-de-estagiarios-de-2026;https://www-cdn.mpf.mp.br/o-mpf/unidades/pr-pr/estagio/home-admin/inscricoes-abertas/1o-processo-seletivo-de-estagiarios-de-2026
