Folder;http://svlp-plnptapp01.pgr.mpf.mp.br:8401/portal/regiao6/estagie-conosco;https://www-cdn.mpf.mp.br/o-mpf/unidades/prr6/estagio/
Folder;http://svlp-plnptapp01.pgr.mpf.mp.br:8401/portal/regiao6/estagie-conosco/2023;https://www-cdn.mpf.mp.br/o-mpf/unidades/prr6/estagio/2023
Folder;http://svlp-plnptapp01.pgr.mpf.mp.br:8401/portal/regiao6/estagie-conosco/2023/editais-graduacao;https://www-cdn.mpf.mp.br/o-mpf/unidades/prr6/estagio/2023/editais-graduacao
File;http://svlp-plnptapp01.pgr.mpf.mp.br:8401/portal/regiao6/estagie-conosco/2023/editais-graduacao/Edital16.2023.pdf;https://www-cdn.mpf.mp.br/o-mpf/unidades/prr6/estagio/2023/editais-graduacao/Edital16.2023.pdf
File;http://svlp-plnptapp01.pgr.mpf.mp.br:8401/portal/regiao6/estagie-conosco/2023/editais-graduacao/edital-11-2023.pdf;https://www-cdn.mpf.mp.br/o-mpf/unidades/prr6/estagio/2023/editais-graduacao/edital-11-2023.pdf
File;http://svlp-plnptapp01.pgr.mpf.mp.br:8401/portal/regiao6/estagie-conosco/2023/editais-graduacao/edital-14-2023;https://www-cdn.mpf.mp.br/o-mpf/unidades/prr6/estagio/2023/editais-graduacao/edital-14-2023
File;http://svlp-plnptapp01.pgr.mpf.mp.br:8401/portal/regiao6/estagie-conosco/2023/editais-graduacao/edital-17-2023.pdf;https://www-cdn.mpf.mp.br/o-mpf/unidades/prr6/estagio/2023/editais-graduacao/edital-17-2023.pdf
File;http://svlp-plnptapp01.pgr.mpf.mp.br:8401/portal/regiao6/estagie-conosco/2023/editais-graduacao/edital-18-2023.pdf;https://www-cdn.mpf.mp.br/o-mpf/unidades/prr6/estagio/2023/editais-graduacao/edital-18-2023.pdf
File;http://svlp-plnptapp01.pgr.mpf.mp.br:8401/portal/regiao6/estagie-conosco/2023/editais-graduacao/edital-2-2023-pos-varg.pdf;https://www-cdn.mpf.mp.br/o-mpf/unidades/prr6/estagio/2023/editais-graduacao/edital-2-2023-pos-varg.pdf
File;http://svlp-plnptapp01.pgr.mpf.mp.br:8401/portal/regiao6/estagie-conosco/2023/editais-graduacao/edital-20-2023-gabaritos-preliminares-de-direito_graduacao-e-pos-graduacao.pdf;https://www-cdn.mpf.mp.br/o-mpf/unidades/prr6/estagio/2023/editais-graduacao/edital-20-2023-gabaritos-preliminares-de-direito_graduacao-e-pos-graduacao.pdf
File;http://svlp-plnptapp01.pgr.mpf.mp.br:8401/portal/regiao6/estagie-conosco/2023/editais-graduacao/edital-23-2023-prorrogacao-de-interposicao-de-recurso;https://www-cdn.mpf.mp.br/o-mpf/unidades/prr6/estagio/2023/editais-graduacao/edital-23-2023-prorrogacao-de-interposicao-de-recurso
File;http://svlp-plnptapp01.pgr.mpf.mp.br:8401/portal/regiao6/estagie-conosco/2023/editais-graduacao/edital-24-2023-gabarito-definitivo_area-direito-graduacao.pdf;https://www-cdn.mpf.mp.br/o-mpf/unidades/prr6/estagio/2023/editais-graduacao/edital-24-2023-gabarito-definitivo_area-direito-graduacao.pdf
File;http://svlp-plnptapp01.pgr.mpf.mp.br:8401/portal/regiao6/estagie-conosco/2023/editais-graduacao/edital-27-2023-gabarito-definitivo_area-direito-pos-graduacao.pdf;https://www-cdn.mpf.mp.br/o-mpf/unidades/prr6/estagio/2023/editais-graduacao/edital-27-2023-gabarito-definitivo_area-direito-pos-graduacao.pdf
File;http://svlp-plnptapp01.pgr.mpf.mp.br:8401/portal/regiao6/estagie-conosco/2023/editais-graduacao/edital-29-2023-divulgacao-do-resultado-preliminar-prm-uberlandia;https://www-cdn.mpf.mp.br/o-mpf/unidades/prr6/estagio/2023/editais-graduacao/edital-29-2023-divulgacao-do-resultado-preliminar-prm-uberlandia
File;http://svlp-plnptapp01.pgr.mpf.mp.br:8401/portal/regiao6/estagie-conosco/2023/editais-graduacao/edital-30-2023-_resultado-final_area-graduacao-em-direito-uberlandia;https://www-cdn.mpf.mp.br/o-mpf/unidades/prr6/estagio/2023/editais-graduacao/edital-30-2023-_resultado-final_area-graduacao-em-direito-uberlandia
File;http://svlp-plnptapp01.pgr.mpf.mp.br:8401/portal/regiao6/estagie-conosco/2023/editais-graduacao/edital-31-2023-resultado-preliminar_uberaba.pdf;https://www-cdn.mpf.mp.br/o-mpf/unidades/prr6/estagio/2023/editais-graduacao/edital-31-2023-resultado-preliminar_uberaba.pdf
File;http://svlp-plnptapp01.pgr.mpf.mp.br:8401/portal/regiao6/estagie-conosco/2023/editais-graduacao/edital-32-2023resultado-prelimiar_area-graduacao-em-direito-sao-joao-del-rei.pdf;https://www-cdn.mpf.mp.br/o-mpf/unidades/prr6/estagio/2023/editais-graduacao/edital-32-2023resultado-prelimiar_area-graduacao-em-direito-sao-joao-del-rei.pdf
File;http://svlp-plnptapp01.pgr.mpf.mp.br:8401/portal/regiao6/estagie-conosco/2023/editais-graduacao/edital-33-2023-resultado-final_area-graduacao-em-direito-uberaba.pdf;https://www-cdn.mpf.mp.br/o-mpf/unidades/prr6/estagio/2023/editais-graduacao/edital-33-2023-resultado-final_area-graduacao-em-direito-uberaba.pdf
File;http://svlp-plnptapp01.pgr.mpf.mp.br:8401/portal/regiao6/estagie-conosco/2023/editais-graduacao/edital-36-2023-resultado-final_area-graduacao-em-direito-sao-joao-del-rei.pdf;https://www-cdn.mpf.mp.br/o-mpf/unidades/prr6/estagio/2023/editais-graduacao/edital-36-2023-resultado-final_area-graduacao-em-direito-sao-joao-del-rei.pdf
File;http://svlp-plnptapp01.pgr.mpf.mp.br:8401/portal/regiao6/estagie-conosco/2023/editais-graduacao/edital-37-2023.pdf;https://www-cdn.mpf.mp.br/o-mpf/unidades/prr6/estagio/2023/editais-graduacao/edital-37-2023.pdf
File;http://svlp-plnptapp01.pgr.mpf.mp.br:8401/portal/regiao6/estagie-conosco/2023/editais-graduacao/edital-38-2023.pdf;https://www-cdn.mpf.mp.br/o-mpf/unidades/prr6/estagio/2023/editais-graduacao/edital-38-2023.pdf
File;http://svlp-plnptapp01.pgr.mpf.mp.br:8401/portal/regiao6/estagie-conosco/2023/editais-graduacao/edital-39-2023.pdf;https://www-cdn.mpf.mp.br/o-mpf/unidades/prr6/estagio/2023/editais-graduacao/edital-39-2023.pdf
File;http://svlp-plnptapp01.pgr.mpf.mp.br:8401/portal/regiao6/estagie-conosco/2023/editais-graduacao/edital-4-2023.pdf;https://www-cdn.mpf.mp.br/o-mpf/unidades/prr6/estagio/2023/editais-graduacao/edital-4-2023.pdf
File;http://svlp-plnptapp01.pgr.mpf.mp.br:8401/portal/regiao6/estagie-conosco/2023/editais-graduacao/edital-40-2023.pdf;https://www-cdn.mpf.mp.br/o-mpf/unidades/prr6/estagio/2023/editais-graduacao/edital-40-2023.pdf
File;http://svlp-plnptapp01.pgr.mpf.mp.br:8401/portal/regiao6/estagie-conosco/2023/editais-graduacao/edital-41-2023.pdf;https://www-cdn.mpf.mp.br/o-mpf/unidades/prr6/estagio/2023/editais-graduacao/edital-41-2023.pdf
File;http://svlp-plnptapp01.pgr.mpf.mp.br:8401/portal/regiao6/estagie-conosco/2023/editais-graduacao/edital-42-2023.pdf;https://www-cdn.mpf.mp.br/o-mpf/unidades/prr6/estagio/2023/editais-graduacao/edital-42-2023.pdf
File;http://svlp-plnptapp01.pgr.mpf.mp.br:8401/portal/regiao6/estagie-conosco/2023/editais-graduacao/edital-43-2023.pdf;https://www-cdn.mpf.mp.br/o-mpf/unidades/prr6/estagio/2023/editais-graduacao/edital-43-2023.pdf
File;http://svlp-plnptapp01.pgr.mpf.mp.br:8401/portal/regiao6/estagie-conosco/2023/editais-graduacao/edital-44-2023-resultado-prelimiar_area-pos-graduacao-em-direito-divinopolis.pdf;https://www-cdn.mpf.mp.br/o-mpf/unidades/prr6/estagio/2023/editais-graduacao/edital-44-2023-resultado-prelimiar_area-pos-graduacao-em-direito-divinopolis.pdf
File;http://svlp-plnptapp01.pgr.mpf.mp.br:8401/portal/regiao6/estagie-conosco/2023/editais-graduacao/edital-44-2023.pdf;https://www-cdn.mpf.mp.br/o-mpf/unidades/prr6/estagio/2023/editais-graduacao/edital-44-2023.pdf
File;http://svlp-plnptapp01.pgr.mpf.mp.br:8401/portal/regiao6/estagie-conosco/2023/editais-graduacao/edital-45-2023.pdf;https://www-cdn.mpf.mp.br/o-mpf/unidades/prr6/estagio/2023/editais-graduacao/edital-45-2023.pdf
File;http://svlp-plnptapp01.pgr.mpf.mp.br:8401/portal/regiao6/estagie-conosco/2023/editais-graduacao/edital-46-2023.pdf;https://www-cdn.mpf.mp.br/o-mpf/unidades/prr6/estagio/2023/editais-graduacao/edital-46-2023.pdf
File;http://svlp-plnptapp01.pgr.mpf.mp.br:8401/portal/regiao6/estagie-conosco/2023/editais-graduacao/edital-47-2023.pdf;https://www-cdn.mpf.mp.br/o-mpf/unidades/prr6/estagio/2023/editais-graduacao/edital-47-2023.pdf
File;http://svlp-plnptapp01.pgr.mpf.mp.br:8401/portal/regiao6/estagie-conosco/2023/editais-graduacao/edital-48-2023.pdf;https://www-cdn.mpf.mp.br/o-mpf/unidades/prr6/estagio/2023/editais-graduacao/edital-48-2023.pdf
File;http://svlp-plnptapp01.pgr.mpf.mp.br:8401/portal/regiao6/estagie-conosco/2023/editais-graduacao/edital-49-2023.pdf;https://www-cdn.mpf.mp.br/o-mpf/unidades/prr6/estagio/2023/editais-graduacao/edital-49-2023.pdf
File;http://svlp-plnptapp01.pgr.mpf.mp.br:8401/portal/regiao6/estagie-conosco/2023/editais-graduacao/edital-5-2023.pdf;https://www-cdn.mpf.mp.br/o-mpf/unidades/prr6/estagio/2023/editais-graduacao/edital-5-2023.pdf
File;http://svlp-plnptapp01.pgr.mpf.mp.br:8401/portal/regiao6/estagie-conosco/2023/editais-graduacao/edital-51-2023.pdf;https://www-cdn.mpf.mp.br/o-mpf/unidades/prr6/estagio/2023/editais-graduacao/edital-51-2023.pdf
File;http://svlp-plnptapp01.pgr.mpf.mp.br:8401/portal/regiao6/estagie-conosco/2023/editais-graduacao/edital-52-2023.pdf;https://www-cdn.mpf.mp.br/o-mpf/unidades/prr6/estagio/2023/editais-graduacao/edital-52-2023.pdf
File;http://svlp-plnptapp01.pgr.mpf.mp.br:8401/portal/regiao6/estagie-conosco/2023/editais-graduacao/edital-53-2023.pdf;https://www-cdn.mpf.mp.br/o-mpf/unidades/prr6/estagio/2023/editais-graduacao/edital-53-2023.pdf
File;http://svlp-plnptapp01.pgr.mpf.mp.br:8401/portal/regiao6/estagie-conosco/2023/editais-graduacao/edital-54-2023.pdf;https://www-cdn.mpf.mp.br/o-mpf/unidades/prr6/estagio/2023/editais-graduacao/edital-54-2023.pdf
File;http://svlp-plnptapp01.pgr.mpf.mp.br:8401/portal/regiao6/estagie-conosco/2023/editais-graduacao/edital-55-2023.pdf;https://www-cdn.mpf.mp.br/o-mpf/unidades/prr6/estagio/2023/editais-graduacao/edital-55-2023.pdf
File;http://svlp-plnptapp01.pgr.mpf.mp.br:8401/portal/regiao6/estagie-conosco/2023/editais-graduacao/edital-56-2023.pdf;https://www-cdn.mpf.mp.br/o-mpf/unidades/prr6/estagio/2023/editais-graduacao/edital-56-2023.pdf
File;http://svlp-plnptapp01.pgr.mpf.mp.br:8401/portal/regiao6/estagie-conosco/2023/editais-graduacao/edital-57-2023.pdf;https://www-cdn.mpf.mp.br/o-mpf/unidades/prr6/estagio/2023/editais-graduacao/edital-57-2023.pdf
File;http://svlp-plnptapp01.pgr.mpf.mp.br:8401/portal/regiao6/estagie-conosco/2023/editais-graduacao/edital-57-2024.pdf;https://www-cdn.mpf.mp.br/o-mpf/unidades/prr6/estagio/2023/editais-graduacao/edital-57-2024.pdf
File;http://svlp-plnptapp01.pgr.mpf.mp.br:8401/portal/regiao6/estagie-conosco/2023/editais-graduacao/edital-58-2023.pdf;https://www-cdn.mpf.mp.br/o-mpf/unidades/prr6/estagio/2023/editais-graduacao/edital-58-2023.pdf
File;http://svlp-plnptapp01.pgr.mpf.mp.br:8401/portal/regiao6/estagie-conosco/2023/editais-graduacao/edital-59-2023.pdf;https://www-cdn.mpf.mp.br/o-mpf/unidades/prr6/estagio/2023/editais-graduacao/edital-59-2023.pdf
File;http://svlp-plnptapp01.pgr.mpf.mp.br:8401/portal/regiao6/estagie-conosco/2023/editais-graduacao/edital-60-2023.pdf;https://www-cdn.mpf.mp.br/o-mpf/unidades/prr6/estagio/2023/editais-graduacao/edital-60-2023.pdf
File;http://svlp-plnptapp01.pgr.mpf.mp.br:8401/portal/regiao6/estagie-conosco/2023/editais-graduacao/edital-61-2023.pdf;https://www-cdn.mpf.mp.br/o-mpf/unidades/prr6/estagio/2023/editais-graduacao/edital-61-2023.pdf
File;http://svlp-plnptapp01.pgr.mpf.mp.br:8401/portal/regiao6/estagie-conosco/2023/editais-graduacao/edital-62-2023.pdf;https://www-cdn.mpf.mp.br/o-mpf/unidades/prr6/estagio/2023/editais-graduacao/edital-62-2023.pdf
File;http://svlp-plnptapp01.pgr.mpf.mp.br:8401/portal/regiao6/estagie-conosco/2023/editais-graduacao/edital-8-2023.pdf;https://www-cdn.mpf.mp.br/o-mpf/unidades/prr6/estagio/2023/editais-graduacao/edital-8-2023.pdf
File;http://svlp-plnptapp01.pgr.mpf.mp.br:8401/portal/regiao6/estagie-conosco/2023/editais-graduacao/espelho_prova_discursiva-direito_graduacao.pdf;https://www-cdn.mpf.mp.br/o-mpf/unidades/prr6/estagio/2023/editais-graduacao/espelho_prova_discursiva-direito_graduacao.pdf
File;http://svlp-plnptapp01.pgr.mpf.mp.br:8401/portal/regiao6/estagie-conosco/2023/editais-graduacao/espelhos_prova_discursiva-direito_pos-graduacao;https://www-cdn.mpf.mp.br/o-mpf/unidades/prr6/estagio/2023/editais-graduacao/espelhos_prova_discursiva-direito_pos-graduacao
File;http://svlp-plnptapp01.pgr.mpf.mp.br:8401/portal/regiao6/estagie-conosco/2023/editais-graduacao/processo-seletivo-de-estagiarios-2023-prova-de-graduacao-em-direito-28-05-23.pdf;https://www-cdn.mpf.mp.br/o-mpf/unidades/prr6/estagio/2023/editais-graduacao/processo-seletivo-de-estagiarios-2023-prova-de-graduacao-em-direito-28-05-23.pdf
File;http://svlp-plnptapp01.pgr.mpf.mp.br:8401/portal/regiao6/estagie-conosco/2023/editais-graduacao/prova-de-pos-graduacao-em-direito-28-05.23;https://www-cdn.mpf.mp.br/o-mpf/unidades/prr6/estagio/2023/editais-graduacao/prova-de-pos-graduacao-em-direito-28-05.23
Folder;http://svlp-plnptapp01.pgr.mpf.mp.br:8401/portal/regiao6/estagie-conosco/2023/editais-pos-graduacao;https://www-cdn.mpf.mp.br/o-mpf/unidades/prr6/estagio/2023/editais-pos-graduacao
File;http://svlp-plnptapp01.pgr.mpf.mp.br:8401/portal/regiao6/estagie-conosco/2023/editais-pos-graduacao/edital-15-2023;https://www-cdn.mpf.mp.br/o-mpf/unidades/prr6/estagio/2023/editais-pos-graduacao/edital-15-2023
File;http://svlp-plnptapp01.pgr.mpf.mp.br:8401/portal/regiao6/estagie-conosco/2023/editais-pos-graduacao/edital-19-2023.pdf;https://www-cdn.mpf.mp.br/o-mpf/unidades/prr6/estagio/2023/editais-pos-graduacao/edital-19-2023.pdf
File;http://svlp-plnptapp01.pgr.mpf.mp.br:8401/portal/regiao6/estagie-conosco/2023/editais-pos-graduacao/edital-21-2023-gabarito-preliminar;https://www-cdn.mpf.mp.br/o-mpf/unidades/prr6/estagio/2023/editais-pos-graduacao/edital-21-2023-gabarito-preliminar
File;http://svlp-plnptapp01.pgr.mpf.mp.br:8401/portal/regiao6/estagie-conosco/2023/editais-pos-graduacao/edital-23-2023-prorrogacao-de-interposicao-de-recurso;https://www-cdn.mpf.mp.br/o-mpf/unidades/prr6/estagio/2023/editais-pos-graduacao/edital-23-2023-prorrogacao-de-interposicao-de-recurso
File;http://svlp-plnptapp01.pgr.mpf.mp.br:8401/portal/regiao6/estagie-conosco/2023/editais-pos-graduacao/edital-25-2023-gabaritos-definitivos_areas-administrativas.pdf;https://www-cdn.mpf.mp.br/o-mpf/unidades/prr6/estagio/2023/editais-pos-graduacao/edital-25-2023-gabaritos-definitivos_areas-administrativas.pdf
File;http://svlp-plnptapp01.pgr.mpf.mp.br:8401/portal/regiao6/estagie-conosco/2023/editais-pos-graduacao/edital-26-2023-resultado-preliminar_areas-administrativas.pdf;https://www-cdn.mpf.mp.br/o-mpf/unidades/prr6/estagio/2023/editais-pos-graduacao/edital-26-2023-resultado-preliminar_areas-administrativas.pdf
File;http://svlp-plnptapp01.pgr.mpf.mp.br:8401/portal/regiao6/estagie-conosco/2023/editais-pos-graduacao/edital-28-2023-homologacao-do-resultado-final_areas-administrativas.pdf;https://www-cdn.mpf.mp.br/o-mpf/unidades/prr6/estagio/2023/editais-pos-graduacao/edital-28-2023-homologacao-do-resultado-final_areas-administrativas.pdf
File;http://svlp-plnptapp01.pgr.mpf.mp.br:8401/portal/regiao6/estagie-conosco/2023/editais-pos-graduacao/edital-51-2024-prorrogacao-do-processo-seletivo-de-2023-na-area-de-graduacao-em-tecnologia-da-informacao.pdf;https://www-cdn.mpf.mp.br/o-mpf/unidades/prr6/estagio/2023/editais-pos-graduacao/edital-51-2024-prorrogacao-do-processo-seletivo-de-2023-na-area-de-graduacao-em-tecnologia-da-informacao.pdf
File;http://svlp-plnptapp01.pgr.mpf.mp.br:8401/portal/regiao6/estagie-conosco/2023/editais-pos-graduacao/edital-6-2023.pdf;https://www-cdn.mpf.mp.br/o-mpf/unidades/prr6/estagio/2023/editais-pos-graduacao/edital-6-2023.pdf
File;http://svlp-plnptapp01.pgr.mpf.mp.br:8401/portal/regiao6/estagie-conosco/2023/editais-pos-graduacao/edital-9-2023.pdf;https://www-cdn.mpf.mp.br/o-mpf/unidades/prr6/estagio/2023/editais-pos-graduacao/edital-9-2023.pdf
File;http://svlp-plnptapp01.pgr.mpf.mp.br:8401/portal/regiao6/estagie-conosco/2023/editais-pos-graduacao/processo-seletivo-de-estagiarios-2023-prova-de-administracao-28-05-23.pdf;https://www-cdn.mpf.mp.br/o-mpf/unidades/prr6/estagio/2023/editais-pos-graduacao/processo-seletivo-de-estagiarios-2023-prova-de-administracao-28-05-23.pdf
File;http://svlp-plnptapp01.pgr.mpf.mp.br:8401/portal/regiao6/estagie-conosco/2023/editais-pos-graduacao/processo-seletivo-de-estagiarios-2023-prova-de-ciencias-contabeis-28-05-23.pdf;https://www-cdn.mpf.mp.br/o-mpf/unidades/prr6/estagio/2023/editais-pos-graduacao/processo-seletivo-de-estagiarios-2023-prova-de-ciencias-contabeis-28-05-23.pdf
File;http://svlp-plnptapp01.pgr.mpf.mp.br:8401/portal/regiao6/estagie-conosco/2023/editais-pos-graduacao/processo-seletivo-de-estagiarios-2023-prova-de-comunicacao-social-jornalismo-28-05-23.pdf;https://www-cdn.mpf.mp.br/o-mpf/unidades/prr6/estagio/2023/editais-pos-graduacao/processo-seletivo-de-estagiarios-2023-prova-de-comunicacao-social-jornalismo-28-05-23.pdf
File;http://svlp-plnptapp01.pgr.mpf.mp.br:8401/portal/regiao6/estagie-conosco/2023/editais-pos-graduacao/processo-seletivo-de-estagiarios-2023-prova-de-engenharia-civil-28-05.23;https://www-cdn.mpf.mp.br/o-mpf/unidades/prr6/estagio/2023/editais-pos-graduacao/processo-seletivo-de-estagiarios-2023-prova-de-engenharia-civil-28-05.23
File;http://svlp-plnptapp01.pgr.mpf.mp.br:8401/portal/regiao6/estagie-conosco/2023/editais-pos-graduacao/processo-seletivo-de-estagiarios-2023-prova-de-tecnologia-da-informacao-28-05-23.pdf;https://www-cdn.mpf.mp.br/o-mpf/unidades/prr6/estagio/2023/editais-pos-graduacao/processo-seletivo-de-estagiarios-2023-prova-de-tecnologia-da-informacao-28-05-23.pdf
Document;http://svlp-plnptapp01.pgr.mpf.mp.br:8401/portal/regiao6/estagie-conosco/2023/estagio-para-alunos-de-graduacao-direito;https://www-cdn.mpf.mp.br/o-mpf/unidades/prr6/estagio/2023/estagio-para-alunos-de-graduacao-direito
Document;http://svlp-plnptapp01.pgr.mpf.mp.br:8401/portal/regiao6/estagie-conosco/2023/estagio-para-alunos-de-pos-graduacao-em-direito;https://www-cdn.mpf.mp.br/o-mpf/unidades/prr6/estagio/2023/estagio-para-alunos-de-pos-graduacao-em-direito
Document;http://svlp-plnptapp01.pgr.mpf.mp.br:8401/portal/regiao6/estagie-conosco/2023/estagio-para-estudantes-de-graduacao-area-administrativa;https://www-cdn.mpf.mp.br/o-mpf/unidades/prr6/estagio/2023/estagio-para-estudantes-de-graduacao-area-administrativa
Folder;http://svlp-plnptapp01.pgr.mpf.mp.br:8401/portal/regiao6/estagie-conosco/2024;https://www-cdn.mpf.mp.br/o-mpf/unidades/prr6/estagio/2024
Folder;http://svlp-plnptapp01.pgr.mpf.mp.br:8401/portal/regiao6/estagie-conosco/2024/avisos;https://www-cdn.mpf.mp.br/o-mpf/unidades/prr6/estagio/2024/avisos
File;http://svlp-plnptapp01.pgr.mpf.mp.br:8401/portal/regiao6/estagie-conosco/2024/avisos/aviso-aberto-recurso-para-entrevista-da-banca-de-heteroidentificacao-e-anexo.pdf;https://www-cdn.mpf.mp.br/o-mpf/unidades/prr6/estagio/2024/avisos/aviso-aberto-recurso-para-entrevista-da-banca-de-heteroidentificacao-e-anexo.pdf
File;http://svlp-plnptapp01.pgr.mpf.mp.br:8401/portal/regiao6/estagie-conosco/2024/avisos/aviso-acesso-ambiente-de-prova.pdf;https://www-cdn.mpf.mp.br/o-mpf/unidades/prr6/estagio/2024/avisos/aviso-acesso-ambiente-de-prova.pdf
File;http://svlp-plnptapp01.pgr.mpf.mp.br:8401/portal/regiao6/estagie-conosco/2024/avisos/aviso-acesso-ao-gabarito-da-prova-discursiva.pdf;https://www-cdn.mpf.mp.br/o-mpf/unidades/prr6/estagio/2024/avisos/aviso-acesso-ao-gabarito-da-prova-discursiva.pdf
File;http://svlp-plnptapp01.pgr.mpf.mp.br:8401/portal/regiao6/estagie-conosco/2024/avisos/aviso-acesso-ao-gabarito-das-provas.pdf;https://www-cdn.mpf.mp.br/o-mpf/unidades/prr6/estagio/2024/avisos/aviso-acesso-ao-gabarito-das-provas.pdf
File;http://svlp-plnptapp01.pgr.mpf.mp.br:8401/portal/regiao6/estagie-conosco/2024/avisos/aviso-aos-candidatos-inscricao-unica.pdf;https://www-cdn.mpf.mp.br/o-mpf/unidades/prr6/estagio/2024/avisos/aviso-aos-candidatos-inscricao-unica.pdf
File;http://svlp-plnptapp01.pgr.mpf.mp.br:8401/portal/regiao6/estagie-conosco/2024/avisos/aviso-data-e-horario-das-provas.pdf;https://www-cdn.mpf.mp.br/o-mpf/unidades/prr6/estagio/2024/avisos/aviso-data-e-horario-das-provas.pdf
File;http://svlp-plnptapp01.pgr.mpf.mp.br:8401/portal/regiao6/estagie-conosco/2024/avisos/data-e-horario-da-prova-discursiva-online.pdf;https://www-cdn.mpf.mp.br/o-mpf/unidades/prr6/estagio/2024/avisos/data-e-horario-da-prova-discursiva-online.pdf
File;http://svlp-plnptapp01.pgr.mpf.mp.br:8401/portal/regiao6/estagie-conosco/2024/avisos/espelho-da-prova-discursiva-de-graduacao-em-direito.pdf;https://www-cdn.mpf.mp.br/o-mpf/unidades/prr6/estagio/2024/avisos/espelho-da-prova-discursiva-de-graduacao-em-direito.pdf
File;http://svlp-plnptapp01.pgr.mpf.mp.br:8401/portal/regiao6/estagie-conosco/2024/avisos/espelho-da-prova-discursiva-de-pos-graduacao-em-direito.pdf;https://www-cdn.mpf.mp.br/o-mpf/unidades/prr6/estagio/2024/avisos/espelho-da-prova-discursiva-de-pos-graduacao-em-direito.pdf
File;http://svlp-plnptapp01.pgr.mpf.mp.br:8401/portal/regiao6/estagie-conosco/2024/avisos/orientacoes-acesso-ao-moodle.pdf;https://www-cdn.mpf.mp.br/o-mpf/unidades/prr6/estagio/2024/avisos/orientacoes-acesso-ao-moodle.pdf
File;http://svlp-plnptapp01.pgr.mpf.mp.br:8401/portal/regiao6/estagie-conosco/2024/avisos/ultimas-orientacoes-prova.pdf;https://www-cdn.mpf.mp.br/o-mpf/unidades/prr6/estagio/2024/avisos/ultimas-orientacoes-prova.pdf
File;http://svlp-plnptapp01.pgr.mpf.mp.br:8401/portal/regiao6/estagie-conosco/2024/convite-para-convenio-com-as-ies-prr6.pdf;https://www-cdn.mpf.mp.br/o-mpf/unidades/prr6/estagio/2024/convite-para-convenio-com-as-ies-prr6.pdf
Folder;http://svlp-plnptapp01.pgr.mpf.mp.br:8401/portal/regiao6/estagie-conosco/2024/editais-area-administrativa;https://www-cdn.mpf.mp.br/o-mpf/unidades/prr6/estagio/2024/editais-area-administrativa
File;http://svlp-plnptapp01.pgr.mpf.mp.br:8401/portal/regiao6/estagie-conosco/2024/editais-area-administrativa/candidatos_deferidos_areas_administrativas_prmg_prr6.pdf;https://www-cdn.mpf.mp.br/o-mpf/unidades/prr6/estagio/2024/editais-area-administrativa/candidatos_deferidos_areas_administrativas_prmg_prr6.pdf
File;http://svlp-plnptapp01.pgr.mpf.mp.br:8401/portal/regiao6/estagie-conosco/2024/editais-area-administrativa/candidatos_indeferidos_areas_administrativas_prmg_prr6.pdf;https://www-cdn.mpf.mp.br/o-mpf/unidades/prr6/estagio/2024/editais-area-administrativa/candidatos_indeferidos_areas_administrativas_prmg_prr6.pdf
File;http://svlp-plnptapp01.pgr.mpf.mp.br:8401/portal/regiao6/estagie-conosco/2024/editais-area-administrativa/edital-07.2024;https://www-cdn.mpf.mp.br/o-mpf/unidades/prr6/estagio/2024/editais-area-administrativa/edital-07.2024
File;http://svlp-plnptapp01.pgr.mpf.mp.br:8401/portal/regiao6/estagie-conosco/2024/editais-area-administrativa/edital-17-2024_retificacao-edital-15-2024_-retificacao-dos-gabaritos-definitivos_areas-administrativas.pdf;https://www-cdn.mpf.mp.br/o-mpf/unidades/prr6/estagio/2024/editais-area-administrativa/edital-17-2024_retificacao-edital-15-2024_-retificacao-dos-gabaritos-definitivos_areas-administrativas.pdf
File;http://svlp-plnptapp01.pgr.mpf.mp.br:8401/portal/regiao6/estagie-conosco/2024/editais-area-administrativa/edital-19-2024_resultado-preliminar_graduacao-em-administracao.pdf;https://www-cdn.mpf.mp.br/o-mpf/unidades/prr6/estagio/2024/editais-area-administrativa/edital-19-2024_resultado-preliminar_graduacao-em-administracao.pdf
File;http://svlp-plnptapp01.pgr.mpf.mp.br:8401/portal/regiao6/estagie-conosco/2024/editais-area-administrativa/edital-20-2024_resultado-preliminar_graduacao-em-ciencias-contabeis.pdf;https://www-cdn.mpf.mp.br/o-mpf/unidades/prr6/estagio/2024/editais-area-administrativa/edital-20-2024_resultado-preliminar_graduacao-em-ciencias-contabeis.pdf
File;http://svlp-plnptapp01.pgr.mpf.mp.br:8401/portal/regiao6/estagie-conosco/2024/editais-area-administrativa/edital-21-2024_resultado-preliminar_graduacao-em-comunicacao-social-jornalismo.pdf;https://www-cdn.mpf.mp.br/o-mpf/unidades/prr6/estagio/2024/editais-area-administrativa/edital-21-2024_resultado-preliminar_graduacao-em-comunicacao-social-jornalismo.pdf
File;http://svlp-plnptapp01.pgr.mpf.mp.br:8401/portal/regiao6/estagie-conosco/2024/editais-area-administrativa/edital-22-2024_resultado-preliminar_graduacao-em-tecnologia-da-informacao.pdf;https://www-cdn.mpf.mp.br/o-mpf/unidades/prr6/estagio/2024/editais-area-administrativa/edital-22-2024_resultado-preliminar_graduacao-em-tecnologia-da-informacao.pdf
File;http://svlp-plnptapp01.pgr.mpf.mp.br:8401/portal/regiao6/estagie-conosco/2024/editais-area-administrativa/edital-23-2024-administracao.pdf;https://www-cdn.mpf.mp.br/o-mpf/unidades/prr6/estagio/2024/editais-area-administrativa/edital-23-2024-administracao.pdf
File;http://svlp-plnptapp01.pgr.mpf.mp.br:8401/portal/regiao6/estagie-conosco/2024/editais-area-administrativa/edital-24-2024-ciencias-contabeis.pdf;https://www-cdn.mpf.mp.br/o-mpf/unidades/prr6/estagio/2024/editais-area-administrativa/edital-24-2024-ciencias-contabeis.pdf
File;http://svlp-plnptapp01.pgr.mpf.mp.br:8401/portal/regiao6/estagie-conosco/2024/editais-area-administrativa/edital-25-2024-comunicacao-social.pdf;https://www-cdn.mpf.mp.br/o-mpf/unidades/prr6/estagio/2024/editais-area-administrativa/edital-25-2024-comunicacao-social.pdf
File;http://svlp-plnptapp01.pgr.mpf.mp.br:8401/portal/regiao6/estagie-conosco/2024/editais-area-administrativa/edital-26-2024-heteroidentificacao.pdf;https://www-cdn.mpf.mp.br/o-mpf/unidades/prr6/estagio/2024/editais-area-administrativa/edital-26-2024-heteroidentificacao.pdf
File;http://svlp-plnptapp01.pgr.mpf.mp.br:8401/portal/regiao6/estagie-conosco/2024/editais-area-administrativa/edital-31-2024_resultado_definitivo_informatica.pdf;https://www-cdn.mpf.mp.br/o-mpf/unidades/prr6/estagio/2024/editais-area-administrativa/edital-31-2024_resultado_definitivo_informatica.pdf
File;http://svlp-plnptapp01.pgr.mpf.mp.br:8401/portal/regiao6/estagie-conosco/2024/editais-area-administrativa/edital-no-26-de-30-de-junho-de-2025.pdf;https://www-cdn.mpf.mp.br/o-mpf/unidades/prr6/estagio/2024/editais-area-administrativa/edital-no-26-de-30-de-junho-de-2025.pdf
File;http://svlp-plnptapp01.pgr.mpf.mp.br:8401/portal/regiao6/estagie-conosco/2024/editais-area-administrativa/edital_15_2024_gabaritos_area_administrativa.pdf;https://www-cdn.mpf.mp.br/o-mpf/unidades/prr6/estagio/2024/editais-area-administrativa/edital_15_2024_gabaritos_area_administrativa.pdf
File;http://svlp-plnptapp01.pgr.mpf.mp.br:8401/portal/regiao6/estagie-conosco/2024/editais-area-administrativa/endereco-dos-locais-de-prova.pdf;https://www-cdn.mpf.mp.br/o-mpf/unidades/prr6/estagio/2024/editais-area-administrativa/endereco-dos-locais-de-prova.pdf
File;http://svlp-plnptapp01.pgr.mpf.mp.br:8401/portal/regiao6/estagie-conosco/2024/editais-area-administrativa/gabarito_preliminar_administracao.pdf;https://www-cdn.mpf.mp.br/o-mpf/unidades/prr6/estagio/2024/editais-area-administrativa/gabarito_preliminar_administracao.pdf
File;http://svlp-plnptapp01.pgr.mpf.mp.br:8401/portal/regiao6/estagie-conosco/2024/editais-area-administrativa/gabarito_preliminar_comunicacao.pdf;https://www-cdn.mpf.mp.br/o-mpf/unidades/prr6/estagio/2024/editais-area-administrativa/gabarito_preliminar_comunicacao.pdf
File;http://svlp-plnptapp01.pgr.mpf.mp.br:8401/portal/regiao6/estagie-conosco/2024/editais-area-administrativa/gabarito_preliminar_tecnologia_da_informacao.pdf;https://www-cdn.mpf.mp.br/o-mpf/unidades/prr6/estagio/2024/editais-area-administrativa/gabarito_preliminar_tecnologia_da_informacao.pdf
File;http://svlp-plnptapp01.pgr.mpf.mp.br:8401/portal/regiao6/estagie-conosco/2024/editais-area-administrativa/prova_administracao.pdf;https://www-cdn.mpf.mp.br/o-mpf/unidades/prr6/estagio/2024/editais-area-administrativa/prova_administracao.pdf
File;http://svlp-plnptapp01.pgr.mpf.mp.br:8401/portal/regiao6/estagie-conosco/2024/editais-area-administrativa/prova_comunicacao.pdf;https://www-cdn.mpf.mp.br/o-mpf/unidades/prr6/estagio/2024/editais-area-administrativa/prova_comunicacao.pdf
File;http://svlp-plnptapp01.pgr.mpf.mp.br:8401/portal/regiao6/estagie-conosco/2024/editais-area-administrativa/prova_teconologia_da_informacao.pdf;https://www-cdn.mpf.mp.br/o-mpf/unidades/prr6/estagio/2024/editais-area-administrativa/prova_teconologia_da_informacao.pdf
Folder;http://svlp-plnptapp01.pgr.mpf.mp.br:8401/portal/regiao6/estagie-conosco/2024/editais-direito;https://www-cdn.mpf.mp.br/o-mpf/unidades/prr6/estagio/2024/editais-direito
File;http://svlp-plnptapp01.pgr.mpf.mp.br:8401/portal/regiao6/estagie-conosco/2024/editais-direito/candidatos_deferidos_divinopolis.pdf;https://www-cdn.mpf.mp.br/o-mpf/unidades/prr6/estagio/2024/editais-direito/candidatos_deferidos_divinopolis.pdf
File;http://svlp-plnptapp01.pgr.mpf.mp.br:8401/portal/regiao6/estagie-conosco/2024/editais-direito/candidatos_deferidos_juiz-de-fora.pdf;https://www-cdn.mpf.mp.br/o-mpf/unidades/prr6/estagio/2024/editais-direito/candidatos_deferidos_juiz-de-fora.pdf
File;http://svlp-plnptapp01.pgr.mpf.mp.br:8401/portal/regiao6/estagie-conosco/2024/editais-direito/candidatos_deferidos_prmg_prr6.pdf;https://www-cdn.mpf.mp.br/o-mpf/unidades/prr6/estagio/2024/editais-direito/candidatos_deferidos_prmg_prr6.pdf
File;http://svlp-plnptapp01.pgr.mpf.mp.br:8401/portal/regiao6/estagie-conosco/2024/editais-direito/candidatos_deferidos_sete-lagoas.pdf;https://www-cdn.mpf.mp.br/o-mpf/unidades/prr6/estagio/2024/editais-direito/candidatos_deferidos_sete-lagoas.pdf
File;http://svlp-plnptapp01.pgr.mpf.mp.br:8401/portal/regiao6/estagie-conosco/2024/editais-direito/candidatos_deferidos_uberaba.pdf;https://www-cdn.mpf.mp.br/o-mpf/unidades/prr6/estagio/2024/editais-direito/candidatos_deferidos_uberaba.pdf
File;http://svlp-plnptapp01.pgr.mpf.mp.br:8401/portal/regiao6/estagie-conosco/2024/editais-direito/candidatos_deferidos_uberlandia.pdf;https://www-cdn.mpf.mp.br/o-mpf/unidades/prr6/estagio/2024/editais-direito/candidatos_deferidos_uberlandia.pdf
File;http://svlp-plnptapp01.pgr.mpf.mp.br:8401/portal/regiao6/estagie-conosco/2024/editais-direito/candidatos_indeferidos_divinopolis.pdf;https://www-cdn.mpf.mp.br/o-mpf/unidades/prr6/estagio/2024/editais-direito/candidatos_indeferidos_divinopolis.pdf
File;http://svlp-plnptapp01.pgr.mpf.mp.br:8401/portal/regiao6/estagie-conosco/2024/editais-direito/candidatos_indeferidos_juiz-de-fora.pdf;https://www-cdn.mpf.mp.br/o-mpf/unidades/prr6/estagio/2024/editais-direito/candidatos_indeferidos_juiz-de-fora.pdf
File;http://svlp-plnptapp01.pgr.mpf.mp.br:8401/portal/regiao6/estagie-conosco/2024/editais-direito/candidatos_indeferidos_prmg_prr6.pdf;https://www-cdn.mpf.mp.br/o-mpf/unidades/prr6/estagio/2024/editais-direito/candidatos_indeferidos_prmg_prr6.pdf
File;http://svlp-plnptapp01.pgr.mpf.mp.br:8401/portal/regiao6/estagie-conosco/2024/editais-direito/candidatos_indeferidos_sete-lagoas.pdf;https://www-cdn.mpf.mp.br/o-mpf/unidades/prr6/estagio/2024/editais-direito/candidatos_indeferidos_sete-lagoas.pdf
File;http://svlp-plnptapp01.pgr.mpf.mp.br:8401/portal/regiao6/estagie-conosco/2024/editais-direito/candidatos_indeferidos_uberaba.pdf;https://www-cdn.mpf.mp.br/o-mpf/unidades/prr6/estagio/2024/editais-direito/candidatos_indeferidos_uberaba.pdf
File;http://svlp-plnptapp01.pgr.mpf.mp.br:8401/portal/regiao6/estagie-conosco/2024/editais-direito/candidatos_indeferidos_uberlandia.pdf;https://www-cdn.mpf.mp.br/o-mpf/unidades/prr6/estagio/2024/editais-direito/candidatos_indeferidos_uberlandia.pdf
File;http://svlp-plnptapp01.pgr.mpf.mp.br:8401/portal/regiao6/estagie-conosco/2024/editais-direito/edital-16-prorrogacao-graduacao-juiz-de-fora.pdf;https://www-cdn.mpf.mp.br/o-mpf/unidades/prr6/estagio/2024/editais-direito/edital-16-prorrogacao-graduacao-juiz-de-fora.pdf
File;http://svlp-plnptapp01.pgr.mpf.mp.br:8401/portal/regiao6/estagie-conosco/2024/editais-direito/edital-18-2024_retificacao-edital-16-2024_-retificacao-do-gabarito-definitivo_area-pos-graduacao-em-direito.pdf;https://www-cdn.mpf.mp.br/o-mpf/unidades/prr6/estagio/2024/editais-direito/edital-18-2024_retificacao-edital-16-2024_-retificacao-do-gabarito-definitivo_area-pos-graduacao-em-direito.pdf
File;http://svlp-plnptapp01.pgr.mpf.mp.br:8401/portal/regiao6/estagie-conosco/2024/editais-direito/edital-26-2024-heteroidentificacao.pdf;https://www-cdn.mpf.mp.br/o-mpf/unidades/prr6/estagio/2024/editais-direito/edital-26-2024-heteroidentificacao.pdf
File;http://svlp-plnptapp01.pgr.mpf.mp.br:8401/portal/regiao6/estagie-conosco/2024/editais-direito/edital-27-resultado-preliminar-banca-de-heteroidentificacao.pdf;https://www-cdn.mpf.mp.br/o-mpf/unidades/prr6/estagio/2024/editais-direito/edital-27-resultado-preliminar-banca-de-heteroidentificacao.pdf
File;http://svlp-plnptapp01.pgr.mpf.mp.br:8401/portal/regiao6/estagie-conosco/2024/editais-direito/edital-30-resultado-definitivo-banca-de-heteroidentificacao.pdf;https://www-cdn.mpf.mp.br/o-mpf/unidades/prr6/estagio/2024/editais-direito/edital-30-resultado-definitivo-banca-de-heteroidentificacao.pdf
File;http://svlp-plnptapp01.pgr.mpf.mp.br:8401/portal/regiao6/estagie-conosco/2024/editais-direito/edital-32-2024_resultado-preliminar_graduacao-em-direito.pdf;https://www-cdn.mpf.mp.br/o-mpf/unidades/prr6/estagio/2024/editais-direito/edital-32-2024_resultado-preliminar_graduacao-em-direito.pdf
File;http://svlp-plnptapp01.pgr.mpf.mp.br:8401/portal/regiao6/estagie-conosco/2024/editais-direito/edital-33-2024_resultado-preliminar_graduacao-em-direito_prm-divinopolis.pdf;https://www-cdn.mpf.mp.br/o-mpf/unidades/prr6/estagio/2024/editais-direito/edital-33-2024_resultado-preliminar_graduacao-em-direito_prm-divinopolis.pdf
File;http://svlp-plnptapp01.pgr.mpf.mp.br:8401/portal/regiao6/estagie-conosco/2024/editais-direito/edital-34-2024_resultado-preliminar_pos-graduacao-em-direito_prm-divinopolis.pdf;https://www-cdn.mpf.mp.br/o-mpf/unidades/prr6/estagio/2024/editais-direito/edital-34-2024_resultado-preliminar_pos-graduacao-em-direito_prm-divinopolis.pdf
File;http://svlp-plnptapp01.pgr.mpf.mp.br:8401/portal/regiao6/estagie-conosco/2024/editais-direito/edital-35-2024_homologacao-do-resultado-final_graduacao-em-direito_prmg_prr6a-regiao.pdf;https://www-cdn.mpf.mp.br/o-mpf/unidades/prr6/estagio/2024/editais-direito/edital-35-2024_homologacao-do-resultado-final_graduacao-em-direito_prmg_prr6a-regiao.pdf
File;http://svlp-plnptapp01.pgr.mpf.mp.br:8401/portal/regiao6/estagie-conosco/2024/editais-direito/edital-38-2024_homologacao-do-resultado-final_graduacao-em-direito_prm-divinopolis.pdf;https://www-cdn.mpf.mp.br/o-mpf/unidades/prr6/estagio/2024/editais-direito/edital-38-2024_homologacao-do-resultado-final_graduacao-em-direito_prm-divinopolis.pdf
File;http://svlp-plnptapp01.pgr.mpf.mp.br:8401/portal/regiao6/estagie-conosco/2024/editais-direito/edital-39-2024_homologacao-do-resultado-final_pos-graduacao-em-direito_prm-divinopolis.pdf;https://www-cdn.mpf.mp.br/o-mpf/unidades/prr6/estagio/2024/editais-direito/edital-39-2024_homologacao-do-resultado-final_pos-graduacao-em-direito_prm-divinopolis.pdf
File;http://svlp-plnptapp01.pgr.mpf.mp.br:8401/portal/regiao6/estagie-conosco/2024/editais-direito/edital-40-2024_divulgacao-do-resultado-preliminar_graduacao-em-direito_prm-uberaba.pdf;https://www-cdn.mpf.mp.br/o-mpf/unidades/prr6/estagio/2024/editais-direito/edital-40-2024_divulgacao-do-resultado-preliminar_graduacao-em-direito_prm-uberaba.pdf
File;http://svlp-plnptapp01.pgr.mpf.mp.br:8401/portal/regiao6/estagie-conosco/2024/editais-direito/edital-41-2024_divulgacao-do-resultado-preliminar_pos-graduacao-em-direito_prm-uberaba.pdf;https://www-cdn.mpf.mp.br/o-mpf/unidades/prr6/estagio/2024/editais-direito/edital-41-2024_divulgacao-do-resultado-preliminar_pos-graduacao-em-direito_prm-uberaba.pdf
File;http://svlp-plnptapp01.pgr.mpf.mp.br:8401/portal/regiao6/estagie-conosco/2024/editais-direito/edital-42-2024_resultado-preliminar_pos-graduacao-em-direito_prm-juiz-de-fora.pdf;https://www-cdn.mpf.mp.br/o-mpf/unidades/prr6/estagio/2024/editais-direito/edital-42-2024_resultado-preliminar_pos-graduacao-em-direito_prm-juiz-de-fora.pdf
File;http://svlp-plnptapp01.pgr.mpf.mp.br:8401/portal/regiao6/estagie-conosco/2024/editais-direito/edital-43-2024_homologacao-do-resultado-final_graduacao-em-direito_prm-uberaba.pdf;https://www-cdn.mpf.mp.br/o-mpf/unidades/prr6/estagio/2024/editais-direito/edital-43-2024_homologacao-do-resultado-final_graduacao-em-direito_prm-uberaba.pdf
File;http://svlp-plnptapp01.pgr.mpf.mp.br:8401/portal/regiao6/estagie-conosco/2024/editais-direito/edital-44-2024_homologacao-do-resultado-final_pos-graduacao-em-direito_prm-uberaba.pdf;https://www-cdn.mpf.mp.br/o-mpf/unidades/prr6/estagio/2024/editais-direito/edital-44-2024_homologacao-do-resultado-final_pos-graduacao-em-direito_prm-uberaba.pdf
File;http://svlp-plnptapp01.pgr.mpf.mp.br:8401/portal/regiao6/estagie-conosco/2024/editais-direito/edital-45-2024_resultado-preliminar_graduacao-em-direito_prm-juiz-de-fora.pdf;https://www-cdn.mpf.mp.br/o-mpf/unidades/prr6/estagio/2024/editais-direito/edital-45-2024_resultado-preliminar_graduacao-em-direito_prm-juiz-de-fora.pdf
File;http://svlp-plnptapp01.pgr.mpf.mp.br:8401/portal/regiao6/estagie-conosco/2024/editais-direito/edital-46-2024_homologacao-do-resultado-final_pos-graduacao-em-direito_prm-juiz-de-fora.pdf;https://www-cdn.mpf.mp.br/o-mpf/unidades/prr6/estagio/2024/editais-direito/edital-46-2024_homologacao-do-resultado-final_pos-graduacao-em-direito_prm-juiz-de-fora.pdf
File;http://svlp-plnptapp01.pgr.mpf.mp.br:8401/portal/regiao6/estagie-conosco/2024/editais-direito/edital-47-2024_resultado-preliminar_pos-graduacao-em-direito_prm-sete-lagoas.pdf;https://www-cdn.mpf.mp.br/o-mpf/unidades/prr6/estagio/2024/editais-direito/edital-47-2024_resultado-preliminar_pos-graduacao-em-direito_prm-sete-lagoas.pdf
File;http://svlp-plnptapp01.pgr.mpf.mp.br:8401/portal/regiao6/estagie-conosco/2024/editais-direito/edital-48-2024_resultado-preliminar_graduacao-em-direito_prm-sete-lagoas.pdf;https://www-cdn.mpf.mp.br/o-mpf/unidades/prr6/estagio/2024/editais-direito/edital-48-2024_resultado-preliminar_graduacao-em-direito_prm-sete-lagoas.pdf
File;http://svlp-plnptapp01.pgr.mpf.mp.br:8401/portal/regiao6/estagie-conosco/2024/editais-direito/edital-49-2024_resultado-preliminar_graduacao-em-direito_prm-uberlandia.pdf;https://www-cdn.mpf.mp.br/o-mpf/unidades/prr6/estagio/2024/editais-direito/edital-49-2024_resultado-preliminar_graduacao-em-direito_prm-uberlandia.pdf
File;http://svlp-plnptapp01.pgr.mpf.mp.br:8401/portal/regiao6/estagie-conosco/2024/editais-direito/edital-50-2024_homologacao-do-resultado-final_graduacao-em-direito_prm-juiz-de-fora.pdf;https://www-cdn.mpf.mp.br/o-mpf/unidades/prr6/estagio/2024/editais-direito/edital-50-2024_homologacao-do-resultado-final_graduacao-em-direito_prm-juiz-de-fora.pdf
File;http://svlp-plnptapp01.pgr.mpf.mp.br:8401/portal/regiao6/estagie-conosco/2024/editais-direito/edital-52-2024_homologacao-do-resultado-final_graduacao-em-direito_prm-sete-lagoas.pdf;https://www-cdn.mpf.mp.br/o-mpf/unidades/prr6/estagio/2024/editais-direito/edital-52-2024_homologacao-do-resultado-final_graduacao-em-direito_prm-sete-lagoas.pdf
File;http://svlp-plnptapp01.pgr.mpf.mp.br:8401/portal/regiao6/estagie-conosco/2024/editais-direito/edital-53-2024_homologacao-do-resultado-final_graduacao-em-direito_prm-uberlandia.pdf;https://www-cdn.mpf.mp.br/o-mpf/unidades/prr6/estagio/2024/editais-direito/edital-53-2024_homologacao-do-resultado-final_graduacao-em-direito_prm-uberlandia.pdf
File;http://svlp-plnptapp01.pgr.mpf.mp.br:8401/portal/regiao6/estagie-conosco/2024/editais-direito/edital-55-2024_homologacao-do-resultado-final_pos-graduacao-em-direito_prm-sete-lagoas.pdf;https://www-cdn.mpf.mp.br/o-mpf/unidades/prr6/estagio/2024/editais-direito/edital-55-2024_homologacao-do-resultado-final_pos-graduacao-em-direito_prm-sete-lagoas.pdf
File;http://svlp-plnptapp01.pgr.mpf.mp.br:8401/portal/regiao6/estagie-conosco/2024/editais-direito/edital-6;https://www-cdn.mpf.mp.br/o-mpf/unidades/prr6/estagio/2024/editais-direito/edital-6
File;http://svlp-plnptapp01.pgr.mpf.mp.br:8401/portal/regiao6/estagie-conosco/2024/editais-direito/edital-prorrogacao-da-homologacao-pos-graduacao-em-direito-prm-sete-lagoas.pdf;https://www-cdn.mpf.mp.br/o-mpf/unidades/prr6/estagio/2024/editais-direito/edital-prorrogacao-da-homologacao-pos-graduacao-em-direito-prm-sete-lagoas.pdf
File;http://svlp-plnptapp01.pgr.mpf.mp.br:8401/portal/regiao6/estagie-conosco/2024/editais-direito/edital_14_2024_gabarito_direito_graduacao.pdf;https://www-cdn.mpf.mp.br/o-mpf/unidades/prr6/estagio/2024/editais-direito/edital_14_2024_gabarito_direito_graduacao.pdf
File;http://svlp-plnptapp01.pgr.mpf.mp.br:8401/portal/regiao6/estagie-conosco/2024/editais-direito/edital_n16-gabarito_definitivo_direito_pos_graduacao.pdf;https://www-cdn.mpf.mp.br/o-mpf/unidades/prr6/estagio/2024/editais-direito/edital_n16-gabarito_definitivo_direito_pos_graduacao.pdf
File;http://svlp-plnptapp01.pgr.mpf.mp.br:8401/portal/regiao6/estagie-conosco/2024/editais-direito/espelho_discursiva_direito_graduacao.pdf;https://www-cdn.mpf.mp.br/o-mpf/unidades/prr6/estagio/2024/editais-direito/espelho_discursiva_direito_graduacao.pdf
File;http://svlp-plnptapp01.pgr.mpf.mp.br:8401/portal/regiao6/estagie-conosco/2024/editais-direito/espelho_discursiva_direito_pos_graduacao.pdf;https://www-cdn.mpf.mp.br/o-mpf/unidades/prr6/estagio/2024/editais-direito/espelho_discursiva_direito_pos_graduacao.pdf
File;http://svlp-plnptapp01.pgr.mpf.mp.br:8401/portal/regiao6/estagie-conosco/2024/editais-direito/gabarito-preliminar-direito_pos-graduacao.pdf;https://www-cdn.mpf.mp.br/o-mpf/unidades/prr6/estagio/2024/editais-direito/gabarito-preliminar-direito_pos-graduacao.pdf
File;http://svlp-plnptapp01.pgr.mpf.mp.br:8401/portal/regiao6/estagie-conosco/2024/editais-direito/gabarito_preliminar_direito_graduacao.pdf;https://www-cdn.mpf.mp.br/o-mpf/unidades/prr6/estagio/2024/editais-direito/gabarito_preliminar_direito_graduacao.pdf
File;http://svlp-plnptapp01.pgr.mpf.mp.br:8401/portal/regiao6/estagie-conosco/2024/editais-direito/locais-de-prova.pdf;https://www-cdn.mpf.mp.br/o-mpf/unidades/prr6/estagio/2024/editais-direito/locais-de-prova.pdf
File;http://svlp-plnptapp01.pgr.mpf.mp.br:8401/portal/regiao6/estagie-conosco/2024/editais-direito/prorrogacao-pos-graduacao-juiz-de-fora-1-2024.pdf;https://www-cdn.mpf.mp.br/o-mpf/unidades/prr6/estagio/2024/editais-direito/prorrogacao-pos-graduacao-juiz-de-fora-1-2024.pdf
File;http://svlp-plnptapp01.pgr.mpf.mp.br:8401/portal/regiao6/estagie-conosco/2024/editais-direito/prova-direito_formatada_pos-graduacao.pdf;https://www-cdn.mpf.mp.br/o-mpf/unidades/prr6/estagio/2024/editais-direito/prova-direito_formatada_pos-graduacao.pdf
File;http://svlp-plnptapp01.pgr.mpf.mp.br:8401/portal/regiao6/estagie-conosco/2024/editais-direito/prova_direito_graduacao.pdf;https://www-cdn.mpf.mp.br/o-mpf/unidades/prr6/estagio/2024/editais-direito/prova_direito_graduacao.pdf
Document;http://svlp-plnptapp01.pgr.mpf.mp.br:8401/portal/regiao6/estagie-conosco/2024/estagio-para-alunos-de-pos-graduacao-em-direito;https://www-cdn.mpf.mp.br/o-mpf/unidades/prr6/estagio/2024/estagio-para-alunos-de-pos-graduacao-em-direito
Document;http://svlp-plnptapp01.pgr.mpf.mp.br:8401/portal/regiao6/estagie-conosco/2024/estagio-para-estudantes-de-graduacao-area-administrativa;https://www-cdn.mpf.mp.br/o-mpf/unidades/prr6/estagio/2024/estagio-para-estudantes-de-graduacao-area-administrativa
Document;http://svlp-plnptapp01.pgr.mpf.mp.br:8401/portal/regiao6/estagie-conosco/2024/estagio-para-estudantes-de-graduacao-em-direito;https://www-cdn.mpf.mp.br/o-mpf/unidades/prr6/estagio/2024/estagio-para-estudantes-de-graduacao-em-direito
File;http://svlp-plnptapp01.pgr.mpf.mp.br:8401/portal/regiao6/estagie-conosco/2024/prorroga-validade-administracao;https://www-cdn.mpf.mp.br/o-mpf/unidades/prr6/estagio/2024/prorroga-validade-administracao
File;http://svlp-plnptapp01.pgr.mpf.mp.br:8401/portal/regiao6/estagie-conosco/2024/prorroga-validade-comunicacao-social;https://www-cdn.mpf.mp.br/o-mpf/unidades/prr6/estagio/2024/prorroga-validade-comunicacao-social
File;http://svlp-plnptapp01.pgr.mpf.mp.br:8401/portal/regiao6/estagie-conosco/2024/prorroga-validade-pos-graduacao-em-direito;https://www-cdn.mpf.mp.br/o-mpf/unidades/prr6/estagio/2024/prorroga-validade-pos-graduacao-em-direito
File;http://svlp-plnptapp01.pgr.mpf.mp.br:8401/portal/regiao6/estagie-conosco/2024/prorroga-validade-tecnologia-da-informacao;https://www-cdn.mpf.mp.br/o-mpf/unidades/prr6/estagio/2024/prorroga-validade-tecnologia-da-informacao
Folder;http://svlp-plnptapp01.pgr.mpf.mp.br:8401/portal/regiao6/estagie-conosco/2024/resultados;https://www-cdn.mpf.mp.br/o-mpf/unidades/prr6/estagio/2024/resultados
File;http://svlp-plnptapp01.pgr.mpf.mp.br:8401/portal/regiao6/estagie-conosco/2024/resultados/candidatos-cotistas-aprovados-para-entrevista-da-banca-de-heteroidentificacao_publicacao.pdf;https://www-cdn.mpf.mp.br/o-mpf/unidades/prr6/estagio/2024/resultados/candidatos-cotistas-aprovados-para-entrevista-da-banca-de-heteroidentificacao_publicacao.pdf
File;http://svlp-plnptapp01.pgr.mpf.mp.br:8401/portal/regiao6/estagie-conosco/2024/resultados/homologacao-estagio-em-ciencias-contabeis;https://www-cdn.mpf.mp.br/o-mpf/unidades/prr6/estagio/2024/resultados/homologacao-estagio-em-ciencias-contabeis
File;http://svlp-plnptapp01.pgr.mpf.mp.br:8401/portal/regiao6/estagie-conosco/2024/resultados/homologacao-estagio-em-comunicacao-social;https://www-cdn.mpf.mp.br/o-mpf/unidades/prr6/estagio/2024/resultados/homologacao-estagio-em-comunicacao-social
File;http://svlp-plnptapp01.pgr.mpf.mp.br:8401/portal/regiao6/estagie-conosco/2024/resultados/resposta_examinadores.pdf;https://www-cdn.mpf.mp.br/o-mpf/unidades/prr6/estagio/2024/resultados/resposta_examinadores.pdf
File;http://svlp-plnptapp01.pgr.mpf.mp.br:8401/portal/regiao6/estagie-conosco/2024/resultados/resultado-preliminar-banca-heteroidentificacao-dias-17-e-18-outubro.pdf;https://www-cdn.mpf.mp.br/o-mpf/unidades/prr6/estagio/2024/resultados/resultado-preliminar-banca-heteroidentificacao-dias-17-e-18-outubro.pdf
File;http://svlp-plnptapp01.pgr.mpf.mp.br:8401/portal/regiao6/estagie-conosco/2024/resultados/resultado-preliminar-da-1a-etapa_graduacao-em-direito-prm_divinopolis.pdf;https://www-cdn.mpf.mp.br/o-mpf/unidades/prr6/estagio/2024/resultados/resultado-preliminar-da-1a-etapa_graduacao-em-direito-prm_divinopolis.pdf
File;http://svlp-plnptapp01.pgr.mpf.mp.br:8401/portal/regiao6/estagie-conosco/2024/resultados/resultado-preliminar-da-1a-etapa_graduacao-em-direito-prm_governador-valadares.pdf;https://www-cdn.mpf.mp.br/o-mpf/unidades/prr6/estagio/2024/resultados/resultado-preliminar-da-1a-etapa_graduacao-em-direito-prm_governador-valadares.pdf
File;http://svlp-plnptapp01.pgr.mpf.mp.br:8401/portal/regiao6/estagie-conosco/2024/resultados/resultado-preliminar-da-1a-etapa_graduacao-em-direito-prm_sao-joao-del-rei.pdf;https://www-cdn.mpf.mp.br/o-mpf/unidades/prr6/estagio/2024/resultados/resultado-preliminar-da-1a-etapa_graduacao-em-direito-prm_sao-joao-del-rei.pdf
File;http://svlp-plnptapp01.pgr.mpf.mp.br:8401/portal/regiao6/estagie-conosco/2024/resultados/resultado-preliminar-da-1a-etapa_graduacao-em-direito-prm_sete-lagoas.pdf;https://www-cdn.mpf.mp.br/o-mpf/unidades/prr6/estagio/2024/resultados/resultado-preliminar-da-1a-etapa_graduacao-em-direito-prm_sete-lagoas.pdf
File;http://svlp-plnptapp01.pgr.mpf.mp.br:8401/portal/regiao6/estagie-conosco/2024/resultados/resultado-preliminar-da-1a-etapa_graduacao-em-direito-prm_uberlandia.pdf;https://www-cdn.mpf.mp.br/o-mpf/unidades/prr6/estagio/2024/resultados/resultado-preliminar-da-1a-etapa_graduacao-em-direito-prm_uberlandia.pdf
File;http://svlp-plnptapp01.pgr.mpf.mp.br:8401/portal/regiao6/estagie-conosco/2024/resultados/resultado-preliminar-da-1a-etapa_graduacao-em-direito-prmg-e-prr6_belo-horizonte.pdf;https://www-cdn.mpf.mp.br/o-mpf/unidades/prr6/estagio/2024/resultados/resultado-preliminar-da-1a-etapa_graduacao-em-direito-prmg-e-prr6_belo-horizonte.pdf
File;http://svlp-plnptapp01.pgr.mpf.mp.br:8401/portal/regiao6/estagie-conosco/2024/resultados/resultado-preliminar_pos-graduacao-em-direito-prm_divinopolis.pdf;https://www-cdn.mpf.mp.br/o-mpf/unidades/prr6/estagio/2024/resultados/resultado-preliminar_pos-graduacao-em-direito-prm_divinopolis.pdf
File;http://svlp-plnptapp01.pgr.mpf.mp.br:8401/portal/regiao6/estagie-conosco/2024/resultados/resultado-preliminar_pos-graduacao-em-direito-prm_sete-lagoas.pdf;https://www-cdn.mpf.mp.br/o-mpf/unidades/prr6/estagio/2024/resultados/resultado-preliminar_pos-graduacao-em-direito-prm_sete-lagoas.pdf
File;http://svlp-plnptapp01.pgr.mpf.mp.br:8401/portal/regiao6/estagie-conosco/2024/resultados/resultado-preliminar_pos-graduacao-em-direito-prm_varginha.pdf;https://www-cdn.mpf.mp.br/o-mpf/unidades/prr6/estagio/2024/resultados/resultado-preliminar_pos-graduacao-em-direito-prm_varginha.pdf
File;http://svlp-plnptapp01.pgr.mpf.mp.br:8401/portal/regiao6/estagie-conosco/2024/resultados/resultado-preliminar_pos-graduacao-em-direito-prmg-e-prr6_belo-horizonte.pdf;https://www-cdn.mpf.mp.br/o-mpf/unidades/prr6/estagio/2024/resultados/resultado-preliminar_pos-graduacao-em-direito-prmg-e-prr6_belo-horizonte.pdf
File;http://svlp-plnptapp01.pgr.mpf.mp.br:8401/portal/regiao6/estagie-conosco/2024/resultados/resultados-preliminares-das-areas-administrativas_prmg-e-prr6.pdf;https://www-cdn.mpf.mp.br/o-mpf/unidades/prr6/estagio/2024/resultados/resultados-preliminares-das-areas-administrativas_prmg-e-prr6.pdf
File;http://svlp-plnptapp01.pgr.mpf.mp.br:8401/portal/regiao6/estagie-conosco/2024/resultados/resumo_questoes-anuladas.pdf;https://www-cdn.mpf.mp.br/o-mpf/unidades/prr6/estagio/2024/resultados/resumo_questoes-anuladas.pdf
Folder;http://svlp-plnptapp01.pgr.mpf.mp.br:8401/portal/regiao6/estagie-conosco/2025-1;https://www-cdn.mpf.mp.br/o-mpf/unidades/prr6/estagio/2025-1
File;http://svlp-plnptapp01.pgr.mpf.mp.br:8401/portal/regiao6/estagie-conosco/2025-1/aviso-aos-candidatos-acesso-a-correcao-da-prova-discursiva-e-epelhos-das-provas.pdf;https://www-cdn.mpf.mp.br/o-mpf/unidades/prr6/estagio/2025-1/aviso-aos-candidatos-acesso-a-correcao-da-prova-discursiva-e-epelhos-das-provas.pdf
File;http://svlp-plnptapp01.pgr.mpf.mp.br:8401/portal/regiao6/estagie-conosco/2025-1/aviso-aos-candidatos-alteracao-data-da-prova-objetiva.pdf;https://www-cdn.mpf.mp.br/o-mpf/unidades/prr6/estagio/2025-1/aviso-aos-candidatos-alteracao-data-da-prova-objetiva.pdf
File;http://svlp-plnptapp01.pgr.mpf.mp.br:8401/portal/regiao6/estagie-conosco/2025-1/aviso-aos-candidatos-atualizacao-do-cronograma-da-etapa-de-heteroidentificacao.pdf;https://www-cdn.mpf.mp.br/o-mpf/unidades/prr6/estagio/2025-1/aviso-aos-candidatos-atualizacao-do-cronograma-da-etapa-de-heteroidentificacao.pdf
File;http://svlp-plnptapp01.pgr.mpf.mp.br:8401/portal/regiao6/estagie-conosco/2025-1/aviso-aos-candidatos-convocacao-para-a-banca-de-heteroidentificacao-retificado-1.pdf;https://www-cdn.mpf.mp.br/o-mpf/unidades/prr6/estagio/2025-1/aviso-aos-candidatos-convocacao-para-a-banca-de-heteroidentificacao-retificado-1.pdf
File;http://svlp-plnptapp01.pgr.mpf.mp.br:8401/portal/regiao6/estagie-conosco/2025-1/aviso-aos-candidatos-gabarito-preliminar-prova-objetiva.pdf;https://www-cdn.mpf.mp.br/o-mpf/unidades/prr6/estagio/2025-1/aviso-aos-candidatos-gabarito-preliminar-prova-objetiva.pdf
File;http://svlp-plnptapp01.pgr.mpf.mp.br:8401/portal/regiao6/estagie-conosco/2025-1/aviso-aos-candidatos-resultado-definitivo-das-entrevistas-da-banca-de-heteroidentificacao.pdf;https://www-cdn.mpf.mp.br/o-mpf/unidades/prr6/estagio/2025-1/aviso-aos-candidatos-resultado-definitivo-das-entrevistas-da-banca-de-heteroidentificacao.pdf
File;http://svlp-plnptapp01.pgr.mpf.mp.br:8401/portal/regiao6/estagie-conosco/2025-1/aviso-aos-candidatos-resultado-preliminar-das-entrevistas-da-banca-de-heteroidentificacao.pdf;https://www-cdn.mpf.mp.br/o-mpf/unidades/prr6/estagio/2025-1/aviso-aos-candidatos-resultado-preliminar-das-entrevistas-da-banca-de-heteroidentificacao.pdf
File;http://svlp-plnptapp01.pgr.mpf.mp.br:8401/portal/regiao6/estagie-conosco/2025-1/aviso-aos-candidatos-retificacoes.pdf;https://www-cdn.mpf.mp.br/o-mpf/unidades/prr6/estagio/2025-1/aviso-aos-candidatos-retificacoes.pdf
File;http://svlp-plnptapp01.pgr.mpf.mp.br:8401/portal/regiao6/estagie-conosco/2025-1/confirmacao-da-inscricao-de-candidatos-concorrentes-as-vagas-cotistas-destinadas-as-pessoas-com-deficiencia;https://www-cdn.mpf.mp.br/o-mpf/unidades/prr6/estagio/2025-1/confirmacao-da-inscricao-de-candidatos-concorrentes-as-vagas-cotistas-destinadas-as-pessoas-com-deficiencia
File;http://svlp-plnptapp01.pgr.mpf.mp.br:8401/portal/regiao6/estagie-conosco/2025-1/data-e-horario-da-prova-discursiva-online;https://www-cdn.mpf.mp.br/o-mpf/unidades/prr6/estagio/2025-1/data-e-horario-da-prova-discursiva-online
File;http://svlp-plnptapp01.pgr.mpf.mp.br:8401/portal/regiao6/estagie-conosco/2025-1/data-e-horario-da-prova-objetiva-online.pdf;https://www-cdn.mpf.mp.br/o-mpf/unidades/prr6/estagio/2025-1/data-e-horario-da-prova-objetiva-online.pdf
File;http://svlp-plnptapp01.pgr.mpf.mp.br:8401/portal/regiao6/estagie-conosco/2025-1/edital-prr6-pr-mg-estagio;https://www-cdn.mpf.mp.br/o-mpf/unidades/prr6/estagio/2025-1/edital-prr6-pr-mg-estagio
File;http://svlp-plnptapp01.pgr.mpf.mp.br:8401/portal/regiao6/estagie-conosco/2025-1/inscricoes-deferidas-prmg-belo-horizonte.pdf;https://www-cdn.mpf.mp.br/o-mpf/unidades/prr6/estagio/2025-1/inscricoes-deferidas-prmg-belo-horizonte.pdf
File;http://svlp-plnptapp01.pgr.mpf.mp.br:8401/portal/regiao6/estagie-conosco/2025-1/inscricoes-deferidas-sao-joao-del-rei.pdf;https://www-cdn.mpf.mp.br/o-mpf/unidades/prr6/estagio/2025-1/inscricoes-deferidas-sao-joao-del-rei.pdf
File;http://svlp-plnptapp01.pgr.mpf.mp.br:8401/portal/regiao6/estagie-conosco/2025-1/inscricoes-deferidas-uberaba.pdf;https://www-cdn.mpf.mp.br/o-mpf/unidades/prr6/estagio/2025-1/inscricoes-deferidas-uberaba.pdf
File;http://svlp-plnptapp01.pgr.mpf.mp.br:8401/portal/regiao6/estagie-conosco/2025-1/inscricoes-deferidas-uberlandia.pdf;https://www-cdn.mpf.mp.br/o-mpf/unidades/prr6/estagio/2025-1/inscricoes-deferidas-uberlandia.pdf
Document;http://svlp-plnptapp01.pgr.mpf.mp.br:8401/portal/regiao6/estagie-conosco/2025-1/orientacoes-para-os-candidatos;https://www-cdn.mpf.mp.br/o-mpf/unidades/prr6/estagio/2025-1/orientacoes-para-os-candidatos
File;http://svlp-plnptapp01.pgr.mpf.mp.br:8401/portal/regiao6/estagie-conosco/2025-1/questao-de-direito-graduacao.pdf;https://www-cdn.mpf.mp.br/o-mpf/unidades/prr6/estagio/2025-1/questao-de-direito-graduacao.pdf
File;http://svlp-plnptapp01.pgr.mpf.mp.br:8401/portal/regiao6/estagie-conosco/2025-1/questao-de-direito-pos-graduacao.pdf;https://www-cdn.mpf.mp.br/o-mpf/unidades/prr6/estagio/2025-1/questao-de-direito-pos-graduacao.pdf
File;http://svlp-plnptapp01.pgr.mpf.mp.br:8401/portal/regiao6/estagie-conosco/2025-1/resultado-dos-recursos-e-retificacao-2a-etapa-prova-discursiva.pdf;https://www-cdn.mpf.mp.br/o-mpf/unidades/prr6/estagio/2025-1/resultado-dos-recursos-e-retificacao-2a-etapa-prova-discursiva.pdf
File;http://svlp-plnptapp01.pgr.mpf.mp.br:8401/portal/regiao6/estagie-conosco/2025-1/resultado-preliminar-graduacao-em-direito_prm-uberaba.pdf;https://www-cdn.mpf.mp.br/o-mpf/unidades/prr6/estagio/2025-1/resultado-preliminar-graduacao-em-direito_prm-uberaba.pdf
File;http://svlp-plnptapp01.pgr.mpf.mp.br:8401/portal/regiao6/estagie-conosco/2025-1/resultado-preliminar-graduacao-em-direito_prm-uberlandia.pdf;https://www-cdn.mpf.mp.br/o-mpf/unidades/prr6/estagio/2025-1/resultado-preliminar-graduacao-em-direito_prm-uberlandia.pdf
File;http://svlp-plnptapp01.pgr.mpf.mp.br:8401/portal/regiao6/estagie-conosco/2025-1/resultado-preliminar-graduacao-em-direito_prm_sao-joao-del-rei.pdf;https://www-cdn.mpf.mp.br/o-mpf/unidades/prr6/estagio/2025-1/resultado-preliminar-graduacao-em-direito_prm_sao-joao-del-rei.pdf
File;http://svlp-plnptapp01.pgr.mpf.mp.br:8401/portal/regiao6/estagie-conosco/2025-1/resultado-preliminar-graduacao-em-direito_prm_sao-joao-del-rei_retificado.pdf;https://www-cdn.mpf.mp.br/o-mpf/unidades/prr6/estagio/2025-1/resultado-preliminar-graduacao-em-direito_prm_sao-joao-del-rei_retificado.pdf
File;http://svlp-plnptapp01.pgr.mpf.mp.br:8401/portal/regiao6/estagie-conosco/2025-1/resultado-preliminar-graduacao-em-direito_prmg-e-prr6a-regiao.pdf;https://www-cdn.mpf.mp.br/o-mpf/unidades/prr6/estagio/2025-1/resultado-preliminar-graduacao-em-direito_prmg-e-prr6a-regiao.pdf
File;http://svlp-plnptapp01.pgr.mpf.mp.br:8401/portal/regiao6/estagie-conosco/2025-1/resultado-preliminar-pos-graduacao-em-direito_prm-uberaba.pdf;https://www-cdn.mpf.mp.br/o-mpf/unidades/prr6/estagio/2025-1/resultado-preliminar-pos-graduacao-em-direito_prm-uberaba.pdf
File;http://svlp-plnptapp01.pgr.mpf.mp.br:8401/portal/regiao6/estagie-conosco/2025-1/resultado-preliminar-pos-graduacao-em-direito_prm_sao-joao-del-rei.pdf;https://www-cdn.mpf.mp.br/o-mpf/unidades/prr6/estagio/2025-1/resultado-preliminar-pos-graduacao-em-direito_prm_sao-joao-del-rei.pdf
File;http://svlp-plnptapp01.pgr.mpf.mp.br:8401/portal/regiao6/estagie-conosco/2025-1/resultado-prova-objetiva;https://www-cdn.mpf.mp.br/o-mpf/unidades/prr6/estagio/2025-1/resultado-prova-objetiva
File;http://svlp-plnptapp01.pgr.mpf.mp.br:8401/portal/regiao6/estagie-conosco/2025-1/resultado_apos-recurso_-pos-graduacao-em-direito_prm-uberaba.pdf;https://www-cdn.mpf.mp.br/o-mpf/unidades/prr6/estagio/2025-1/resultado_apos-recurso_-pos-graduacao-em-direito_prm-uberaba.pdf
File;http://svlp-plnptapp01.pgr.mpf.mp.br:8401/portal/regiao6/estagie-conosco/2025-1/resultado_apos-recurso_graduacao-em-direito_prm-uberaba.pdf;https://www-cdn.mpf.mp.br/o-mpf/unidades/prr6/estagio/2025-1/resultado_apos-recurso_graduacao-em-direito_prm-uberaba.pdf
File;http://svlp-plnptapp01.pgr.mpf.mp.br:8401/portal/regiao6/estagie-conosco/2025-1/resultado_apos-recurso_graduacao-em-direito_prm-uberlandia.pdf;https://www-cdn.mpf.mp.br/o-mpf/unidades/prr6/estagio/2025-1/resultado_apos-recurso_graduacao-em-direito_prm-uberlandia.pdf
File;http://svlp-plnptapp01.pgr.mpf.mp.br:8401/portal/regiao6/estagie-conosco/2025-1/resultado_apos-recurso_graduacao-em-direito_prm_sao-joao-del-rei.pdf;https://www-cdn.mpf.mp.br/o-mpf/unidades/prr6/estagio/2025-1/resultado_apos-recurso_graduacao-em-direito_prm_sao-joao-del-rei.pdf
File;http://svlp-plnptapp01.pgr.mpf.mp.br:8401/portal/regiao6/estagie-conosco/2025-1/resultado_apos-recurso_graduacao-em-direito_prmg-e-prr6a-regiao.pdf;https://www-cdn.mpf.mp.br/o-mpf/unidades/prr6/estagio/2025-1/resultado_apos-recurso_graduacao-em-direito_prmg-e-prr6a-regiao.pdf
File;http://svlp-plnptapp01.pgr.mpf.mp.br:8401/portal/regiao6/estagie-conosco/2025-1/resultado_apos-recurso_pos-graduacao-em-direito_prm_sao-joao-del-rei.pdf;https://www-cdn.mpf.mp.br/o-mpf/unidades/prr6/estagio/2025-1/resultado_apos-recurso_pos-graduacao-em-direito_prm_sao-joao-del-rei.pdf
Folder;http://svlp-plnptapp01.pgr.mpf.mp.br:8401/portal/regiao6/estagie-conosco/2025-1/resultados;https://www-cdn.mpf.mp.br/o-mpf/unidades/prr6/estagio/2025-1/resultados
File;http://svlp-plnptapp01.pgr.mpf.mp.br:8401/portal/regiao6/estagie-conosco/2025-1/resultados/resultado_final_-pos-graduacao-em-direito_prm-uberaba.pdf;https://www-cdn.mpf.mp.br/o-mpf/unidades/prr6/estagio/2025-1/resultados/resultado_final_-pos-graduacao-em-direito_prm-uberaba.pdf
File;http://svlp-plnptapp01.pgr.mpf.mp.br:8401/portal/regiao6/estagie-conosco/2025-1/resultados/resultado_final_graduacao-em-direito_prm-uberaba.pdf;https://www-cdn.mpf.mp.br/o-mpf/unidades/prr6/estagio/2025-1/resultados/resultado_final_graduacao-em-direito_prm-uberaba.pdf
File;http://svlp-plnptapp01.pgr.mpf.mp.br:8401/portal/regiao6/estagie-conosco/2025-1/resultados/resultado_final_graduacao-em-direito_prm-uberlandia.pdf;https://www-cdn.mpf.mp.br/o-mpf/unidades/prr6/estagio/2025-1/resultados/resultado_final_graduacao-em-direito_prm-uberlandia.pdf
File;http://svlp-plnptapp01.pgr.mpf.mp.br:8401/portal/regiao6/estagie-conosco/2025-1/resultados/resultado_final_graduacao-em-direito_prm_sao-joao-del-rei.pdf;https://www-cdn.mpf.mp.br/o-mpf/unidades/prr6/estagio/2025-1/resultados/resultado_final_graduacao-em-direito_prm_sao-joao-del-rei.pdf
File;http://svlp-plnptapp01.pgr.mpf.mp.br:8401/portal/regiao6/estagie-conosco/2025-1/resultados/resultado_final_graduacao-em-direito_prmg-e-prr6a-regiao.pdf;https://www-cdn.mpf.mp.br/o-mpf/unidades/prr6/estagio/2025-1/resultados/resultado_final_graduacao-em-direito_prmg-e-prr6a-regiao.pdf
File;http://svlp-plnptapp01.pgr.mpf.mp.br:8401/portal/regiao6/estagie-conosco/2025-1/resultados/resultado_final_pos-graduacao-em-direito_prm_sao-joao-del-rei.pdf;https://www-cdn.mpf.mp.br/o-mpf/unidades/prr6/estagio/2025-1/resultados/resultado_final_pos-graduacao-em-direito_prm_sao-joao-del-rei.pdf
File;http://svlp-plnptapp01.pgr.mpf.mp.br:8401/portal/regiao6/estagie-conosco/2025-1/resumo-das-questoes-anuladas-na-1o-etapa-prova-objetiva-1;https://www-cdn.mpf.mp.br/o-mpf/unidades/prr6/estagio/2025-1/resumo-das-questoes-anuladas-na-1o-etapa-prova-objetiva-1
File;http://svlp-plnptapp01.pgr.mpf.mp.br:8401/portal/regiao6/estagie-conosco/2025-1/validacao_acesso-de-prova.pdf;https://www-cdn.mpf.mp.br/o-mpf/unidades/prr6/estagio/2025-1/validacao_acesso-de-prova.pdf
Folder;http://svlp-plnptapp01.pgr.mpf.mp.br:8401/portal/regiao6/estagie-conosco/2025-2;https://www-cdn.mpf.mp.br/o-mpf/unidades/prr6/estagio/2025-2
Folder;http://svlp-plnptapp01.pgr.mpf.mp.br:8401/portal/regiao6/estagie-conosco/2025-2/avisos;https://www-cdn.mpf.mp.br/o-mpf/unidades/prr6/estagio/2025-2/avisos
File;http://svlp-plnptapp01.pgr.mpf.mp.br:8401/portal/regiao6/estagie-conosco/2025-2/avisos/aviso-aos-candidatos-acesso-a-correcao-da-prova-discursiva-e-espelhos-das-provas;https://www-cdn.mpf.mp.br/o-mpf/unidades/prr6/estagio/2025-2/avisos/aviso-aos-candidatos-acesso-a-correcao-da-prova-discursiva-e-espelhos-das-provas
File;http://svlp-plnptapp01.pgr.mpf.mp.br:8401/portal/regiao6/estagie-conosco/2025-2/avisos/aviso-confirmacao-data-e-hora-prova-objetiva.pdf;https://www-cdn.mpf.mp.br/o-mpf/unidades/prr6/estagio/2025-2/avisos/aviso-confirmacao-data-e-hora-prova-objetiva.pdf
File;http://svlp-plnptapp01.pgr.mpf.mp.br:8401/portal/regiao6/estagie-conosco/2025-2/avisos/banca-medica-resultado-definitivo;https://www-cdn.mpf.mp.br/o-mpf/unidades/prr6/estagio/2025-2/avisos/banca-medica-resultado-definitivo
File;http://svlp-plnptapp01.pgr.mpf.mp.br:8401/portal/regiao6/estagie-conosco/2025-2/avisos/banca-medica.pdf;https://www-cdn.mpf.mp.br/o-mpf/unidades/prr6/estagio/2025-2/avisos/banca-medica.pdf
File;http://svlp-plnptapp01.pgr.mpf.mp.br:8401/portal/regiao6/estagie-conosco/2025-2/avisos/convite-para-celebracao-de-convenio-de-estagio-prr6.pdf;https://www-cdn.mpf.mp.br/o-mpf/unidades/prr6/estagio/2025-2/avisos/convite-para-celebracao-de-convenio-de-estagio-prr6.pdf
File;http://svlp-plnptapp01.pgr.mpf.mp.br:8401/portal/regiao6/estagie-conosco/2025-2/avisos/convocacao-para-banca-de-heteroidentificacao;https://www-cdn.mpf.mp.br/o-mpf/unidades/prr6/estagio/2025-2/avisos/convocacao-para-banca-de-heteroidentificacao
File;http://svlp-plnptapp01.pgr.mpf.mp.br:8401/portal/regiao6/estagie-conosco/2025-2/avisos/data-e-horario-da-prova-subjetiva-online;https://www-cdn.mpf.mp.br/o-mpf/unidades/prr6/estagio/2025-2/avisos/data-e-horario-da-prova-subjetiva-online
File;http://svlp-plnptapp01.pgr.mpf.mp.br:8401/portal/regiao6/estagie-conosco/2025-2/avisos/edital-resultado-final_graduacaodireito_prmg-e-prr6_belo-horizonte-1;https://www-cdn.mpf.mp.br/o-mpf/unidades/prr6/estagio/2025-2/avisos/edital-resultado-final_graduacaodireito_prmg-e-prr6_belo-horizonte-1
File;http://svlp-plnptapp01.pgr.mpf.mp.br:8401/portal/regiao6/estagie-conosco/2025-2/avisos/espelho-de-prova-questao-graduacao;https://www-cdn.mpf.mp.br/o-mpf/unidades/prr6/estagio/2025-2/avisos/espelho-de-prova-questao-graduacao
File;http://svlp-plnptapp01.pgr.mpf.mp.br:8401/portal/regiao6/estagie-conosco/2025-2/avisos/inscricoes-deferidas-prmg-prr6-belo-horizonte-2-2025.pdf;https://www-cdn.mpf.mp.br/o-mpf/unidades/prr6/estagio/2025-2/avisos/inscricoes-deferidas-prmg-prr6-belo-horizonte-2-2025.pdf
File;http://svlp-plnptapp01.pgr.mpf.mp.br:8401/portal/regiao6/estagie-conosco/2025-2/avisos/orientacoes-para-o-candidato-e-link-para-a-inscricao;https://www-cdn.mpf.mp.br/o-mpf/unidades/prr6/estagio/2025-2/avisos/orientacoes-para-o-candidato-e-link-para-a-inscricao
File;http://svlp-plnptapp01.pgr.mpf.mp.br:8401/portal/regiao6/estagie-conosco/2025-2/avisos/resultado-1a-etapa_prova-objetiva_prmg_prr6-2;https://www-cdn.mpf.mp.br/o-mpf/unidades/prr6/estagio/2025-2/avisos/resultado-1a-etapa_prova-objetiva_prmg_prr6-2
File;http://svlp-plnptapp01.pgr.mpf.mp.br:8401/portal/regiao6/estagie-conosco/2025-2/avisos/resultado-preliminar-graduacao-em-direito-e-prr6-e-pr-mg;https://www-cdn.mpf.mp.br/o-mpf/unidades/prr6/estagio/2025-2/avisos/resultado-preliminar-graduacao-em-direito-e-prr6-e-pr-mg
File;http://svlp-plnptapp01.pgr.mpf.mp.br:8401/portal/regiao6/estagie-conosco/2025-2/avisos/resultadofinaladministracao-prmgeprr6;https://www-cdn.mpf.mp.br/o-mpf/unidades/prr6/estagio/2025-2/avisos/resultadofinaladministracao-prmgeprr6
File;http://svlp-plnptapp01.pgr.mpf.mp.br:8401/portal/regiao6/estagie-conosco/2025-2/avisos/resultadofinalengenhariacivil-prmgeprr6;https://www-cdn.mpf.mp.br/o-mpf/unidades/prr6/estagio/2025-2/avisos/resultadofinalengenhariacivil-prmgeprr6
File;http://svlp-plnptapp01.pgr.mpf.mp.br:8401/portal/regiao6/estagie-conosco/2025-2/avisos/resultadofinaltecnologiadainformacao-prmgeprr6;https://www-cdn.mpf.mp.br/o-mpf/unidades/prr6/estagio/2025-2/avisos/resultadofinaltecnologiadainformacao-prmgeprr6
File;http://svlp-plnptapp01.pgr.mpf.mp.br:8401/portal/regiao6/estagie-conosco/2025-2/avisos/validacao-de-acesso-ao-ambiente-de-prova.pdf;https://www-cdn.mpf.mp.br/o-mpf/unidades/prr6/estagio/2025-2/avisos/validacao-de-acesso-ao-ambiente-de-prova.pdf
Folder;http://svlp-plnptapp01.pgr.mpf.mp.br:8401/portal/regiao6/estagie-conosco/2025-2/editais;https://www-cdn.mpf.mp.br/o-mpf/unidades/prr6/estagio/2025-2/editais
File;http://svlp-plnptapp01.pgr.mpf.mp.br:8401/portal/regiao6/estagie-conosco/2025-2/editais/edital-prr6-prmg-mpf-no-30-de-23-de-julho-de-2025-3;https://www-cdn.mpf.mp.br/o-mpf/unidades/prr6/estagio/2025-2/editais/edital-prr6-prmg-mpf-no-30-de-23-de-julho-de-2025-3
File;http://svlp-plnptapp01.pgr.mpf.mp.br:8401/portal/regiao6/estagie-conosco/2025-2/editais/edital_33_2025.pdf;https://www-cdn.mpf.mp.br/o-mpf/unidades/prr6/estagio/2025-2/editais/edital_33_2025.pdf
File;http://svlp-plnptapp01.pgr.mpf.mp.br:8401/portal/regiao6/estagie-conosco/2025-2/editais/questoes-anuladas.pdf;https://www-cdn.mpf.mp.br/o-mpf/unidades/prr6/estagio/2025-2/editais/questoes-anuladas.pdf
File;http://svlp-plnptapp01.pgr.mpf.mp.br:8401/portal/regiao6/estagie-conosco/2025-2/editais/resultado-definitivo-_-banca-heteroidentificacao.pdf;https://www-cdn.mpf.mp.br/o-mpf/unidades/prr6/estagio/2025-2/editais/resultado-definitivo-_-banca-heteroidentificacao.pdf
File;http://svlp-plnptapp01.pgr.mpf.mp.br:8401/portal/regiao6/estagie-conosco/2025-2/editais/resultado-preliminar-banca-heteroidentificacao.pdf;https://www-cdn.mpf.mp.br/o-mpf/unidades/prr6/estagio/2025-2/editais/resultado-preliminar-banca-heteroidentificacao.pdf
File;http://svlp-plnptapp01.pgr.mpf.mp.br:8401/portal/regiao6/estagie-conosco/codigo-de-etica-e-conduta-do-mpu.pdf;https://www-cdn.mpf.mp.br/o-mpf/unidades/prr6/estagio/codigo-de-etica-e-conduta-do-mpu.pdf
Document;http://svlp-plnptapp01.pgr.mpf.mp.br:8401/portal/regiao6/estagie-conosco/copy_of_1o-processo-seletivo-de-estagio-2025;https://www-cdn.mpf.mp.br/o-mpf/unidades/prr6/estagio/copy_of_1o-processo-seletivo-de-estagio-2025
Folder;http://svlp-plnptapp01.pgr.mpf.mp.br:8401/portal/regiao6/estagie-conosco/copy_of_2022/documentos-diversos;https://www-cdn.mpf.mp.br/o-mpf/unidades/prr6/estagio/copy_of_2022/documentos-diversos
File;http://svlp-plnptapp01.pgr.mpf.mp.br:8401/portal/regiao6/estagie-conosco/copy_of_2022/documentos-diversos/comunicado-0807.pdf;https://www-cdn.mpf.mp.br/o-mpf/unidades/prr6/estagio/copy_of_2022/documentos-diversos/comunicado-0807.pdf
File;http://svlp-plnptapp01.pgr.mpf.mp.br:8401/portal/regiao6/estagie-conosco/copy_of_2022/documentos-diversos/comunicado-3-acesso-a-prova.pdf;https://www-cdn.mpf.mp.br/o-mpf/unidades/prr6/estagio/copy_of_2022/documentos-diversos/comunicado-3-acesso-a-prova.pdf
File;http://svlp-plnptapp01.pgr.mpf.mp.br:8401/portal/regiao6/estagie-conosco/copy_of_2022/documentos-diversos/comunicado-3-acesso-as-provas-direito-graduacao-e-pos-graduacao.pdf;https://www-cdn.mpf.mp.br/o-mpf/unidades/prr6/estagio/copy_of_2022/documentos-diversos/comunicado-3-acesso-as-provas-direito-graduacao-e-pos-graduacao.pdf
File;http://svlp-plnptapp01.pgr.mpf.mp.br:8401/portal/regiao6/estagie-conosco/copy_of_2022/documentos-diversos/comunicado2-1207-areaadm.pdf;https://www-cdn.mpf.mp.br/o-mpf/unidades/prr6/estagio/copy_of_2022/documentos-diversos/comunicado2-1207-areaadm.pdf
File;http://svlp-plnptapp01.pgr.mpf.mp.br:8401/portal/regiao6/estagie-conosco/copy_of_2022/documentos-diversos/comunicado2-1207.pdf;https://www-cdn.mpf.mp.br/o-mpf/unidades/prr6/estagio/copy_of_2022/documentos-diversos/comunicado2-1207.pdf
File;http://svlp-plnptapp01.pgr.mpf.mp.br:8401/portal/regiao6/estagie-conosco/copy_of_2022/documentos-diversos/lista-inscricoesconfirmadas-areaadministrativa.pdf;https://www-cdn.mpf.mp.br/o-mpf/unidades/prr6/estagio/copy_of_2022/documentos-diversos/lista-inscricoesconfirmadas-areaadministrativa.pdf
File;http://svlp-plnptapp01.pgr.mpf.mp.br:8401/portal/regiao6/estagie-conosco/copy_of_2022/documentos-diversos/lista-inscricoesconfirmadas-posgraduacao-engcivil.pdf;https://www-cdn.mpf.mp.br/o-mpf/unidades/prr6/estagio/copy_of_2022/documentos-diversos/lista-inscricoesconfirmadas-posgraduacao-engcivil.pdf
File;http://svlp-plnptapp01.pgr.mpf.mp.br:8401/portal/regiao6/estagie-conosco/copy_of_2022/documentos-diversos/lista-inscricoesconfirmadas-prm-direito-graduacao-1.pdf;https://www-cdn.mpf.mp.br/o-mpf/unidades/prr6/estagio/copy_of_2022/documentos-diversos/lista-inscricoesconfirmadas-prm-direito-graduacao-1.pdf
File;http://svlp-plnptapp01.pgr.mpf.mp.br:8401/portal/regiao6/estagie-conosco/copy_of_2022/documentos-diversos/lista-inscricoesconfirmadas-prm-direito-posgrad.pdf;https://www-cdn.mpf.mp.br/o-mpf/unidades/prr6/estagio/copy_of_2022/documentos-diversos/lista-inscricoesconfirmadas-prm-direito-posgrad.pdf
File;http://svlp-plnptapp01.pgr.mpf.mp.br:8401/portal/regiao6/estagie-conosco/copy_of_2022/documentos-diversos/listagem-candidatos-inscritos-direito-bh.pdf;https://www-cdn.mpf.mp.br/o-mpf/unidades/prr6/estagio/copy_of_2022/documentos-diversos/listagem-candidatos-inscritos-direito-bh.pdf
Folder;http://svlp-plnptapp01.pgr.mpf.mp.br:8401/portal/regiao6/estagie-conosco/copy_of_2022/editais-2022;https://www-cdn.mpf.mp.br/o-mpf/unidades/prr6/estagio/copy_of_2022/editais-2022
File;http://svlp-plnptapp01.pgr.mpf.mp.br:8401/portal/regiao6/estagie-conosco/copy_of_2022/editais-2022/edital-10-2022-prmg-retifica-areasadmin.pdf;https://www-cdn.mpf.mp.br/o-mpf/unidades/prr6/estagio/copy_of_2022/editais-2022/edital-10-2022-prmg-retifica-areasadmin.pdf
File;http://svlp-plnptapp01.pgr.mpf.mp.br:8401/portal/regiao6/estagie-conosco/copy_of_2022/editais-2022/edital-11-2022-prorroga-prazo-entrega-docs.pdf;https://www-cdn.mpf.mp.br/o-mpf/unidades/prr6/estagio/copy_of_2022/editais-2022/edital-11-2022-prorroga-prazo-entrega-docs.pdf
File;http://svlp-plnptapp01.pgr.mpf.mp.br:8401/portal/regiao6/estagie-conosco/copy_of_2022/editais-2022/edital-12-de-convocacao-banca-heteroidentificacao-graduacao-direito.pdf;https://www-cdn.mpf.mp.br/o-mpf/unidades/prr6/estagio/copy_of_2022/editais-2022/edital-12-de-convocacao-banca-heteroidentificacao-graduacao-direito.pdf
File;http://svlp-plnptapp01.pgr.mpf.mp.br:8401/portal/regiao6/estagie-conosco/copy_of_2022/editais-2022/edital-13-de-convocacao-banca-heteroidentificacao-pos-graduacao-direito.pdf;https://www-cdn.mpf.mp.br/o-mpf/unidades/prr6/estagio/copy_of_2022/editais-2022/edital-13-de-convocacao-banca-heteroidentificacao-pos-graduacao-direito.pdf
File;http://svlp-plnptapp01.pgr.mpf.mp.br:8401/portal/regiao6/estagie-conosco/copy_of_2022/editais-2022/edital-14-de-convocacao-banca-heteroidentificacao-administrativo-graduacao.pdf;https://www-cdn.mpf.mp.br/o-mpf/unidades/prr6/estagio/copy_of_2022/editais-2022/edital-14-de-convocacao-banca-heteroidentificacao-administrativo-graduacao.pdf
File;http://svlp-plnptapp01.pgr.mpf.mp.br:8401/portal/regiao6/estagie-conosco/copy_of_2022/editais-2022/edital-16-retificacao-convocacao-banca-heteroidentificacao-graduacao-direito.pdf;https://www-cdn.mpf.mp.br/o-mpf/unidades/prr6/estagio/copy_of_2022/editais-2022/edital-16-retificacao-convocacao-banca-heteroidentificacao-graduacao-direito.pdf
File;http://svlp-plnptapp01.pgr.mpf.mp.br:8401/portal/regiao6/estagie-conosco/copy_of_2022/editais-2022/edital-17-retificacao-de-convocacao-banca-heteroidentificacao-pos-graduacao-direito.pdf;https://www-cdn.mpf.mp.br/o-mpf/unidades/prr6/estagio/copy_of_2022/editais-2022/edital-17-retificacao-de-convocacao-banca-heteroidentificacao-pos-graduacao-direito.pdf
File;http://svlp-plnptapp01.pgr.mpf.mp.br:8401/portal/regiao6/estagie-conosco/copy_of_2022/editais-2022/edital-18-retificacao-convocacao-banca-heteroidentificacao-administrativo-graduacao.pdf;https://www-cdn.mpf.mp.br/o-mpf/unidades/prr6/estagio/copy_of_2022/editais-2022/edital-18-retificacao-convocacao-banca-heteroidentificacao-administrativo-graduacao.pdf
File;http://svlp-plnptapp01.pgr.mpf.mp.br:8401/portal/regiao6/estagie-conosco/copy_of_2022/editais-2022/edital-19-resultado-preliminar-heteroidentificacao-graduacao-direito.pdf;https://www-cdn.mpf.mp.br/o-mpf/unidades/prr6/estagio/copy_of_2022/editais-2022/edital-19-resultado-preliminar-heteroidentificacao-graduacao-direito.pdf
File;http://svlp-plnptapp01.pgr.mpf.mp.br:8401/portal/regiao6/estagie-conosco/copy_of_2022/editais-2022/edital-20-resultado-preliminar-heteroidentificacao-pos-graduacao-direito.pdf;https://www-cdn.mpf.mp.br/o-mpf/unidades/prr6/estagio/copy_of_2022/editais-2022/edital-20-resultado-preliminar-heteroidentificacao-pos-graduacao-direito.pdf
File;http://svlp-plnptapp01.pgr.mpf.mp.br:8401/portal/regiao6/estagie-conosco/copy_of_2022/editais-2022/edital-21-resultado-preliminar-heteroidentificacao-administrativo.pdf;https://www-cdn.mpf.mp.br/o-mpf/unidades/prr6/estagio/copy_of_2022/editais-2022/edital-21-resultado-preliminar-heteroidentificacao-administrativo.pdf
File;http://svlp-plnptapp01.pgr.mpf.mp.br:8401/portal/regiao6/estagie-conosco/copy_of_2022/editais-2022/edital-22-2022-resultadopreliminar-areasadministrativas.pdf;https://www-cdn.mpf.mp.br/o-mpf/unidades/prr6/estagio/copy_of_2022/editais-2022/edital-22-2022-resultadopreliminar-areasadministrativas.pdf
File;http://svlp-plnptapp01.pgr.mpf.mp.br:8401/portal/regiao6/estagie-conosco/copy_of_2022/editais-2022/edital-23-2022_resultado-final-areas-administrativas-publicacao.pdf;https://www-cdn.mpf.mp.br/o-mpf/unidades/prr6/estagio/copy_of_2022/editais-2022/edital-23-2022_resultado-final-areas-administrativas-publicacao.pdf
File;http://svlp-plnptapp01.pgr.mpf.mp.br:8401/portal/regiao6/estagie-conosco/copy_of_2022/editais-2022/edital-24-resultado-final-graduacao-direito.pdf;https://www-cdn.mpf.mp.br/o-mpf/unidades/prr6/estagio/copy_of_2022/editais-2022/edital-24-resultado-final-graduacao-direito.pdf
File;http://svlp-plnptapp01.pgr.mpf.mp.br:8401/portal/regiao6/estagie-conosco/copy_of_2022/editais-2022/edital-25-direito-pos-graduacao.pdf;https://www-cdn.mpf.mp.br/o-mpf/unidades/prr6/estagio/copy_of_2022/editais-2022/edital-25-direito-pos-graduacao.pdf
File;http://svlp-plnptapp01.pgr.mpf.mp.br:8401/portal/regiao6/estagie-conosco/copy_of_2022/editais-2022/edital-26-resultado-final-administrativo.pdf;https://www-cdn.mpf.mp.br/o-mpf/unidades/prr6/estagio/copy_of_2022/editais-2022/edital-26-resultado-final-administrativo.pdf
File;http://svlp-plnptapp01.pgr.mpf.mp.br:8401/portal/regiao6/estagie-conosco/copy_of_2022/editais-2022/edital-5-2022-aberturaprocselet-direito.pdf;https://www-cdn.mpf.mp.br/o-mpf/unidades/prr6/estagio/copy_of_2022/editais-2022/edital-5-2022-aberturaprocselet-direito.pdf
File;http://svlp-plnptapp01.pgr.mpf.mp.br:8401/portal/regiao6/estagie-conosco/copy_of_2022/editais-2022/edital-67-resultado-final-uberaba.pdf;https://www-cdn.mpf.mp.br/o-mpf/unidades/prr6/estagio/copy_of_2022/editais-2022/edital-67-resultado-final-uberaba.pdf
File;http://svlp-plnptapp01.pgr.mpf.mp.br:8401/portal/regiao6/estagie-conosco/copy_of_2022/editais-2022/edital-68-resultado-final-moc.pdf;https://www-cdn.mpf.mp.br/o-mpf/unidades/prr6/estagio/copy_of_2022/editais-2022/edital-68-resultado-final-moc.pdf
File;http://svlp-plnptapp01.pgr.mpf.mp.br:8401/portal/regiao6/estagie-conosco/copy_of_2022/editais-2022/edital-7-2022-prmg-aberturaprocselet-areas-administrativas.pdf;https://www-cdn.mpf.mp.br/o-mpf/unidades/prr6/estagio/copy_of_2022/editais-2022/edital-7-2022-prmg-aberturaprocselet-areas-administrativas.pdf
File;http://svlp-plnptapp01.pgr.mpf.mp.br:8401/portal/regiao6/estagie-conosco/copy_of_2022/editais-2022/edital-n10-retificacao.pdf;https://www-cdn.mpf.mp.br/o-mpf/unidades/prr6/estagio/copy_of_2022/editais-2022/edital-n10-retificacao.pdf
File;http://svlp-plnptapp01.pgr.mpf.mp.br:8401/portal/regiao6/estagie-conosco/copy_of_2022/editais-2022/edital-no-27-de-23-de-agosto-de-2022-resultado-preliminar-area-direito-bh.pdf;https://www-cdn.mpf.mp.br/o-mpf/unidades/prr6/estagio/copy_of_2022/editais-2022/edital-no-27-de-23-de-agosto-de-2022-resultado-preliminar-area-direito-bh.pdf
File;http://svlp-plnptapp01.pgr.mpf.mp.br:8401/portal/regiao6/estagie-conosco/copy_of_2022/editais-2022/edital-no-28-de-23-de-agosto-de-2022-resultado-preliminar-area-direito-divinopolis.pdf;https://www-cdn.mpf.mp.br/o-mpf/unidades/prr6/estagio/copy_of_2022/editais-2022/edital-no-28-de-23-de-agosto-de-2022-resultado-preliminar-area-direito-divinopolis.pdf
File;http://svlp-plnptapp01.pgr.mpf.mp.br:8401/portal/regiao6/estagie-conosco/copy_of_2022/editais-2022/edital-no-29-de-23-de-agosto-de-2022-resultado-preliminar-area-direito-governador-valadares.pdf;https://www-cdn.mpf.mp.br/o-mpf/unidades/prr6/estagio/copy_of_2022/editais-2022/edital-no-29-de-23-de-agosto-de-2022-resultado-preliminar-area-direito-governador-valadares.pdf
File;http://svlp-plnptapp01.pgr.mpf.mp.br:8401/portal/regiao6/estagie-conosco/copy_of_2022/editais-2022/edital-no-30-de-23-de-agosto-de-2022-resultado-preliminar-area-direito-ipatinga.pdf;https://www-cdn.mpf.mp.br/o-mpf/unidades/prr6/estagio/copy_of_2022/editais-2022/edital-no-30-de-23-de-agosto-de-2022-resultado-preliminar-area-direito-ipatinga.pdf
File;http://svlp-plnptapp01.pgr.mpf.mp.br:8401/portal/regiao6/estagie-conosco/copy_of_2022/editais-2022/edital-no-31-de-23-de-agosto-de-2022-resultado-preliminar-area-direito-juiz-de-fora.pdf;https://www-cdn.mpf.mp.br/o-mpf/unidades/prr6/estagio/copy_of_2022/editais-2022/edital-no-31-de-23-de-agosto-de-2022-resultado-preliminar-area-direito-juiz-de-fora.pdf
File;http://svlp-plnptapp01.pgr.mpf.mp.br:8401/portal/regiao6/estagie-conosco/copy_of_2022/editais-2022/edital-no-32-de-23-de-agosto-de-2022-resultado-preliminar-area-direito-manhuacu.pdf;https://www-cdn.mpf.mp.br/o-mpf/unidades/prr6/estagio/copy_of_2022/editais-2022/edital-no-32-de-23-de-agosto-de-2022-resultado-preliminar-area-direito-manhuacu.pdf
File;http://svlp-plnptapp01.pgr.mpf.mp.br:8401/portal/regiao6/estagie-conosco/copy_of_2022/editais-2022/edital-no-33-de-23-de-agosto-de-2022-resultado-preliminar-area-direito-passos.pdf;https://www-cdn.mpf.mp.br/o-mpf/unidades/prr6/estagio/copy_of_2022/editais-2022/edital-no-33-de-23-de-agosto-de-2022-resultado-preliminar-area-direito-passos.pdf
File;http://svlp-plnptapp01.pgr.mpf.mp.br:8401/portal/regiao6/estagie-conosco/copy_of_2022/editais-2022/edital-no-34-de-23-de-agosto-de-2022-resultado-preliminar-area-direito-patos-de-minas.pdf;https://www-cdn.mpf.mp.br/o-mpf/unidades/prr6/estagio/copy_of_2022/editais-2022/edital-no-34-de-23-de-agosto-de-2022-resultado-preliminar-area-direito-patos-de-minas.pdf
File;http://svlp-plnptapp01.pgr.mpf.mp.br:8401/portal/regiao6/estagie-conosco/copy_of_2022/editais-2022/edital-no-35-de-23-de-agosto-de-2022-resultado-preliminar-area-direito-pouso-alegre.pdf;https://www-cdn.mpf.mp.br/o-mpf/unidades/prr6/estagio/copy_of_2022/editais-2022/edital-no-35-de-23-de-agosto-de-2022-resultado-preliminar-area-direito-pouso-alegre.pdf
File;http://svlp-plnptapp01.pgr.mpf.mp.br:8401/portal/regiao6/estagie-conosco/copy_of_2022/editais-2022/edital-no-36-de-23-de-agosto-de-2022-resultado-preliminar-area-direito-sao-joao-del-rei.pdf;https://www-cdn.mpf.mp.br/o-mpf/unidades/prr6/estagio/copy_of_2022/editais-2022/edital-no-36-de-23-de-agosto-de-2022-resultado-preliminar-area-direito-sao-joao-del-rei.pdf
File;http://svlp-plnptapp01.pgr.mpf.mp.br:8401/portal/regiao6/estagie-conosco/copy_of_2022/editais-2022/edital-no-37-de-23-de-agosto-de-2022-resultado-preliminar-area-direito-teofilo-otoni.pdf;https://www-cdn.mpf.mp.br/o-mpf/unidades/prr6/estagio/copy_of_2022/editais-2022/edital-no-37-de-23-de-agosto-de-2022-resultado-preliminar-area-direito-teofilo-otoni.pdf
File;http://svlp-plnptapp01.pgr.mpf.mp.br:8401/portal/regiao6/estagie-conosco/copy_of_2022/editais-2022/edital-no-38-de-23-de-agosto-de-2022-resultado-preliminar-area-pos-graduacao-em-direito-ipatinga.pdf;https://www-cdn.mpf.mp.br/o-mpf/unidades/prr6/estagio/copy_of_2022/editais-2022/edital-no-38-de-23-de-agosto-de-2022-resultado-preliminar-area-pos-graduacao-em-direito-ipatinga.pdf
File;http://svlp-plnptapp01.pgr.mpf.mp.br:8401/portal/regiao6/estagie-conosco/copy_of_2022/editais-2022/edital-no-39-de-23-de-agosto-de-2022-resultado-preliminar-area-pos-graduacao-em-direito-pouso-alegre.pdf;https://www-cdn.mpf.mp.br/o-mpf/unidades/prr6/estagio/copy_of_2022/editais-2022/edital-no-39-de-23-de-agosto-de-2022-resultado-preliminar-area-pos-graduacao-em-direito-pouso-alegre.pdf
File;http://svlp-plnptapp01.pgr.mpf.mp.br:8401/portal/regiao6/estagie-conosco/copy_of_2022/editais-2022/edital-no-40-de-23-de-agosto-de-2022-resultado-preliminar-area-pos-graduacao-em-direito-uberlandia.pdf;https://www-cdn.mpf.mp.br/o-mpf/unidades/prr6/estagio/copy_of_2022/editais-2022/edital-no-40-de-23-de-agosto-de-2022-resultado-preliminar-area-pos-graduacao-em-direito-uberlandia.pdf
File;http://svlp-plnptapp01.pgr.mpf.mp.br:8401/portal/regiao6/estagie-conosco/copy_of_2022/editais-2022/edital-no-41-de-23-de-agosto-de-2022-resultado-preliminar-area-pos-graduacao-em-direito-juiz-de-fora.pdf;https://www-cdn.mpf.mp.br/o-mpf/unidades/prr6/estagio/copy_of_2022/editais-2022/edital-no-41-de-23-de-agosto-de-2022-resultado-preliminar-area-pos-graduacao-em-direito-juiz-de-fora.pdf
File;http://svlp-plnptapp01.pgr.mpf.mp.br:8401/portal/regiao6/estagie-conosco/copy_of_2022/editais-2022/edital-no-42-de-25-de-agosto-de-2022-resultado-preliminar-area-direito-uberlandia.pdf;https://www-cdn.mpf.mp.br/o-mpf/unidades/prr6/estagio/copy_of_2022/editais-2022/edital-no-42-de-25-de-agosto-de-2022-resultado-preliminar-area-direito-uberlandia.pdf
File;http://svlp-plnptapp01.pgr.mpf.mp.br:8401/portal/regiao6/estagie-conosco/copy_of_2022/editais-2022/edital-no-46-de-25-de-agosto-de-2022-retificacao-do-resultado-preliminar-area-pos-graduacao-em-direito-uberlandia.pdf;https://www-cdn.mpf.mp.br/o-mpf/unidades/prr6/estagio/copy_of_2022/editais-2022/edital-no-46-de-25-de-agosto-de-2022-retificacao-do-resultado-preliminar-area-pos-graduacao-em-direito-uberlandia.pdf
File;http://svlp-plnptapp01.pgr.mpf.mp.br:8401/portal/regiao6/estagie-conosco/copy_of_2022/editais-2022/edital-no-47-de-29-de-agosto-de-2022-homologacao-do-resultado-final-area-direito-divinopolis.pdf;https://www-cdn.mpf.mp.br/o-mpf/unidades/prr6/estagio/copy_of_2022/editais-2022/edital-no-47-de-29-de-agosto-de-2022-homologacao-do-resultado-final-area-direito-divinopolis.pdf
File;http://svlp-plnptapp01.pgr.mpf.mp.br:8401/portal/regiao6/estagie-conosco/copy_of_2022/editais-2022/edital-no-48-de-29-de-agosto-de-2022-homologacao-do-resultado-final-area-direito-governador-valadares.pdf;https://www-cdn.mpf.mp.br/o-mpf/unidades/prr6/estagio/copy_of_2022/editais-2022/edital-no-48-de-29-de-agosto-de-2022-homologacao-do-resultado-final-area-direito-governador-valadares.pdf
File;http://svlp-plnptapp01.pgr.mpf.mp.br:8401/portal/regiao6/estagie-conosco/copy_of_2022/editais-2022/edital-no-49-de-29-de-agosto-de-2022-homologacao-do-resultado-final-area-direito-ipatinga.pdf;https://www-cdn.mpf.mp.br/o-mpf/unidades/prr6/estagio/copy_of_2022/editais-2022/edital-no-49-de-29-de-agosto-de-2022-homologacao-do-resultado-final-area-direito-ipatinga.pdf
File;http://svlp-plnptapp01.pgr.mpf.mp.br:8401/portal/regiao6/estagie-conosco/copy_of_2022/editais-2022/edital-no-50-de-29-de-agosto-de-2022-homologacao-do-resultado-final-area-direito-manhuacu.pdf;https://www-cdn.mpf.mp.br/o-mpf/unidades/prr6/estagio/copy_of_2022/editais-2022/edital-no-50-de-29-de-agosto-de-2022-homologacao-do-resultado-final-area-direito-manhuacu.pdf
File;http://svlp-plnptapp01.pgr.mpf.mp.br:8401/portal/regiao6/estagie-conosco/copy_of_2022/editais-2022/edital-no-51-de-29-de-agosto-de-2022-homologacao-do-resultado-final-area-direito-passos.pdf;https://www-cdn.mpf.mp.br/o-mpf/unidades/prr6/estagio/copy_of_2022/editais-2022/edital-no-51-de-29-de-agosto-de-2022-homologacao-do-resultado-final-area-direito-passos.pdf
File;http://svlp-plnptapp01.pgr.mpf.mp.br:8401/portal/regiao6/estagie-conosco/copy_of_2022/editais-2022/edital-no-52-de-29-de-agosto-de-2022-homologacao-do-resultado-final-area-direito-patos-de-minas.pdf;https://www-cdn.mpf.mp.br/o-mpf/unidades/prr6/estagio/copy_of_2022/editais-2022/edital-no-52-de-29-de-agosto-de-2022-homologacao-do-resultado-final-area-direito-patos-de-minas.pdf
File;http://svlp-plnptapp01.pgr.mpf.mp.br:8401/portal/regiao6/estagie-conosco/copy_of_2022/editais-2022/edital-no-53-de-29-de-agosto-de-2022-homologacao-do-resultado-final-area-direito-pouso-alegre.pdf;https://www-cdn.mpf.mp.br/o-mpf/unidades/prr6/estagio/copy_of_2022/editais-2022/edital-no-53-de-29-de-agosto-de-2022-homologacao-do-resultado-final-area-direito-pouso-alegre.pdf
File;http://svlp-plnptapp01.pgr.mpf.mp.br:8401/portal/regiao6/estagie-conosco/copy_of_2022/editais-2022/edital-no-54-de-29-de-agosto-de-2022-homologacao-do-resultado-final-area-direito-sao-joao-del-rei.pdf;https://www-cdn.mpf.mp.br/o-mpf/unidades/prr6/estagio/copy_of_2022/editais-2022/edital-no-54-de-29-de-agosto-de-2022-homologacao-do-resultado-final-area-direito-sao-joao-del-rei.pdf
File;http://svlp-plnptapp01.pgr.mpf.mp.br:8401/portal/regiao6/estagie-conosco/copy_of_2022/editais-2022/edital-no-55-de-29-de-agosto-de-2022-homologacao-do-resultado-final-area-direito-teofilo-otoni.pdf;https://www-cdn.mpf.mp.br/o-mpf/unidades/prr6/estagio/copy_of_2022/editais-2022/edital-no-55-de-29-de-agosto-de-2022-homologacao-do-resultado-final-area-direito-teofilo-otoni.pdf
File;http://svlp-plnptapp01.pgr.mpf.mp.br:8401/portal/regiao6/estagie-conosco/copy_of_2022/editais-2022/edital-no-56-de-29-de-agosto-de-2022-homologacao-do-resultado-final-area-pos-graduacao-em-direito-ipatinga.pdf;https://www-cdn.mpf.mp.br/o-mpf/unidades/prr6/estagio/copy_of_2022/editais-2022/edital-no-56-de-29-de-agosto-de-2022-homologacao-do-resultado-final-area-pos-graduacao-em-direito-ipatinga.pdf
File;http://svlp-plnptapp01.pgr.mpf.mp.br:8401/portal/regiao6/estagie-conosco/copy_of_2022/editais-2022/edital-no-57-de-29-de-agosto-de-2022-homologacao-do-resultado-final-area-pos-graduacao-em-direito-pouso-alegre.pdf;https://www-cdn.mpf.mp.br/o-mpf/unidades/prr6/estagio/copy_of_2022/editais-2022/edital-no-57-de-29-de-agosto-de-2022-homologacao-do-resultado-final-area-pos-graduacao-em-direito-pouso-alegre.pdf
File;http://svlp-plnptapp01.pgr.mpf.mp.br:8401/portal/regiao6/estagie-conosco/copy_of_2022/editais-2022/edital-no-58-de-29-de-agosto-de-2022-homologacao-do-resultado-final-area-direito-bh.pdf;https://www-cdn.mpf.mp.br/o-mpf/unidades/prr6/estagio/copy_of_2022/editais-2022/edital-no-58-de-29-de-agosto-de-2022-homologacao-do-resultado-final-area-direito-bh.pdf
File;http://svlp-plnptapp01.pgr.mpf.mp.br:8401/portal/regiao6/estagie-conosco/copy_of_2022/editais-2022/edital-no-59-de-30-de-agosto-de-2022-homologacao-do-resultado-final-area-direito-uberlandia.pdf;https://www-cdn.mpf.mp.br/o-mpf/unidades/prr6/estagio/copy_of_2022/editais-2022/edital-no-59-de-30-de-agosto-de-2022-homologacao-do-resultado-final-area-direito-uberlandia.pdf
File;http://svlp-plnptapp01.pgr.mpf.mp.br:8401/portal/regiao6/estagie-conosco/copy_of_2022/editais-2022/edital-no-60-de-30-de-agosto-de-2022-resultado-preliminar-area-direito-sete-lagoas.pdf;https://www-cdn.mpf.mp.br/o-mpf/unidades/prr6/estagio/copy_of_2022/editais-2022/edital-no-60-de-30-de-agosto-de-2022-resultado-preliminar-area-direito-sete-lagoas.pdf
File;http://svlp-plnptapp01.pgr.mpf.mp.br:8401/portal/regiao6/estagie-conosco/copy_of_2022/editais-2022/edital-no-61-de-30-de-agosto-de-2022-resultado-preliminar-area-direito-uberaba.pdf;https://www-cdn.mpf.mp.br/o-mpf/unidades/prr6/estagio/copy_of_2022/editais-2022/edital-no-61-de-30-de-agosto-de-2022-resultado-preliminar-area-direito-uberaba.pdf
File;http://svlp-plnptapp01.pgr.mpf.mp.br:8401/portal/regiao6/estagie-conosco/copy_of_2022/editais-2022/edital-no-62-de-31-de-agosto-de-2022-resultado-preliminar-area-direito-montes-claros.pdf;https://www-cdn.mpf.mp.br/o-mpf/unidades/prr6/estagio/copy_of_2022/editais-2022/edital-no-62-de-31-de-agosto-de-2022-resultado-preliminar-area-direito-montes-claros.pdf
File;http://svlp-plnptapp01.pgr.mpf.mp.br:8401/portal/regiao6/estagie-conosco/copy_of_2022/editais-2022/edital-no-63-de-31-de-agosto-de-2022-homologacao-do-resultado-final-area-direito-juiz-de-fora.pdf;https://www-cdn.mpf.mp.br/o-mpf/unidades/prr6/estagio/copy_of_2022/editais-2022/edital-no-63-de-31-de-agosto-de-2022-homologacao-do-resultado-final-area-direito-juiz-de-fora.pdf
File;http://svlp-plnptapp01.pgr.mpf.mp.br:8401/portal/regiao6/estagie-conosco/copy_of_2022/editais-2022/edital-no-64-de-1-de-setembro-de-2022-homologacao-do-resultado-final-area-pos-graduacao-em-direito-uberlandia.pdf;https://www-cdn.mpf.mp.br/o-mpf/unidades/prr6/estagio/copy_of_2022/editais-2022/edital-no-64-de-1-de-setembro-de-2022-homologacao-do-resultado-final-area-pos-graduacao-em-direito-uberlandia.pdf
File;http://svlp-plnptapp01.pgr.mpf.mp.br:8401/portal/regiao6/estagie-conosco/copy_of_2022/editais-2022/edital-no-65-de-2-de-setembro-de-2022-homologacao-do-resultado-final-area-pos-graduacao-em-direito-juiz-de-fora.pdf;https://www-cdn.mpf.mp.br/o-mpf/unidades/prr6/estagio/copy_of_2022/editais-2022/edital-no-65-de-2-de-setembro-de-2022-homologacao-do-resultado-final-area-pos-graduacao-em-direito-juiz-de-fora.pdf
File;http://svlp-plnptapp01.pgr.mpf.mp.br:8401/portal/regiao6/estagie-conosco/copy_of_2022/editais-2022/edital-no-66-de-2-de-setembro-de-2022-homologacao-do-resultado-final-area-direito-sete-lagoas.pdf;https://www-cdn.mpf.mp.br/o-mpf/unidades/prr6/estagio/copy_of_2022/editais-2022/edital-no-66-de-2-de-setembro-de-2022-homologacao-do-resultado-final-area-direito-sete-lagoas.pdf
Document;http://svlp-plnptapp01.pgr.mpf.mp.br:8401/portal/regiao6/estagie-conosco/copy_of_2022/estagiarios-de-graduacao-areas-administrativas;https://www-cdn.mpf.mp.br/o-mpf/unidades/prr6/estagio/copy_of_2022/estagiarios-de-graduacao-areas-administrativas
Document;http://svlp-plnptapp01.pgr.mpf.mp.br:8401/portal/regiao6/estagie-conosco/copy_of_2022/estagiarios-de-graduacao-em-direito;https://www-cdn.mpf.mp.br/o-mpf/unidades/prr6/estagio/copy_of_2022/estagiarios-de-graduacao-em-direito
Document;http://svlp-plnptapp01.pgr.mpf.mp.br:8401/portal/regiao6/estagie-conosco/copy_of_2022/estagiarios-de-pos-graduacao-em-direito;https://www-cdn.mpf.mp.br/o-mpf/unidades/prr6/estagio/copy_of_2022/estagiarios-de-pos-graduacao-em-direito
Document;http://svlp-plnptapp01.pgr.mpf.mp.br:8401/portal/regiao6/estagie-conosco/copy_of_2022/estagio-de-pos-graduacao-em-engenharia-civil;https://www-cdn.mpf.mp.br/o-mpf/unidades/prr6/estagio/copy_of_2022/estagio-de-pos-graduacao-em-engenharia-civil
Folder;http://svlp-plnptapp01.pgr.mpf.mp.br:8401/portal/regiao6/estagie-conosco/copy_of_2022/provas;https://www-cdn.mpf.mp.br/o-mpf/unidades/prr6/estagio/copy_of_2022/provas
File;http://svlp-plnptapp01.pgr.mpf.mp.br:8401/portal/regiao6/estagie-conosco/copy_of_2022/provas/prova_graduacao-em-administracao.pdf;https://www-cdn.mpf.mp.br/o-mpf/unidades/prr6/estagio/copy_of_2022/provas/prova_graduacao-em-administracao.pdf
File;http://svlp-plnptapp01.pgr.mpf.mp.br:8401/portal/regiao6/estagie-conosco/copy_of_2022/provas/prova_graduacao_ciencias_contabeis.pdf;https://www-cdn.mpf.mp.br/o-mpf/unidades/prr6/estagio/copy_of_2022/provas/prova_graduacao_ciencias_contabeis.pdf
File;http://svlp-plnptapp01.pgr.mpf.mp.br:8401/portal/regiao6/estagie-conosco/copy_of_2022/provas/prova_graduacao_comunicacao_jornalismo.pdf;https://www-cdn.mpf.mp.br/o-mpf/unidades/prr6/estagio/copy_of_2022/provas/prova_graduacao_comunicacao_jornalismo.pdf
File;http://svlp-plnptapp01.pgr.mpf.mp.br:8401/portal/regiao6/estagie-conosco/copy_of_2022/provas/prova_graduacao_direito.pdf;https://www-cdn.mpf.mp.br/o-mpf/unidades/prr6/estagio/copy_of_2022/provas/prova_graduacao_direito.pdf
File;http://svlp-plnptapp01.pgr.mpf.mp.br:8401/portal/regiao6/estagie-conosco/copy_of_2022/provas/prova_graduacao_engenharia-civil.pdf;https://www-cdn.mpf.mp.br/o-mpf/unidades/prr6/estagio/copy_of_2022/provas/prova_graduacao_engenharia-civil.pdf
File;http://svlp-plnptapp01.pgr.mpf.mp.br:8401/portal/regiao6/estagie-conosco/copy_of_2022/provas/prova_graduacao_engenharia-eletrica.pdf;https://www-cdn.mpf.mp.br/o-mpf/unidades/prr6/estagio/copy_of_2022/provas/prova_graduacao_engenharia-eletrica.pdf
File;http://svlp-plnptapp01.pgr.mpf.mp.br:8401/portal/regiao6/estagie-conosco/copy_of_2022/provas/prova_graduacao_tecnologia-da-informacao.pdf;https://www-cdn.mpf.mp.br/o-mpf/unidades/prr6/estagio/copy_of_2022/provas/prova_graduacao_tecnologia-da-informacao.pdf
File;http://svlp-plnptapp01.pgr.mpf.mp.br:8401/portal/regiao6/estagie-conosco/copy_of_2022/provas/prova_pos-graduacao_direito.pdf;https://www-cdn.mpf.mp.br/o-mpf/unidades/prr6/estagio/copy_of_2022/provas/prova_pos-graduacao_direito.pdf
File;http://svlp-plnptapp01.pgr.mpf.mp.br:8401/portal/regiao6/estagie-conosco/copy_of_2022/provas/prova_pos-graduacao_engenharia-civil.pdf;https://www-cdn.mpf.mp.br/o-mpf/unidades/prr6/estagio/copy_of_2022/provas/prova_pos-graduacao_engenharia-civil.pdf
Document;http://svlp-plnptapp01.pgr.mpf.mp.br:8401/portal/regiao6/estagie-conosco/copy_of_processos-seletivos-de-estagio-2024;https://www-cdn.mpf.mp.br/o-mpf/unidades/prr6/estagio/copy_of_processos-seletivos-de-estagio-2024
Document;http://svlp-plnptapp01.pgr.mpf.mp.br:8401/portal/regiao6/estagie-conosco/estagio-de-pos-graduacao-em-direito-no-mpf-em-varginha-mg;https://www-cdn.mpf.mp.br/o-mpf/unidades/prr6/estagio/estagio-de-pos-graduacao-em-direito-no-mpf-em-varginha-mg
Document;http://svlp-plnptapp01.pgr.mpf.mp.br:8401/portal/regiao6/estagie-conosco/estagio-para-alunos-de-graduacao-area-administrativa;https://www-cdn.mpf.mp.br/o-mpf/unidades/prr6/estagio/estagio-para-alunos-de-graduacao-area-administrativa
Document;http://svlp-plnptapp01.pgr.mpf.mp.br:8401/portal/regiao6/estagie-conosco/estagio-para-alunos-de-pos-graduacao-em-direito;https://www-cdn.mpf.mp.br/o-mpf/unidades/prr6/estagio/estagio-para-alunos-de-pos-graduacao-em-direito
File;http://svlp-plnptapp01.pgr.mpf.mp.br:8401/portal/regiao6/estagie-conosco/formulario_area-administrativa.pdf;https://www-cdn.mpf.mp.br/o-mpf/unidades/prr6/estagio/formulario_area-administrativa.pdf
File;http://svlp-plnptapp01.pgr.mpf.mp.br:8401/portal/regiao6/estagie-conosco/formulario_direito.pdf;https://www-cdn.mpf.mp.br/o-mpf/unidades/prr6/estagio/formulario_direito.pdf
File;http://svlp-plnptapp01.pgr.mpf.mp.br:8401/portal/regiao6/estagie-conosco/formulario_direito_pos-graduacao.pdf;https://www-cdn.mpf.mp.br/o-mpf/unidades/prr6/estagio/formulario_direito_pos-graduacao.pdf
Folder;http://svlp-plnptapp01.pgr.mpf.mp.br:8401/portal/regiao6/estagie-conosco/home-admin/em-andamento;https://www-cdn.mpf.mp.br/o-mpf/unidades/prr6/estagio/home-admin/em-andamento
Document;http://svlp-plnptapp01.pgr.mpf.mp.br:8401/portal/regiao6/estagie-conosco/home-admin/em-andamento/2-processo-seletivo-de-estagio-2025;https://www-cdn.mpf.mp.br/o-mpf/unidades/prr6/estagio/home-admin/em-andamento/2-processo-seletivo-de-estagio-2025
Folder;http://svlp-plnptapp01.pgr.mpf.mp.br:8401/portal/regiao6/estagie-conosco/home-admin/inscricoes-abertas;https://www-cdn.mpf.mp.br/o-mpf/unidades/prr6/estagio/home-admin/inscricoes-abertas
Document;http://svlp-plnptapp01.pgr.mpf.mp.br:8401/portal/regiao6/estagie-conosco/home-admin/inscricoes-abertas/2o-processo-seletivo-unificado-de-estagiarios-para-a-procuradoria-regional-da-republica-da-6a-regiao;https://www-cdn.mpf.mp.br/o-mpf/unidades/prr6/estagio/home-admin/inscricoes-abertas/2o-processo-seletivo-unificado-de-estagiarios-para-a-procuradoria-regional-da-republica-da-6a-regiao
Document;http://svlp-plnptapp01.pgr.mpf.mp.br:8401/portal/regiao6/estagie-conosco/nao-ha;https://www-cdn.mpf.mp.br/o-mpf/unidades/prr6/estagio/nao-ha
Folder;http://svlp-plnptapp01.pgr.mpf.mp.br:8401/portal/regiao6/estagie-conosco/portarias;https://www-cdn.mpf.mp.br/o-mpf/unidades/prr6/estagio/portarias
File;http://svlp-plnptapp01.pgr.mpf.mp.br:8401/portal/regiao6/estagie-conosco/portarias/portaria-pgr-mpu-no-378-de-9-de-agosto-de-2010.pdf;https://www-cdn.mpf.mp.br/o-mpf/unidades/prr6/estagio/portarias/portaria-pgr-mpu-no-378-de-9-de-agosto-de-2010.pdf
Document;http://svlp-plnptapp01.pgr.mpf.mp.br:8401/portal/regiao6/estagie-conosco/processos-seletivos-de-estagio-2023;https://www-cdn.mpf.mp.br/o-mpf/unidades/prr6/estagio/processos-seletivos-de-estagio-2023
Document;http://svlp-plnptapp01.pgr.mpf.mp.br:8401/portal/regiao6/estagie-conosco/processos-seletivos-de-estagio-2024;https://www-cdn.mpf.mp.br/o-mpf/unidades/prr6/estagio/processos-seletivos-de-estagio-2024
