Folder;http://svlp-plnptapp01.pgr.mpf.mp.br:8401/portal/pb/estagie-conosco;https://www-cdn.mpf.mp.br/o-mpf/unidades/pr-pb/estagio/
Folder;http://svlp-plnptapp01.pgr.mpf.mp.br:8401/portal/pb/estagie-conosco/1o-processo-seletivo-de-estagio-do-mpf-pb-selecao-direito-e-area-meio-2025;https://www-cdn.mpf.mp.br/o-mpf/unidades/pr-pb/estagio/1o-processo-seletivo-de-estagio-do-mpf-pb-selecao-direito-e-area-meio-2025
File;http://svlp-plnptapp01.pgr.mpf.mp.br:8401/portal/pb/estagie-conosco/1o-processo-seletivo-de-estagio-do-mpf-pb-selecao-direito-e-area-meio-2025/1o-ps-2025-banca-medica-resultado-preliminar.pdf;https://www-cdn.mpf.mp.br/o-mpf/unidades/pr-pb/estagio/1o-processo-seletivo-de-estagio-do-mpf-pb-selecao-direito-e-area-meio-2025/1o-ps-2025-banca-medica-resultado-preliminar.pdf
File;http://svlp-plnptapp01.pgr.mpf.mp.br:8401/portal/pb/estagie-conosco/1o-processo-seletivo-de-estagio-do-mpf-pb-selecao-direito-e-area-meio-2025/banca-medica-resultado-definitivo-ps-2025.pdf;https://www-cdn.mpf.mp.br/o-mpf/unidades/pr-pb/estagio/1o-processo-seletivo-de-estagio-do-mpf-pb-selecao-direito-e-area-meio-2025/banca-medica-resultado-definitivo-ps-2025.pdf
File;http://svlp-plnptapp01.pgr.mpf.mp.br:8401/portal/pb/estagie-conosco/1o-processo-seletivo-de-estagio-do-mpf-pb-selecao-direito-e-area-meio-2025/data-e-horario-da-prova-objetiva-online.pdf;https://www-cdn.mpf.mp.br/o-mpf/unidades/pr-pb/estagio/1o-processo-seletivo-de-estagio-do-mpf-pb-selecao-direito-e-area-meio-2025/data-e-horario-da-prova-objetiva-online.pdf
File;http://svlp-plnptapp01.pgr.mpf.mp.br:8401/portal/pb/estagie-conosco/1o-processo-seletivo-de-estagio-do-mpf-pb-selecao-direito-e-area-meio-2025/data-e-horario-da-prova-subjetiva-online.pdf;https://www-cdn.mpf.mp.br/o-mpf/unidades/pr-pb/estagio/1o-processo-seletivo-de-estagio-do-mpf-pb-selecao-direito-e-area-meio-2025/data-e-horario-da-prova-subjetiva-online.pdf
File;http://svlp-plnptapp01.pgr.mpf.mp.br:8401/portal/pb/estagie-conosco/1o-processo-seletivo-de-estagio-do-mpf-pb-selecao-direito-e-area-meio-2025/edital-prpb-21-retificacao.pdf;https://www-cdn.mpf.mp.br/o-mpf/unidades/pr-pb/estagio/1o-processo-seletivo-de-estagio-do-mpf-pb-selecao-direito-e-area-meio-2025/edital-prpb-21-retificacao.pdf
File;http://svlp-plnptapp01.pgr.mpf.mp.br:8401/portal/pb/estagie-conosco/1o-processo-seletivo-de-estagio-do-mpf-pb-selecao-direito-e-area-meio-2025/edital-prpb-n-01-2025-processo-seletivo-de-estagio.pdf;https://www-cdn.mpf.mp.br/o-mpf/unidades/pr-pb/estagio/1o-processo-seletivo-de-estagio-do-mpf-pb-selecao-direito-e-area-meio-2025/edital-prpb-n-01-2025-processo-seletivo-de-estagio.pdf
File;http://svlp-plnptapp01.pgr.mpf.mp.br:8401/portal/pb/estagie-conosco/1o-processo-seletivo-de-estagio-do-mpf-pb-selecao-direito-e-area-meio-2025/edital-prpb-n-15-2025-retificacao;https://www-cdn.mpf.mp.br/o-mpf/unidades/pr-pb/estagio/1o-processo-seletivo-de-estagio-do-mpf-pb-selecao-direito-e-area-meio-2025/edital-prpb-n-15-2025-retificacao
File;http://svlp-plnptapp01.pgr.mpf.mp.br:8401/portal/pb/estagie-conosco/1o-processo-seletivo-de-estagio-do-mpf-pb-selecao-direito-e-area-meio-2025/edital-prpb-n-20-2025-divulgacao-das-inscricoes-deferidas;https://www-cdn.mpf.mp.br/o-mpf/unidades/pr-pb/estagio/1o-processo-seletivo-de-estagio-do-mpf-pb-selecao-direito-e-area-meio-2025/edital-prpb-n-20-2025-divulgacao-das-inscricoes-deferidas
File;http://svlp-plnptapp01.pgr.mpf.mp.br:8401/portal/pb/estagie-conosco/1o-processo-seletivo-de-estagio-do-mpf-pb-selecao-direito-e-area-meio-2025/edital-prpb-n-32-resultado-prova-subjetiva-online.pdf;https://www-cdn.mpf.mp.br/o-mpf/unidades/pr-pb/estagio/1o-processo-seletivo-de-estagio-do-mpf-pb-selecao-direito-e-area-meio-2025/edital-prpb-n-32-resultado-prova-subjetiva-online.pdf
File;http://svlp-plnptapp01.pgr.mpf.mp.br:8401/portal/pb/estagie-conosco/1o-processo-seletivo-de-estagio-do-mpf-pb-selecao-direito-e-area-meio-2025/edital-prpb-n-33.pdf;https://www-cdn.mpf.mp.br/o-mpf/unidades/pr-pb/estagio/1o-processo-seletivo-de-estagio-do-mpf-pb-selecao-direito-e-area-meio-2025/edital-prpb-n-33.pdf
File;http://svlp-plnptapp01.pgr.mpf.mp.br:8401/portal/pb/estagie-conosco/1o-processo-seletivo-de-estagio-do-mpf-pb-selecao-direito-e-area-meio-2025/edital-prpb-n-o-28-resultado-definitivo-de-heteroidentificacao-e-homologa-o-ps-2025-para-area-meio.pdf;https://www-cdn.mpf.mp.br/o-mpf/unidades/pr-pb/estagio/1o-processo-seletivo-de-estagio-do-mpf-pb-selecao-direito-e-area-meio-2025/edital-prpb-n-o-28-resultado-definitivo-de-heteroidentificacao-e-homologa-o-ps-2025-para-area-meio.pdf
File;http://svlp-plnptapp01.pgr.mpf.mp.br:8401/portal/pb/estagie-conosco/1o-processo-seletivo-de-estagio-do-mpf-pb-selecao-direito-e-area-meio-2025/edital-prpb-n-o-34.pdf;https://www-cdn.mpf.mp.br/o-mpf/unidades/pr-pb/estagio/1o-processo-seletivo-de-estagio-do-mpf-pb-selecao-direito-e-area-meio-2025/edital-prpb-n-o-34.pdf
File;http://svlp-plnptapp01.pgr.mpf.mp.br:8401/portal/pb/estagie-conosco/1o-processo-seletivo-de-estagio-do-mpf-pb-selecao-direito-e-area-meio-2025/edital-prpb-n-o-35.pdf;https://www-cdn.mpf.mp.br/o-mpf/unidades/pr-pb/estagio/1o-processo-seletivo-de-estagio-do-mpf-pb-selecao-direito-e-area-meio-2025/edital-prpb-n-o-35.pdf
File;http://svlp-plnptapp01.pgr.mpf.mp.br:8401/portal/pb/estagie-conosco/1o-processo-seletivo-de-estagio-do-mpf-pb-selecao-direito-e-area-meio-2025/edital-prpb-n-o-37.pdf;https://www-cdn.mpf.mp.br/o-mpf/unidades/pr-pb/estagio/1o-processo-seletivo-de-estagio-do-mpf-pb-selecao-direito-e-area-meio-2025/edital-prpb-n-o-37.pdf
File;http://svlp-plnptapp01.pgr.mpf.mp.br:8401/portal/pb/estagie-conosco/1o-processo-seletivo-de-estagio-do-mpf-pb-selecao-direito-e-area-meio-2025/edital-prpb-no-23.pdf;https://www-cdn.mpf.mp.br/o-mpf/unidades/pr-pb/estagio/1o-processo-seletivo-de-estagio-do-mpf-pb-selecao-direito-e-area-meio-2025/edital-prpb-no-23.pdf
File;http://svlp-plnptapp01.pgr.mpf.mp.br:8401/portal/pb/estagie-conosco/1o-processo-seletivo-de-estagio-do-mpf-pb-selecao-direito-e-area-meio-2025/edital-prpb-no-24.pdf;https://www-cdn.mpf.mp.br/o-mpf/unidades/pr-pb/estagio/1o-processo-seletivo-de-estagio-do-mpf-pb-selecao-direito-e-area-meio-2025/edital-prpb-no-24.pdf
File;http://svlp-plnptapp01.pgr.mpf.mp.br:8401/portal/pb/estagie-conosco/1o-processo-seletivo-de-estagio-do-mpf-pb-selecao-direito-e-area-meio-2025/edital-prpb-no-27.pdf;https://www-cdn.mpf.mp.br/o-mpf/unidades/pr-pb/estagio/1o-processo-seletivo-de-estagio-do-mpf-pb-selecao-direito-e-area-meio-2025/edital-prpb-no-27.pdf
Document;http://svlp-plnptapp01.pgr.mpf.mp.br:8401/portal/pb/estagie-conosco/1o-processo-seletivo-de-estagio-do-mpf-pb-selecao-direito-e-area-meio-2025/orientacoes-para-os-candidatos;https://www-cdn.mpf.mp.br/o-mpf/unidades/pr-pb/estagio/1o-processo-seletivo-de-estagio-do-mpf-pb-selecao-direito-e-area-meio-2025/orientacoes-para-os-candidatos
File;http://svlp-plnptapp01.pgr.mpf.mp.br:8401/portal/pb/estagie-conosco/1o-processo-seletivo-de-estagio-do-mpf-pb-selecao-direito-e-area-meio-2025/portaria-prpb-n-283.pdf;https://www-cdn.mpf.mp.br/o-mpf/unidades/pr-pb/estagio/1o-processo-seletivo-de-estagio-do-mpf-pb-selecao-direito-e-area-meio-2025/portaria-prpb-n-283.pdf
File;http://svlp-plnptapp01.pgr.mpf.mp.br:8401/portal/pb/estagie-conosco/1o-processo-seletivo-de-estagio-do-mpf-pb-selecao-direito-e-area-meio-2025/portaria-prpb-no-264.pdf;https://www-cdn.mpf.mp.br/o-mpf/unidades/pr-pb/estagio/1o-processo-seletivo-de-estagio-do-mpf-pb-selecao-direito-e-area-meio-2025/portaria-prpb-no-264.pdf
File;http://svlp-plnptapp01.pgr.mpf.mp.br:8401/portal/pb/estagie-conosco/1o-processo-seletivo-de-estagio-do-mpf-pb-selecao-direito-e-area-meio-2025/questao-da-prova-subjetiva-com-o-espelho-de-resposta-graduacao.pdf;https://www-cdn.mpf.mp.br/o-mpf/unidades/pr-pb/estagio/1o-processo-seletivo-de-estagio-do-mpf-pb-selecao-direito-e-area-meio-2025/questao-da-prova-subjetiva-com-o-espelho-de-resposta-graduacao.pdf
File;http://svlp-plnptapp01.pgr.mpf.mp.br:8401/portal/pb/estagie-conosco/1o-processo-seletivo-de-estagio-do-mpf-pb-selecao-direito-e-area-meio-2025/questao-da-prova-subjetiva-com-o-espelho-de-resposta-pos-graduacao.pdf;https://www-cdn.mpf.mp.br/o-mpf/unidades/pr-pb/estagio/1o-processo-seletivo-de-estagio-do-mpf-pb-selecao-direito-e-area-meio-2025/questao-da-prova-subjetiva-com-o-espelho-de-resposta-pos-graduacao.pdf
File;http://svlp-plnptapp01.pgr.mpf.mp.br:8401/portal/pb/estagie-conosco/1o-processo-seletivo-de-estagio-do-mpf-pb-selecao-direito-e-area-meio-2025/resultado-preliminar-direito-nota-prova-subjetiva-3nov.pdf;https://www-cdn.mpf.mp.br/o-mpf/unidades/pr-pb/estagio/1o-processo-seletivo-de-estagio-do-mpf-pb-selecao-direito-e-area-meio-2025/resultado-preliminar-direito-nota-prova-subjetiva-3nov.pdf
File;http://svlp-plnptapp01.pgr.mpf.mp.br:8401/portal/pb/estagie-conosco/1o-processo-seletivo-de-estagio-do-mpf-pb-selecao-direito-e-area-meio-2025/resumo-das-questoes-anulada-ps-2025.pdf;https://www-cdn.mpf.mp.br/o-mpf/unidades/pr-pb/estagio/1o-processo-seletivo-de-estagio-do-mpf-pb-selecao-direito-e-area-meio-2025/resumo-das-questoes-anulada-ps-2025.pdf
Folder;http://svlp-plnptapp01.pgr.mpf.mp.br:8401/portal/pb/estagie-conosco/2o-processo-seletivo-de-estagio-da-pr-pb-selecao-area-meio-2024;https://www-cdn.mpf.mp.br/o-mpf/unidades/pr-pb/estagio/2o-processo-seletivo-de-estagio-da-pr-pb-selecao-area-meio-2024
File;http://svlp-plnptapp01.pgr.mpf.mp.br:8401/portal/pb/estagie-conosco/2o-processo-seletivo-de-estagio-da-pr-pb-selecao-area-meio-2024/anexos-edital-no-21-2024-abertura-do-processo-seletivo-de-estagiarios-area-meio;https://www-cdn.mpf.mp.br/o-mpf/unidades/pr-pb/estagio/2o-processo-seletivo-de-estagio-da-pr-pb-selecao-area-meio-2024/anexos-edital-no-21-2024-abertura-do-processo-seletivo-de-estagiarios-area-meio
File;http://svlp-plnptapp01.pgr.mpf.mp.br:8401/portal/pb/estagie-conosco/2o-processo-seletivo-de-estagio-da-pr-pb-selecao-area-meio-2024/aviso-no-dia-da-prova-gabarito-preliminar-recursos-da-prova-objetiva.pdf;https://www-cdn.mpf.mp.br/o-mpf/unidades/pr-pb/estagio/2o-processo-seletivo-de-estagio-da-pr-pb-selecao-area-meio-2024/aviso-no-dia-da-prova-gabarito-preliminar-recursos-da-prova-objetiva.pdf
File;http://svlp-plnptapp01.pgr.mpf.mp.br:8401/portal/pb/estagie-conosco/2o-processo-seletivo-de-estagio-da-pr-pb-selecao-area-meio-2024/aviso-validacao-do-acesso-ao-ambiente-de-prova-1.pdf;https://www-cdn.mpf.mp.br/o-mpf/unidades/pr-pb/estagio/2o-processo-seletivo-de-estagio-da-pr-pb-selecao-area-meio-2024/aviso-validacao-do-acesso-ao-ambiente-de-prova-1.pdf
File;http://svlp-plnptapp01.pgr.mpf.mp.br:8401/portal/pb/estagie-conosco/2o-processo-seletivo-de-estagio-da-pr-pb-selecao-area-meio-2024/data-e-horario-da-prova-objetiva-online.pdf;https://www-cdn.mpf.mp.br/o-mpf/unidades/pr-pb/estagio/2o-processo-seletivo-de-estagio-da-pr-pb-selecao-area-meio-2024/data-e-horario-da-prova-objetiva-online.pdf
File;http://svlp-plnptapp01.pgr.mpf.mp.br:8401/portal/pb/estagie-conosco/2o-processo-seletivo-de-estagio-da-pr-pb-selecao-area-meio-2024/edital-30-resultado-area-meio-2024-assinado.pdf;https://www-cdn.mpf.mp.br/o-mpf/unidades/pr-pb/estagio/2o-processo-seletivo-de-estagio-da-pr-pb-selecao-area-meio-2024/edital-30-resultado-area-meio-2024-assinado.pdf
File;http://svlp-plnptapp01.pgr.mpf.mp.br:8401/portal/pb/estagie-conosco/2o-processo-seletivo-de-estagio-da-pr-pb-selecao-area-meio-2024/edital-34-resultado-heteroidentificacao-area-meio-2024-assinado.pdf;https://www-cdn.mpf.mp.br/o-mpf/unidades/pr-pb/estagio/2o-processo-seletivo-de-estagio-da-pr-pb-selecao-area-meio-2024/edital-34-resultado-heteroidentificacao-area-meio-2024-assinado.pdf
File;http://svlp-plnptapp01.pgr.mpf.mp.br:8401/portal/pb/estagie-conosco/2o-processo-seletivo-de-estagio-da-pr-pb-selecao-area-meio-2024/edital-35-resultado-final-heteroidentificacao-e-homolagacao-area-meio-2024-assinado.pdf;https://www-cdn.mpf.mp.br/o-mpf/unidades/pr-pb/estagio/2o-processo-seletivo-de-estagio-da-pr-pb-selecao-area-meio-2024/edital-35-resultado-final-heteroidentificacao-e-homolagacao-area-meio-2024-assinado.pdf
File;http://svlp-plnptapp01.pgr.mpf.mp.br:8401/portal/pb/estagie-conosco/2o-processo-seletivo-de-estagio-da-pr-pb-selecao-area-meio-2024/edital-no-21-2024-abertura-do-processo-seletivo-de-estagiarios-area-meio;https://www-cdn.mpf.mp.br/o-mpf/unidades/pr-pb/estagio/2o-processo-seletivo-de-estagio-da-pr-pb-selecao-area-meio-2024/edital-no-21-2024-abertura-do-processo-seletivo-de-estagiarios-area-meio
File;http://svlp-plnptapp01.pgr.mpf.mp.br:8401/portal/pb/estagie-conosco/2o-processo-seletivo-de-estagio-da-pr-pb-selecao-area-meio-2024/edital-no-33-2024-convocacao-para-entrevista-de-heteroidentificacao-processo-seletivo-de-estagiarios-area-meio;https://www-cdn.mpf.mp.br/o-mpf/unidades/pr-pb/estagio/2o-processo-seletivo-de-estagio-da-pr-pb-selecao-area-meio-2024/edital-no-33-2024-convocacao-para-entrevista-de-heteroidentificacao-processo-seletivo-de-estagiarios-area-meio
File;http://svlp-plnptapp01.pgr.mpf.mp.br:8401/portal/pb/estagie-conosco/2o-processo-seletivo-de-estagio-da-pr-pb-selecao-area-meio-2024/listagem-de-inscricoes-confirmadas.pdf;https://www-cdn.mpf.mp.br/o-mpf/unidades/pr-pb/estagio/2o-processo-seletivo-de-estagio-da-pr-pb-selecao-area-meio-2024/listagem-de-inscricoes-confirmadas.pdf
File;http://svlp-plnptapp01.pgr.mpf.mp.br:8401/portal/pb/estagie-conosco/2o-processo-seletivo-de-estagio-da-pr-pb-selecao-area-meio-2024/preliminar-ps-nacional-estagio-2024.pdf;https://www-cdn.mpf.mp.br/o-mpf/unidades/pr-pb/estagio/2o-processo-seletivo-de-estagio-da-pr-pb-selecao-area-meio-2024/preliminar-ps-nacional-estagio-2024.pdf
File;http://svlp-plnptapp01.pgr.mpf.mp.br:8401/portal/pb/estagie-conosco/convite-para-celebracao-de-convenio-de-estagio;https://www-cdn.mpf.mp.br/o-mpf/unidades/pr-pb/estagio/convite-para-celebracao-de-convenio-de-estagio
Folder;http://svlp-plnptapp01.pgr.mpf.mp.br:8401/portal/pb/estagie-conosco/home-admin/em-andamento;https://www-cdn.mpf.mp.br/o-mpf/unidades/pr-pb/estagio/home-admin/em-andamento
Document;http://svlp-plnptapp01.pgr.mpf.mp.br:8401/portal/pb/estagie-conosco/home-admin/em-andamento/1o-processo-seletivo-de-estagio-do-mpf-pb-selecao-direito-e-area-meio-edital-prpb-mpf-no-9-de-1-de-agosto-de-2025;https://www-cdn.mpf.mp.br/o-mpf/unidades/pr-pb/estagio/home-admin/em-andamento/1o-processo-seletivo-de-estagio-do-mpf-pb-selecao-direito-e-area-meio-edital-prpb-mpf-no-9-de-1-de-agosto-de-2025
Document;http://svlp-plnptapp01.pgr.mpf.mp.br:8401/portal/pb/estagie-conosco/home-admin/em-andamento/copy_of_nao-ha;https://www-cdn.mpf.mp.br/o-mpf/unidades/pr-pb/estagio/home-admin/em-andamento/copy_of_nao-ha
Folder;http://svlp-plnptapp01.pgr.mpf.mp.br:8401/portal/pb/estagie-conosco/home-admin/inscricoes-abertas;https://www-cdn.mpf.mp.br/o-mpf/unidades/pr-pb/estagio/home-admin/inscricoes-abertas
Document;http://svlp-plnptapp01.pgr.mpf.mp.br:8401/portal/pb/estagie-conosco/home-admin/inscricoes-abertas/nao-ha;https://www-cdn.mpf.mp.br/o-mpf/unidades/pr-pb/estagio/home-admin/inscricoes-abertas/nao-ha
Folder;http://svlp-plnptapp01.pgr.mpf.mp.br:8401/portal/pb/estagie-conosco/inscricoes;https://www-cdn.mpf.mp.br/o-mpf/unidades/pr-pb/estagio/inscricoes
Link;http://svlp-plnptapp01.pgr.mpf.mp.br:8401/portal/pb/estagie-conosco/inscricoes/copy_of_inscricao-selecao-direito-2018/campina-grande;https://www-cdn.mpf.mp.br/o-mpf/unidades/pr-pb/estagio/inscricoes/copy_of_inscricao-selecao-direito-2018/campina-grande
Link;http://svlp-plnptapp01.pgr.mpf.mp.br:8401/portal/pb/estagie-conosco/inscricoes/copy_of_inscricao-selecao-direito-2018/guarabira;https://www-cdn.mpf.mp.br/o-mpf/unidades/pr-pb/estagio/inscricoes/copy_of_inscricao-selecao-direito-2018/guarabira
Folder;http://svlp-plnptapp01.pgr.mpf.mp.br:8401/portal/pb/estagie-conosco/inscricoes/copy_of_inscricao-selecao-direito-2018/imagens;https://www-cdn.mpf.mp.br/o-mpf/unidades/pr-pb/estagio/inscricoes/copy_of_inscricao-selecao-direito-2018/imagens
Link;http://svlp-plnptapp01.pgr.mpf.mp.br:8401/portal/pb/estagie-conosco/inscricoes/copy_of_inscricao-selecao-direito-2018/joao-pessoa;https://www-cdn.mpf.mp.br/o-mpf/unidades/pr-pb/estagio/inscricoes/copy_of_inscricao-selecao-direito-2018/joao-pessoa
Link;http://svlp-plnptapp01.pgr.mpf.mp.br:8401/portal/pb/estagie-conosco/inscricoes/copy_of_inscricao-selecao-direito-2018/monteiro;https://www-cdn.mpf.mp.br/o-mpf/unidades/pr-pb/estagio/inscricoes/copy_of_inscricao-selecao-direito-2018/monteiro
Noticia;http://svlp-plnptapp01.pgr.mpf.mp.br:8401/portal/pb/estagie-conosco/inscricoes/copy_of_inscricao-selecao-direito-2018/o-que-fazer-se-for-exibido-um-alerta-de-pagina-nao-confiavel-ou-certificado-invalido;https://www-cdn.mpf.mp.br/o-mpf/unidades/pr-pb/estagio/inscricoes/copy_of_inscricao-selecao-direito-2018/o-que-fazer-se-for-exibido-um-alerta-de-pagina-nao-confiavel-ou-certificado-invalido
Link;http://svlp-plnptapp01.pgr.mpf.mp.br:8401/portal/pb/estagie-conosco/inscricoes/copy_of_inscricao-selecao-direito-2018/patos;https://www-cdn.mpf.mp.br/o-mpf/unidades/pr-pb/estagio/inscricoes/copy_of_inscricao-selecao-direito-2018/patos
Link;http://svlp-plnptapp01.pgr.mpf.mp.br:8401/portal/pb/estagie-conosco/inscricoes/copy_of_inscricao-selecao-direito-2018/sousa;https://www-cdn.mpf.mp.br/o-mpf/unidades/pr-pb/estagio/inscricoes/copy_of_inscricao-selecao-direito-2018/sousa
Link;http://svlp-plnptapp01.pgr.mpf.mp.br:8401/portal/pb/estagie-conosco/inscricoes/inscricao-selecao-area-meio-2018/copy_of_joao-pessoa;https://www-cdn.mpf.mp.br/o-mpf/unidades/pr-pb/estagio/inscricoes/inscricao-selecao-area-meio-2018/copy_of_joao-pessoa
Folder;http://svlp-plnptapp01.pgr.mpf.mp.br:8401/portal/pb/estagie-conosco/inscricoes/inscricao-selecao-area-meio-2018/imagens;https://www-cdn.mpf.mp.br/o-mpf/unidades/pr-pb/estagio/inscricoes/inscricao-selecao-area-meio-2018/imagens
Link;http://svlp-plnptapp01.pgr.mpf.mp.br:8401/portal/pb/estagie-conosco/inscricoes/inscricao-selecao-area-meio-2018/joao-pessoa;https://www-cdn.mpf.mp.br/o-mpf/unidades/pr-pb/estagio/inscricoes/inscricao-selecao-area-meio-2018/joao-pessoa
Noticia;http://svlp-plnptapp01.pgr.mpf.mp.br:8401/portal/pb/estagie-conosco/inscricoes/inscricao-selecao-area-meio-2018/o-que-fazer-se-for-exibido-um-alerta-de-pagina-nao-confiavel-ou-certificado-invalido;https://www-cdn.mpf.mp.br/o-mpf/unidades/pr-pb/estagio/inscricoes/inscricao-selecao-area-meio-2018/o-que-fazer-se-for-exibido-um-alerta-de-pagina-nao-confiavel-ou-certificado-invalido
Link;http://svlp-plnptapp01.pgr.mpf.mp.br:8401/portal/pb/estagie-conosco/inscricoes/inscricao-selecao-area-meio-2019/joao-pessoa;https://www-cdn.mpf.mp.br/o-mpf/unidades/pr-pb/estagio/inscricoes/inscricao-selecao-area-meio-2019/joao-pessoa
Link;http://svlp-plnptapp01.pgr.mpf.mp.br:8401/portal/pb/estagie-conosco/inscricoes/inscricao-selecao-area-meio-2019/monteiro;https://www-cdn.mpf.mp.br/o-mpf/unidades/pr-pb/estagio/inscricoes/inscricao-selecao-area-meio-2019/monteiro
Link;http://svlp-plnptapp01.pgr.mpf.mp.br:8401/portal/pb/estagie-conosco/inscricoes/inscricao-selecao-direito-2016/guarabira;https://www-cdn.mpf.mp.br/o-mpf/unidades/pr-pb/estagio/inscricoes/inscricao-selecao-direito-2016/guarabira
Folder;http://svlp-plnptapp01.pgr.mpf.mp.br:8401/portal/pb/estagie-conosco/inscricoes/inscricao-selecao-direito-2016/imagens;https://www-cdn.mpf.mp.br/o-mpf/unidades/pr-pb/estagio/inscricoes/inscricao-selecao-direito-2016/imagens
Link;http://svlp-plnptapp01.pgr.mpf.mp.br:8401/portal/pb/estagie-conosco/inscricoes/inscricao-selecao-direito-2016/inscricao-selecao-direito-2016-campina-grande;https://www-cdn.mpf.mp.br/o-mpf/unidades/pr-pb/estagio/inscricoes/inscricao-selecao-direito-2016/inscricao-selecao-direito-2016-campina-grande
Link;http://svlp-plnptapp01.pgr.mpf.mp.br:8401/portal/pb/estagie-conosco/inscricoes/inscricao-selecao-direito-2016/inscricao-selecao-direito-2016-joao-pessoa;https://www-cdn.mpf.mp.br/o-mpf/unidades/pr-pb/estagio/inscricoes/inscricao-selecao-direito-2016/inscricao-selecao-direito-2016-joao-pessoa
Link;http://svlp-plnptapp01.pgr.mpf.mp.br:8401/portal/pb/estagie-conosco/inscricoes/inscricao-selecao-direito-2016/monteiro;https://www-cdn.mpf.mp.br/o-mpf/unidades/pr-pb/estagio/inscricoes/inscricao-selecao-direito-2016/monteiro
Noticia;http://svlp-plnptapp01.pgr.mpf.mp.br:8401/portal/pb/estagie-conosco/inscricoes/inscricao-selecao-direito-2016/o-que-fazer-se-for-exibido-um-alerta-de-pagina-nao-confiavel-ou-certificado-invalido;https://www-cdn.mpf.mp.br/o-mpf/unidades/pr-pb/estagio/inscricoes/inscricao-selecao-direito-2016/o-que-fazer-se-for-exibido-um-alerta-de-pagina-nao-confiavel-ou-certificado-invalido
Link;http://svlp-plnptapp01.pgr.mpf.mp.br:8401/portal/pb/estagie-conosco/inscricoes/inscricao-selecao-direito-2016/patos;https://www-cdn.mpf.mp.br/o-mpf/unidades/pr-pb/estagio/inscricoes/inscricao-selecao-direito-2016/patos
Link;http://svlp-plnptapp01.pgr.mpf.mp.br:8401/portal/pb/estagie-conosco/inscricoes/inscricao-selecao-direito-2016/sousa;https://www-cdn.mpf.mp.br/o-mpf/unidades/pr-pb/estagio/inscricoes/inscricao-selecao-direito-2016/sousa
Link;http://svlp-plnptapp01.pgr.mpf.mp.br:8401/portal/pb/estagie-conosco/inscricoes/inscricao-selecao-direito-2017/campina-grande;https://www-cdn.mpf.mp.br/o-mpf/unidades/pr-pb/estagio/inscricoes/inscricao-selecao-direito-2017/campina-grande
Link;http://svlp-plnptapp01.pgr.mpf.mp.br:8401/portal/pb/estagie-conosco/inscricoes/inscricao-selecao-direito-2017/guarabira;https://www-cdn.mpf.mp.br/o-mpf/unidades/pr-pb/estagio/inscricoes/inscricao-selecao-direito-2017/guarabira
Folder;http://svlp-plnptapp01.pgr.mpf.mp.br:8401/portal/pb/estagie-conosco/inscricoes/inscricao-selecao-direito-2017/imagens;https://www-cdn.mpf.mp.br/o-mpf/unidades/pr-pb/estagio/inscricoes/inscricao-selecao-direito-2017/imagens
Link;http://svlp-plnptapp01.pgr.mpf.mp.br:8401/portal/pb/estagie-conosco/inscricoes/inscricao-selecao-direito-2017/joao-pessoa;https://www-cdn.mpf.mp.br/o-mpf/unidades/pr-pb/estagio/inscricoes/inscricao-selecao-direito-2017/joao-pessoa
Link;http://svlp-plnptapp01.pgr.mpf.mp.br:8401/portal/pb/estagie-conosco/inscricoes/inscricao-selecao-direito-2017/monteiro;https://www-cdn.mpf.mp.br/o-mpf/unidades/pr-pb/estagio/inscricoes/inscricao-selecao-direito-2017/monteiro
Noticia;http://svlp-plnptapp01.pgr.mpf.mp.br:8401/portal/pb/estagie-conosco/inscricoes/inscricao-selecao-direito-2017/o-que-fazer-se-for-exibido-um-alerta-de-pagina-nao-confiavel-ou-certificado-invalido;https://www-cdn.mpf.mp.br/o-mpf/unidades/pr-pb/estagio/inscricoes/inscricao-selecao-direito-2017/o-que-fazer-se-for-exibido-um-alerta-de-pagina-nao-confiavel-ou-certificado-invalido
Link;http://svlp-plnptapp01.pgr.mpf.mp.br:8401/portal/pb/estagie-conosco/inscricoes/inscricao-selecao-direito-2017/patos;https://www-cdn.mpf.mp.br/o-mpf/unidades/pr-pb/estagio/inscricoes/inscricao-selecao-direito-2017/patos
Link;http://svlp-plnptapp01.pgr.mpf.mp.br:8401/portal/pb/estagie-conosco/inscricoes/inscricao-selecao-direito-2017/sousa;https://www-cdn.mpf.mp.br/o-mpf/unidades/pr-pb/estagio/inscricoes/inscricao-selecao-direito-2017/sousa
Link;http://svlp-plnptapp01.pgr.mpf.mp.br:8401/portal/pb/estagie-conosco/inscricoes/inscricao-selecao-direito-2018/campina-grande;https://www-cdn.mpf.mp.br/o-mpf/unidades/pr-pb/estagio/inscricoes/inscricao-selecao-direito-2018/campina-grande
Link;http://svlp-plnptapp01.pgr.mpf.mp.br:8401/portal/pb/estagie-conosco/inscricoes/inscricao-selecao-direito-2018/guarabira;https://www-cdn.mpf.mp.br/o-mpf/unidades/pr-pb/estagio/inscricoes/inscricao-selecao-direito-2018/guarabira
Folder;http://svlp-plnptapp01.pgr.mpf.mp.br:8401/portal/pb/estagie-conosco/inscricoes/inscricao-selecao-direito-2018/imagens;https://www-cdn.mpf.mp.br/o-mpf/unidades/pr-pb/estagio/inscricoes/inscricao-selecao-direito-2018/imagens
Link;http://svlp-plnptapp01.pgr.mpf.mp.br:8401/portal/pb/estagie-conosco/inscricoes/inscricao-selecao-direito-2018/joao-pessoa;https://www-cdn.mpf.mp.br/o-mpf/unidades/pr-pb/estagio/inscricoes/inscricao-selecao-direito-2018/joao-pessoa
Link;http://svlp-plnptapp01.pgr.mpf.mp.br:8401/portal/pb/estagie-conosco/inscricoes/inscricao-selecao-direito-2018/monteiro;https://www-cdn.mpf.mp.br/o-mpf/unidades/pr-pb/estagio/inscricoes/inscricao-selecao-direito-2018/monteiro
Noticia;http://svlp-plnptapp01.pgr.mpf.mp.br:8401/portal/pb/estagie-conosco/inscricoes/inscricao-selecao-direito-2018/o-que-fazer-se-for-exibido-um-alerta-de-pagina-nao-confiavel-ou-certificado-invalido;https://www-cdn.mpf.mp.br/o-mpf/unidades/pr-pb/estagio/inscricoes/inscricao-selecao-direito-2018/o-que-fazer-se-for-exibido-um-alerta-de-pagina-nao-confiavel-ou-certificado-invalido
Link;http://svlp-plnptapp01.pgr.mpf.mp.br:8401/portal/pb/estagie-conosco/inscricoes/inscricao-selecao-direito-2018/patos;https://www-cdn.mpf.mp.br/o-mpf/unidades/pr-pb/estagio/inscricoes/inscricao-selecao-direito-2018/patos
Link;http://svlp-plnptapp01.pgr.mpf.mp.br:8401/portal/pb/estagie-conosco/inscricoes/inscricao-selecao-direito-2018/sousa;https://www-cdn.mpf.mp.br/o-mpf/unidades/pr-pb/estagio/inscricoes/inscricao-selecao-direito-2018/sousa
Folder;http://svlp-plnptapp01.pgr.mpf.mp.br:8401/portal/pb/estagie-conosco/inscricoes/inscricao-selecao-direito-e-area-meio-2025;https://www-cdn.mpf.mp.br/o-mpf/unidades/pr-pb/estagio/inscricoes/inscricao-selecao-direito-e-area-meio-2025
Link;http://svlp-plnptapp01.pgr.mpf.mp.br:8401/portal/pb/estagie-conosco/inscricoes/inscricao-selecao-direito-e-area-meio-2025/inscricao-1o-processo-seletivo-de-estagio-do-mpf-na-paraiba-joao-pessoa-campina-grande-e-sousa-2025;https://www-cdn.mpf.mp.br/o-mpf/unidades/pr-pb/estagio/inscricoes/inscricao-selecao-direito-e-area-meio-2025/inscricao-1o-processo-seletivo-de-estagio-do-mpf-na-paraiba-joao-pessoa-campina-grande-e-sousa-2025
Folder;http://svlp-plnptapp01.pgr.mpf.mp.br:8401/portal/pb/estagie-conosco/inscricoes/inscricao-selecao-direito-monteiro-2018/imagens;https://www-cdn.mpf.mp.br/o-mpf/unidades/pr-pb/estagio/inscricoes/inscricao-selecao-direito-monteiro-2018/imagens
Link;http://svlp-plnptapp01.pgr.mpf.mp.br:8401/portal/pb/estagie-conosco/inscricoes/inscricao-selecao-direito-monteiro-2018/monteiro;https://www-cdn.mpf.mp.br/o-mpf/unidades/pr-pb/estagio/inscricoes/inscricao-selecao-direito-monteiro-2018/monteiro
Noticia;http://svlp-plnptapp01.pgr.mpf.mp.br:8401/portal/pb/estagie-conosco/inscricoes/inscricao-selecao-direito-monteiro-2018/o-que-fazer-se-for-exibido-um-alerta-de-pagina-nao-confiavel-ou-certificado-invalido;https://www-cdn.mpf.mp.br/o-mpf/unidades/pr-pb/estagio/inscricoes/inscricao-selecao-direito-monteiro-2018/o-que-fazer-se-for-exibido-um-alerta-de-pagina-nao-confiavel-ou-certificado-invalido
Folder;http://svlp-plnptapp01.pgr.mpf.mp.br:8401/portal/pb/estagie-conosco/normas;https://www-cdn.mpf.mp.br/o-mpf/unidades/pr-pb/estagio/normas
File;http://svlp-plnptapp01.pgr.mpf.mp.br:8401/portal/pb/estagie-conosco/normas/portaria-no-378-de-9-de-agosto-de-2010;https://www-cdn.mpf.mp.br/o-mpf/unidades/pr-pb/estagio/normas/portaria-no-378-de-9-de-agosto-de-2010
Folder;http://svlp-plnptapp01.pgr.mpf.mp.br:8401/portal/pb/estagie-conosco/processos-seletivos-anteriores;https://www-cdn.mpf.mp.br/o-mpf/unidades/pr-pb/estagio/processos-seletivos-anteriores
Folder;http://svlp-plnptapp01.pgr.mpf.mp.br:8401/portal/pb/estagie-conosco/processos-seletivos-anteriores-1;https://www-cdn.mpf.mp.br/o-mpf/unidades/pr-pb/estagio/processos-seletivos-anteriores-1
Folder;http://svlp-plnptapp01.pgr.mpf.mp.br:8401/portal/pb/estagie-conosco/processos-seletivos-anteriores-1/copy_of_2o-processo-seletivo-de-estagio-da-pr-pb-selecao-area-meio-2024;https://www-cdn.mpf.mp.br/o-mpf/unidades/pr-pb/estagio/processos-seletivos-anteriores-1/copy_of_2o-processo-seletivo-de-estagio-da-pr-pb-selecao-area-meio-2024
File;http://svlp-plnptapp01.pgr.mpf.mp.br:8401/portal/pb/estagie-conosco/processos-seletivos-anteriores-1/copy_of_2o-processo-seletivo-de-estagio-da-pr-pb-selecao-area-meio-2024/anexos-edital-no-21-2024-abertura-do-processo-seletivo-de-estagiarios-area-meio;https://www-cdn.mpf.mp.br/o-mpf/unidades/pr-pb/estagio/processos-seletivos-anteriores-1/copy_of_2o-processo-seletivo-de-estagio-da-pr-pb-selecao-area-meio-2024/anexos-edital-no-21-2024-abertura-do-processo-seletivo-de-estagiarios-area-meio
File;http://svlp-plnptapp01.pgr.mpf.mp.br:8401/portal/pb/estagie-conosco/processos-seletivos-anteriores-1/copy_of_2o-processo-seletivo-de-estagio-da-pr-pb-selecao-area-meio-2024/aviso-no-dia-da-prova-gabarito-preliminar-recursos-da-prova-objetiva.pdf;https://www-cdn.mpf.mp.br/o-mpf/unidades/pr-pb/estagio/processos-seletivos-anteriores-1/copy_of_2o-processo-seletivo-de-estagio-da-pr-pb-selecao-area-meio-2024/aviso-no-dia-da-prova-gabarito-preliminar-recursos-da-prova-objetiva.pdf
File;http://svlp-plnptapp01.pgr.mpf.mp.br:8401/portal/pb/estagie-conosco/processos-seletivos-anteriores-1/copy_of_2o-processo-seletivo-de-estagio-da-pr-pb-selecao-area-meio-2024/aviso-validacao-do-acesso-ao-ambiente-de-prova-1.pdf;https://www-cdn.mpf.mp.br/o-mpf/unidades/pr-pb/estagio/processos-seletivos-anteriores-1/copy_of_2o-processo-seletivo-de-estagio-da-pr-pb-selecao-area-meio-2024/aviso-validacao-do-acesso-ao-ambiente-de-prova-1.pdf
File;http://svlp-plnptapp01.pgr.mpf.mp.br:8401/portal/pb/estagie-conosco/processos-seletivos-anteriores-1/copy_of_2o-processo-seletivo-de-estagio-da-pr-pb-selecao-area-meio-2024/convite-para-celebracao-de-convenio-de-estagio-assinado.pdf;https://www-cdn.mpf.mp.br/o-mpf/unidades/pr-pb/estagio/processos-seletivos-anteriores-1/copy_of_2o-processo-seletivo-de-estagio-da-pr-pb-selecao-area-meio-2024/convite-para-celebracao-de-convenio-de-estagio-assinado.pdf
File;http://svlp-plnptapp01.pgr.mpf.mp.br:8401/portal/pb/estagie-conosco/processos-seletivos-anteriores-1/copy_of_2o-processo-seletivo-de-estagio-da-pr-pb-selecao-area-meio-2024/data-e-horario-da-prova-objetiva-online.pdf;https://www-cdn.mpf.mp.br/o-mpf/unidades/pr-pb/estagio/processos-seletivos-anteriores-1/copy_of_2o-processo-seletivo-de-estagio-da-pr-pb-selecao-area-meio-2024/data-e-horario-da-prova-objetiva-online.pdf
File;http://svlp-plnptapp01.pgr.mpf.mp.br:8401/portal/pb/estagie-conosco/processos-seletivos-anteriores-1/copy_of_2o-processo-seletivo-de-estagio-da-pr-pb-selecao-area-meio-2024/edital-30-resultado-area-meio-2024-assinado.pdf;https://www-cdn.mpf.mp.br/o-mpf/unidades/pr-pb/estagio/processos-seletivos-anteriores-1/copy_of_2o-processo-seletivo-de-estagio-da-pr-pb-selecao-area-meio-2024/edital-30-resultado-area-meio-2024-assinado.pdf
File;http://svlp-plnptapp01.pgr.mpf.mp.br:8401/portal/pb/estagie-conosco/processos-seletivos-anteriores-1/copy_of_2o-processo-seletivo-de-estagio-da-pr-pb-selecao-area-meio-2024/edital-34-resultado-heteroidentificacao-area-meio-2024-assinado.pdf;https://www-cdn.mpf.mp.br/o-mpf/unidades/pr-pb/estagio/processos-seletivos-anteriores-1/copy_of_2o-processo-seletivo-de-estagio-da-pr-pb-selecao-area-meio-2024/edital-34-resultado-heteroidentificacao-area-meio-2024-assinado.pdf
File;http://svlp-plnptapp01.pgr.mpf.mp.br:8401/portal/pb/estagie-conosco/processos-seletivos-anteriores-1/copy_of_2o-processo-seletivo-de-estagio-da-pr-pb-selecao-area-meio-2024/edital-35-resultado-final-heteroidentificacao-e-homolagacao-area-meio-2024-assinado.pdf;https://www-cdn.mpf.mp.br/o-mpf/unidades/pr-pb/estagio/processos-seletivos-anteriores-1/copy_of_2o-processo-seletivo-de-estagio-da-pr-pb-selecao-area-meio-2024/edital-35-resultado-final-heteroidentificacao-e-homolagacao-area-meio-2024-assinado.pdf
File;http://svlp-plnptapp01.pgr.mpf.mp.br:8401/portal/pb/estagie-conosco/processos-seletivos-anteriores-1/copy_of_2o-processo-seletivo-de-estagio-da-pr-pb-selecao-area-meio-2024/edital-no-21-2024-abertura-do-processo-seletivo-de-estagiarios-area-meio;https://www-cdn.mpf.mp.br/o-mpf/unidades/pr-pb/estagio/processos-seletivos-anteriores-1/copy_of_2o-processo-seletivo-de-estagio-da-pr-pb-selecao-area-meio-2024/edital-no-21-2024-abertura-do-processo-seletivo-de-estagiarios-area-meio
File;http://svlp-plnptapp01.pgr.mpf.mp.br:8401/portal/pb/estagie-conosco/processos-seletivos-anteriores-1/copy_of_2o-processo-seletivo-de-estagio-da-pr-pb-selecao-area-meio-2024/edital-no-33-2024-convocacao-para-entrevista-de-heteroidentificacao-processo-seletivo-de-estagiarios-area-meio;https://www-cdn.mpf.mp.br/o-mpf/unidades/pr-pb/estagio/processos-seletivos-anteriores-1/copy_of_2o-processo-seletivo-de-estagio-da-pr-pb-selecao-area-meio-2024/edital-no-33-2024-convocacao-para-entrevista-de-heteroidentificacao-processo-seletivo-de-estagiarios-area-meio
File;http://svlp-plnptapp01.pgr.mpf.mp.br:8401/portal/pb/estagie-conosco/processos-seletivos-anteriores-1/copy_of_2o-processo-seletivo-de-estagio-da-pr-pb-selecao-area-meio-2024/listagem-de-inscricoes-confirmadas.pdf;https://www-cdn.mpf.mp.br/o-mpf/unidades/pr-pb/estagio/processos-seletivos-anteriores-1/copy_of_2o-processo-seletivo-de-estagio-da-pr-pb-selecao-area-meio-2024/listagem-de-inscricoes-confirmadas.pdf
File;http://svlp-plnptapp01.pgr.mpf.mp.br:8401/portal/pb/estagie-conosco/processos-seletivos-anteriores-1/copy_of_2o-processo-seletivo-de-estagio-da-pr-pb-selecao-area-meio-2024/preliminar-ps-nacional-estagio-2024.pdf;https://www-cdn.mpf.mp.br/o-mpf/unidades/pr-pb/estagio/processos-seletivos-anteriores-1/copy_of_2o-processo-seletivo-de-estagio-da-pr-pb-selecao-area-meio-2024/preliminar-ps-nacional-estagio-2024.pdf
Folder;http://svlp-plnptapp01.pgr.mpf.mp.br:8401/portal/pb/estagie-conosco/processos-seletivos-anteriores-1/selecao-area-meio-2022-edital-no-15-de-11-10-2022;https://www-cdn.mpf.mp.br/o-mpf/unidades/pr-pb/estagio/processos-seletivos-anteriores-1/selecao-area-meio-2022-edital-no-15-de-11-10-2022
File;http://svlp-plnptapp01.pgr.mpf.mp.br:8401/portal/pb/estagie-conosco/processos-seletivos-anteriores-1/selecao-area-meio-2022-edital-no-15-de-11-10-2022/edital-no-15-2022-abertura-selecao-area-meio-2022;https://www-cdn.mpf.mp.br/o-mpf/unidades/pr-pb/estagio/processos-seletivos-anteriores-1/selecao-area-meio-2022-edital-no-15-de-11-10-2022/edital-no-15-2022-abertura-selecao-area-meio-2022
File;http://svlp-plnptapp01.pgr.mpf.mp.br:8401/portal/pb/estagie-conosco/processos-seletivos-anteriores-1/selecao-area-meio-2022-edital-no-15-de-11-10-2022/edital-no-21-2022-prorroga-as-inscricoes-da-selecao-area-meio-2022;https://www-cdn.mpf.mp.br/o-mpf/unidades/pr-pb/estagio/processos-seletivos-anteriores-1/selecao-area-meio-2022-edital-no-15-de-11-10-2022/edital-no-21-2022-prorroga-as-inscricoes-da-selecao-area-meio-2022
File;http://svlp-plnptapp01.pgr.mpf.mp.br:8401/portal/pb/estagie-conosco/processos-seletivos-anteriores-1/selecao-area-meio-2022-edital-no-15-de-11-10-2022/edital-no-23-2022-prorroga-as-inscricoes-da-selecao-area-meio-2022-ate-27-10-2022;https://www-cdn.mpf.mp.br/o-mpf/unidades/pr-pb/estagio/processos-seletivos-anteriores-1/selecao-area-meio-2022-edital-no-15-de-11-10-2022/edital-no-23-2022-prorroga-as-inscricoes-da-selecao-area-meio-2022-ate-27-10-2022
File;http://svlp-plnptapp01.pgr.mpf.mp.br:8401/portal/pb/estagie-conosco/processos-seletivos-anteriores-1/selecao-area-meio-2022-edital-no-15-de-11-10-2022/edital-no-26-2022-locais-de-prova-e-inscricoes-deferidas-da-selecao-area-meio-2022;https://www-cdn.mpf.mp.br/o-mpf/unidades/pr-pb/estagio/processos-seletivos-anteriores-1/selecao-area-meio-2022-edital-no-15-de-11-10-2022/edital-no-26-2022-locais-de-prova-e-inscricoes-deferidas-da-selecao-area-meio-2022
File;http://svlp-plnptapp01.pgr.mpf.mp.br:8401/portal/pb/estagie-conosco/processos-seletivos-anteriores-1/selecao-area-meio-2022-edital-no-15-de-11-10-2022/edital-no-28-2022-gabarito-da-prova-realizada-em-06-11-2022-area-meio-2022;https://www-cdn.mpf.mp.br/o-mpf/unidades/pr-pb/estagio/processos-seletivos-anteriores-1/selecao-area-meio-2022-edital-no-15-de-11-10-2022/edital-no-28-2022-gabarito-da-prova-realizada-em-06-11-2022-area-meio-2022
File;http://svlp-plnptapp01.pgr.mpf.mp.br:8401/portal/pb/estagie-conosco/processos-seletivos-anteriores-1/selecao-area-meio-2022-edital-no-15-de-11-10-2022/edital-no-29-2022-resultado-dos-recursos-e-da-prova-objetiva;https://www-cdn.mpf.mp.br/o-mpf/unidades/pr-pb/estagio/processos-seletivos-anteriores-1/selecao-area-meio-2022-edital-no-15-de-11-10-2022/edital-no-29-2022-resultado-dos-recursos-e-da-prova-objetiva
File;http://svlp-plnptapp01.pgr.mpf.mp.br:8401/portal/pb/estagie-conosco/processos-seletivos-anteriores-1/selecao-area-meio-2022-edital-no-15-de-11-10-2022/edital-no-31-2022-resultado-final-e-homologacao-da-area-meio-2022;https://www-cdn.mpf.mp.br/o-mpf/unidades/pr-pb/estagio/processos-seletivos-anteriores-1/selecao-area-meio-2022-edital-no-15-de-11-10-2022/edital-no-31-2022-resultado-final-e-homologacao-da-area-meio-2022
Link;http://svlp-plnptapp01.pgr.mpf.mp.br:8401/portal/pb/estagie-conosco/processos-seletivos-anteriores-1/selecao-area-meio-2022-edital-no-15-de-11-10-2022/inscricao-selecao-area-meio-2022;https://www-cdn.mpf.mp.br/o-mpf/unidades/pr-pb/estagio/processos-seletivos-anteriores-1/selecao-area-meio-2022-edital-no-15-de-11-10-2022/inscricao-selecao-area-meio-2022
File;http://svlp-plnptapp01.pgr.mpf.mp.br:8401/portal/pb/estagie-conosco/processos-seletivos-anteriores-1/selecao-area-meio-2022-edital-no-15-de-11-10-2022/retificacao-do-edital-no-15-2022-abertura-selecao-area-meio-2022;https://www-cdn.mpf.mp.br/o-mpf/unidades/pr-pb/estagio/processos-seletivos-anteriores-1/selecao-area-meio-2022-edital-no-15-de-11-10-2022/retificacao-do-edital-no-15-2022-abertura-selecao-area-meio-2022
Folder;http://svlp-plnptapp01.pgr.mpf.mp.br:8401/portal/pb/estagie-conosco/processos-seletivos-anteriores-1/selecao-area-meio-2023-edital-22-2023;https://www-cdn.mpf.mp.br/o-mpf/unidades/pr-pb/estagio/processos-seletivos-anteriores-1/selecao-area-meio-2023-edital-22-2023
File;http://svlp-plnptapp01.pgr.mpf.mp.br:8401/portal/pb/estagie-conosco/processos-seletivos-anteriores-1/selecao-area-meio-2023-edital-22-2023/edital-com-prorrogacao-das-inscricoes-do-processo-seletivo-de-estagiarios-da-area-meio-da-procuradoria-da-republica-na-paraiba-2023;https://www-cdn.mpf.mp.br/o-mpf/unidades/pr-pb/estagio/processos-seletivos-anteriores-1/selecao-area-meio-2023-edital-22-2023/edital-com-prorrogacao-das-inscricoes-do-processo-seletivo-de-estagiarios-da-area-meio-da-procuradoria-da-republica-na-paraiba-2023
File;http://svlp-plnptapp01.pgr.mpf.mp.br:8401/portal/pb/estagie-conosco/processos-seletivos-anteriores-1/selecao-area-meio-2023-edital-22-2023/edital-no-22-2023-abertura-do-processo-seletivo-de-estagiarios-da-area-meio-da-pr-pb;https://www-cdn.mpf.mp.br/o-mpf/unidades/pr-pb/estagio/processos-seletivos-anteriores-1/selecao-area-meio-2023-edital-22-2023/edital-no-22-2023-abertura-do-processo-seletivo-de-estagiarios-da-area-meio-da-pr-pb
File;http://svlp-plnptapp01.pgr.mpf.mp.br:8401/portal/pb/estagie-conosco/processos-seletivos-anteriores-1/selecao-area-meio-2023-edital-22-2023/edital-no-26-2023-local-de-provas-e-deferimento-de-inscricoes;https://www-cdn.mpf.mp.br/o-mpf/unidades/pr-pb/estagio/processos-seletivos-anteriores-1/selecao-area-meio-2023-edital-22-2023/edital-no-26-2023-local-de-provas-e-deferimento-de-inscricoes
File;http://svlp-plnptapp01.pgr.mpf.mp.br:8401/portal/pb/estagie-conosco/processos-seletivos-anteriores-1/selecao-area-meio-2023-edital-22-2023/edital-no-27-2023-gabarito-provisorio-da-prova-realizada-no-dia-19-11-2023;https://www-cdn.mpf.mp.br/o-mpf/unidades/pr-pb/estagio/processos-seletivos-anteriores-1/selecao-area-meio-2023-edital-22-2023/edital-no-27-2023-gabarito-provisorio-da-prova-realizada-no-dia-19-11-2023
File;http://svlp-plnptapp01.pgr.mpf.mp.br:8401/portal/pb/estagie-conosco/processos-seletivos-anteriores-1/selecao-area-meio-2023-edital-22-2023/edital-no-31-2023-resultado-final-e-homologacao-do-processo-seletivo-area-meio-2023;https://www-cdn.mpf.mp.br/o-mpf/unidades/pr-pb/estagio/processos-seletivos-anteriores-1/selecao-area-meio-2023-edital-22-2023/edital-no-31-2023-resultado-final-e-homologacao-do-processo-seletivo-area-meio-2023
Link;http://svlp-plnptapp01.pgr.mpf.mp.br:8401/portal/pb/estagie-conosco/processos-seletivos-anteriores-1/selecao-area-meio-2023-edital-22-2023/inscricao-selecao-area-meio-2023;https://www-cdn.mpf.mp.br/o-mpf/unidades/pr-pb/estagio/processos-seletivos-anteriores-1/selecao-area-meio-2023-edital-22-2023/inscricao-selecao-area-meio-2023
Link;http://svlp-plnptapp01.pgr.mpf.mp.br:8401/portal/pb/estagie-conosco/processos-seletivos-anteriores-1/selecao-area-meio-2023-edital-22-2023/prova-de-estagio-em-publicidade-midias-design-grafico-informatica-ciencias-contabeis-e-gestao-publica-esta-prevista-para-ser-realizada-no-dia-19-de-novembro;https://www-cdn.mpf.mp.br/o-mpf/unidades/pr-pb/estagio/processos-seletivos-anteriores-1/selecao-area-meio-2023-edital-22-2023/prova-de-estagio-em-publicidade-midias-design-grafico-informatica-ciencias-contabeis-e-gestao-publica-esta-prevista-para-ser-realizada-no-dia-19-de-novembro
Folder;http://svlp-plnptapp01.pgr.mpf.mp.br:8401/portal/pb/estagie-conosco/processos-seletivos-anteriores-1/selecao-da-area-meio-2016;https://www-cdn.mpf.mp.br/o-mpf/unidades/pr-pb/estagio/processos-seletivos-anteriores-1/selecao-da-area-meio-2016
File;http://svlp-plnptapp01.pgr.mpf.mp.br:8401/portal/pb/estagie-conosco/processos-seletivos-anteriores-1/selecao-da-area-meio-2016/edital-no-07-2016-de-abertura-area-meio-2016;https://www-cdn.mpf.mp.br/o-mpf/unidades/pr-pb/estagio/processos-seletivos-anteriores-1/selecao-da-area-meio-2016/edital-no-07-2016-de-abertura-area-meio-2016
File;http://svlp-plnptapp01.pgr.mpf.mp.br:8401/portal/pb/estagie-conosco/processos-seletivos-anteriores-1/selecao-da-area-meio-2016/edital-no-08-2016-local-de-provas-e-deferimento-de-inscricoes;https://www-cdn.mpf.mp.br/o-mpf/unidades/pr-pb/estagio/processos-seletivos-anteriores-1/selecao-da-area-meio-2016/edital-no-08-2016-local-de-provas-e-deferimento-de-inscricoes
File;http://svlp-plnptapp01.pgr.mpf.mp.br:8401/portal/pb/estagie-conosco/processos-seletivos-anteriores-1/selecao-da-area-meio-2016/edital-no-10-2016-gabarito-provisorio;https://www-cdn.mpf.mp.br/o-mpf/unidades/pr-pb/estagio/processos-seletivos-anteriores-1/selecao-da-area-meio-2016/edital-no-10-2016-gabarito-provisorio
File;http://svlp-plnptapp01.pgr.mpf.mp.br:8401/portal/pb/estagie-conosco/processos-seletivos-anteriores-1/selecao-da-area-meio-2016/edital-no-11-2016-gabarito-apos-recurso-e-resultado-objetiva-de-todas-as-areas-e-resultado-final-de-informatica-e-ciencias-contabeis;https://www-cdn.mpf.mp.br/o-mpf/unidades/pr-pb/estagio/processos-seletivos-anteriores-1/selecao-da-area-meio-2016/edital-no-11-2016-gabarito-apos-recurso-e-resultado-objetiva-de-todas-as-areas-e-resultado-final-de-informatica-e-ciencias-contabeis
File;http://svlp-plnptapp01.pgr.mpf.mp.br:8401/portal/pb/estagie-conosco/processos-seletivos-anteriores-1/selecao-da-area-meio-2016/edital-no-12-2016-homologacao-do-resultado-final-de-informatica-e-ciencias-contabeis;https://www-cdn.mpf.mp.br/o-mpf/unidades/pr-pb/estagio/processos-seletivos-anteriores-1/selecao-da-area-meio-2016/edital-no-12-2016-homologacao-do-resultado-final-de-informatica-e-ciencias-contabeis
File;http://svlp-plnptapp01.pgr.mpf.mp.br:8401/portal/pb/estagie-conosco/processos-seletivos-anteriores-1/selecao-da-area-meio-2016/edital-no-18-2016-resultado-da-subjetiva-e-final-de-gestao-publica-jornalismo-e-publicidade;https://www-cdn.mpf.mp.br/o-mpf/unidades/pr-pb/estagio/processos-seletivos-anteriores-1/selecao-da-area-meio-2016/edital-no-18-2016-resultado-da-subjetiva-e-final-de-gestao-publica-jornalismo-e-publicidade
File;http://svlp-plnptapp01.pgr.mpf.mp.br:8401/portal/pb/estagie-conosco/processos-seletivos-anteriores-1/selecao-da-area-meio-2016/edital-no-19-2016-homologacao-do-resultado-final-de-gestao-publica-jornalismo-e-publicidade-1;https://www-cdn.mpf.mp.br/o-mpf/unidades/pr-pb/estagio/processos-seletivos-anteriores-1/selecao-da-area-meio-2016/edital-no-19-2016-homologacao-do-resultado-final-de-gestao-publica-jornalismo-e-publicidade-1
Folder;http://svlp-plnptapp01.pgr.mpf.mp.br:8401/portal/pb/estagie-conosco/processos-seletivos-anteriores-1/selecao-da-area-meio-2018;https://www-cdn.mpf.mp.br/o-mpf/unidades/pr-pb/estagio/processos-seletivos-anteriores-1/selecao-da-area-meio-2018
File;http://svlp-plnptapp01.pgr.mpf.mp.br:8401/portal/pb/estagie-conosco/processos-seletivos-anteriores-1/selecao-da-area-meio-2018/edital-no-01-2018-abertura-selecao-da-area-meio-2018;https://www-cdn.mpf.mp.br/o-mpf/unidades/pr-pb/estagio/processos-seletivos-anteriores-1/selecao-da-area-meio-2018/edital-no-01-2018-abertura-selecao-da-area-meio-2018
File;http://svlp-plnptapp01.pgr.mpf.mp.br:8401/portal/pb/estagie-conosco/processos-seletivos-anteriores-1/selecao-da-area-meio-2018/edital-no-02-2018-monteiro-abertura-selecao-da-area-meio-2018;https://www-cdn.mpf.mp.br/o-mpf/unidades/pr-pb/estagio/processos-seletivos-anteriores-1/selecao-da-area-meio-2018/edital-no-02-2018-monteiro-abertura-selecao-da-area-meio-2018
File;http://svlp-plnptapp01.pgr.mpf.mp.br:8401/portal/pb/estagie-conosco/processos-seletivos-anteriores-1/selecao-da-area-meio-2018/edital-no-04-2018-joao-pessoa-inclusao-de-ies-e-prorrogacao-das-inscricoes-da-selecao-da-area-meio-2018;https://www-cdn.mpf.mp.br/o-mpf/unidades/pr-pb/estagio/processos-seletivos-anteriores-1/selecao-da-area-meio-2018/edital-no-04-2018-joao-pessoa-inclusao-de-ies-e-prorrogacao-das-inscricoes-da-selecao-da-area-meio-2018
File;http://svlp-plnptapp01.pgr.mpf.mp.br:8401/portal/pb/estagie-conosco/processos-seletivos-anteriores-1/selecao-da-area-meio-2018/edital-no-05-2018-joao-pessoa-local-de-provas-e-confirmacao-de-inscricoes-selecao-da-area-meio-2018;https://www-cdn.mpf.mp.br/o-mpf/unidades/pr-pb/estagio/processos-seletivos-anteriores-1/selecao-da-area-meio-2018/edital-no-05-2018-joao-pessoa-local-de-provas-e-confirmacao-de-inscricoes-selecao-da-area-meio-2018
File;http://svlp-plnptapp01.pgr.mpf.mp.br:8401/portal/pb/estagie-conosco/processos-seletivos-anteriores-1/selecao-da-area-meio-2018/edital-no-06-2018-monteiro-local-de-provas-e-confirmacao-de-inscricoes-selecao-da-area-meio-2018;https://www-cdn.mpf.mp.br/o-mpf/unidades/pr-pb/estagio/processos-seletivos-anteriores-1/selecao-da-area-meio-2018/edital-no-06-2018-monteiro-local-de-provas-e-confirmacao-de-inscricoes-selecao-da-area-meio-2018
File;http://svlp-plnptapp01.pgr.mpf.mp.br:8401/portal/pb/estagie-conosco/processos-seletivos-anteriores-1/selecao-da-area-meio-2018/edital-no-07-2018-joao-pessoa-gabarito-provisorio-selecao-da-area-meio-2018;https://www-cdn.mpf.mp.br/o-mpf/unidades/pr-pb/estagio/processos-seletivos-anteriores-1/selecao-da-area-meio-2018/edital-no-07-2018-joao-pessoa-gabarito-provisorio-selecao-da-area-meio-2018
File;http://svlp-plnptapp01.pgr.mpf.mp.br:8401/portal/pb/estagie-conosco/processos-seletivos-anteriores-1/selecao-da-area-meio-2018/edital-no-08-2018-monteiro-gabarito-provisorio-selecao-da-area-meio-2018;https://www-cdn.mpf.mp.br/o-mpf/unidades/pr-pb/estagio/processos-seletivos-anteriores-1/selecao-da-area-meio-2018/edital-no-08-2018-monteiro-gabarito-provisorio-selecao-da-area-meio-2018
File;http://svlp-plnptapp01.pgr.mpf.mp.br:8401/portal/pb/estagie-conosco/processos-seletivos-anteriores-1/selecao-da-area-meio-2018/edital-no-09-2018-resultado-objetiva-de-publicidade-e-jornalismo-e-resultado-final-de-gestao-publica-ciencias-contabeis-e-informatica-selecao-da-area-meio-2018;https://www-cdn.mpf.mp.br/o-mpf/unidades/pr-pb/estagio/processos-seletivos-anteriores-1/selecao-da-area-meio-2018/edital-no-09-2018-resultado-objetiva-de-publicidade-e-jornalismo-e-resultado-final-de-gestao-publica-ciencias-contabeis-e-informatica-selecao-da-area-meio-2018
File;http://svlp-plnptapp01.pgr.mpf.mp.br:8401/portal/pb/estagie-conosco/processos-seletivos-anteriores-1/selecao-da-area-meio-2018/edital-no-10-2018-resultado-objetiva-e-resultado-final-de-letras-selecao-da-area-meio-2018-monteiro;https://www-cdn.mpf.mp.br/o-mpf/unidades/pr-pb/estagio/processos-seletivos-anteriores-1/selecao-da-area-meio-2018/edital-no-10-2018-resultado-objetiva-e-resultado-final-de-letras-selecao-da-area-meio-2018-monteiro
File;http://svlp-plnptapp01.pgr.mpf.mp.br:8401/portal/pb/estagie-conosco/processos-seletivos-anteriores-1/selecao-da-area-meio-2018/edital-no-11-2018-resultado-da-subjetiva-e-final-de-publicidade-e-jornalismo-selecao-da-area-meio-2018;https://www-cdn.mpf.mp.br/o-mpf/unidades/pr-pb/estagio/processos-seletivos-anteriores-1/selecao-da-area-meio-2018/edital-no-11-2018-resultado-da-subjetiva-e-final-de-publicidade-e-jornalismo-selecao-da-area-meio-2018
File;http://svlp-plnptapp01.pgr.mpf.mp.br:8401/portal/pb/estagie-conosco/processos-seletivos-anteriores-1/selecao-da-area-meio-2018/edital-no-12-2018-homologacao-do-resultado-final-de-gestao-publica-ciencias-contabeis-e-informatica-selecao-da-area-meio-2018;https://www-cdn.mpf.mp.br/o-mpf/unidades/pr-pb/estagio/processos-seletivos-anteriores-1/selecao-da-area-meio-2018/edital-no-12-2018-homologacao-do-resultado-final-de-gestao-publica-ciencias-contabeis-e-informatica-selecao-da-area-meio-2018
File;http://svlp-plnptapp01.pgr.mpf.mp.br:8401/portal/pb/estagie-conosco/processos-seletivos-anteriores-1/selecao-da-area-meio-2018/edital-no-13-2018-homologacao-do-resultado-final-de-letras-selecao-da-area-meio-2018-monteiro;https://www-cdn.mpf.mp.br/o-mpf/unidades/pr-pb/estagio/processos-seletivos-anteriores-1/selecao-da-area-meio-2018/edital-no-13-2018-homologacao-do-resultado-final-de-letras-selecao-da-area-meio-2018-monteiro
File;http://svlp-plnptapp01.pgr.mpf.mp.br:8401/portal/pb/estagie-conosco/processos-seletivos-anteriores-1/selecao-da-area-meio-2018/edital-no-14-2018-homologacao-do-resultado-final-de-publicidade-e-jornalismo-selecao-da-area-meio-2018;https://www-cdn.mpf.mp.br/o-mpf/unidades/pr-pb/estagio/processos-seletivos-anteriores-1/selecao-da-area-meio-2018/edital-no-14-2018-homologacao-do-resultado-final-de-publicidade-e-jornalismo-selecao-da-area-meio-2018
Folder;http://svlp-plnptapp01.pgr.mpf.mp.br:8401/portal/pb/estagie-conosco/processos-seletivos-anteriores-1/selecao-da-area-meio-2019;https://www-cdn.mpf.mp.br/o-mpf/unidades/pr-pb/estagio/processos-seletivos-anteriores-1/selecao-da-area-meio-2019
File;http://svlp-plnptapp01.pgr.mpf.mp.br:8401/portal/pb/estagie-conosco/processos-seletivos-anteriores-1/selecao-da-area-meio-2019/edital-no-07-2019-joao-pessoa-abertura-selecao-da-area-meio-2019;https://www-cdn.mpf.mp.br/o-mpf/unidades/pr-pb/estagio/processos-seletivos-anteriores-1/selecao-da-area-meio-2019/edital-no-07-2019-joao-pessoa-abertura-selecao-da-area-meio-2019
File;http://svlp-plnptapp01.pgr.mpf.mp.br:8401/portal/pb/estagie-conosco/processos-seletivos-anteriores-1/selecao-da-area-meio-2019/edital-no-09-2019-joao-pessoa-local-de-provas-e-confirmacao-de-inscricoes-selecao-da-area-meio-2019;https://www-cdn.mpf.mp.br/o-mpf/unidades/pr-pb/estagio/processos-seletivos-anteriores-1/selecao-da-area-meio-2019/edital-no-09-2019-joao-pessoa-local-de-provas-e-confirmacao-de-inscricoes-selecao-da-area-meio-2019
File;http://svlp-plnptapp01.pgr.mpf.mp.br:8401/portal/pb/estagie-conosco/processos-seletivos-anteriores-1/selecao-da-area-meio-2019/edital-no-11-2019-joao-pessoa-gabarito-provisorio-selecao-da-area-meio-2019;https://www-cdn.mpf.mp.br/o-mpf/unidades/pr-pb/estagio/processos-seletivos-anteriores-1/selecao-da-area-meio-2019/edital-no-11-2019-joao-pessoa-gabarito-provisorio-selecao-da-area-meio-2019
File;http://svlp-plnptapp01.pgr.mpf.mp.br:8401/portal/pb/estagie-conosco/processos-seletivos-anteriores-1/selecao-da-area-meio-2019/edital-no-13-2019-resultado-objetiva-de-publicidade-e-jornalismo-e-resultado-final-de-gestao-publica-ciencias-contabeis-e-informatica-selecao-da-area-meio-2019-joao-pessoa;https://www-cdn.mpf.mp.br/o-mpf/unidades/pr-pb/estagio/processos-seletivos-anteriores-1/selecao-da-area-meio-2019/edital-no-13-2019-resultado-objetiva-de-publicidade-e-jornalismo-e-resultado-final-de-gestao-publica-ciencias-contabeis-e-informatica-selecao-da-area-meio-2019-joao-pessoa
File;http://svlp-plnptapp01.pgr.mpf.mp.br:8401/portal/pb/estagie-conosco/processos-seletivos-anteriores-1/selecao-da-area-meio-2019/edital-no-15-2019-homologacao-do-resultado-final-de-gestao-publica-ciencias-contabeis-e-informatica-selecao-da-area-meio-2019;https://www-cdn.mpf.mp.br/o-mpf/unidades/pr-pb/estagio/processos-seletivos-anteriores-1/selecao-da-area-meio-2019/edital-no-15-2019-homologacao-do-resultado-final-de-gestao-publica-ciencias-contabeis-e-informatica-selecao-da-area-meio-2019
File;http://svlp-plnptapp01.pgr.mpf.mp.br:8401/portal/pb/estagie-conosco/processos-seletivos-anteriores-1/selecao-da-area-meio-2019/edital-no-17-2019-resultado-da-subjetiva-e-final-de-publicidade-e-jornalismo-selecao-da-area-meio-2019;https://www-cdn.mpf.mp.br/o-mpf/unidades/pr-pb/estagio/processos-seletivos-anteriores-1/selecao-da-area-meio-2019/edital-no-17-2019-resultado-da-subjetiva-e-final-de-publicidade-e-jornalismo-selecao-da-area-meio-2019
File;http://svlp-plnptapp01.pgr.mpf.mp.br:8401/portal/pb/estagie-conosco/processos-seletivos-anteriores-1/selecao-da-area-meio-2019/edital-no-18-2019-homologacao-do-resultado-final-de-publicidade-e-jornalismo-selecao-da-area-meio-2019;https://www-cdn.mpf.mp.br/o-mpf/unidades/pr-pb/estagio/processos-seletivos-anteriores-1/selecao-da-area-meio-2019/edital-no-18-2019-homologacao-do-resultado-final-de-publicidade-e-jornalismo-selecao-da-area-meio-2019
Link;http://svlp-plnptapp01.pgr.mpf.mp.br:8401/portal/pb/estagie-conosco/processos-seletivos-anteriores-1/selecao-da-area-meio-2019/joao-pessoa;https://www-cdn.mpf.mp.br/o-mpf/unidades/pr-pb/estagio/processos-seletivos-anteriores-1/selecao-da-area-meio-2019/joao-pessoa
Folder;http://svlp-plnptapp01.pgr.mpf.mp.br:8401/portal/pb/estagie-conosco/processos-seletivos-anteriores-1/selecao-da-area-meio-monteiro-2019;https://www-cdn.mpf.mp.br/o-mpf/unidades/pr-pb/estagio/processos-seletivos-anteriores-1/selecao-da-area-meio-monteiro-2019
File;http://svlp-plnptapp01.pgr.mpf.mp.br:8401/portal/pb/estagie-conosco/processos-seletivos-anteriores-1/selecao-da-area-meio-monteiro-2019/edital-no-08-2019-monteiro-abertura-selecao-da-area-meio-2019;https://www-cdn.mpf.mp.br/o-mpf/unidades/pr-pb/estagio/processos-seletivos-anteriores-1/selecao-da-area-meio-monteiro-2019/edital-no-08-2019-monteiro-abertura-selecao-da-area-meio-2019
File;http://svlp-plnptapp01.pgr.mpf.mp.br:8401/portal/pb/estagie-conosco/processos-seletivos-anteriores-1/selecao-da-area-meio-monteiro-2019/edital-no-10-2019-monteiro-local-de-provas-e-confirmacao-de-inscricoes-selecao-da-area-meio-2019;https://www-cdn.mpf.mp.br/o-mpf/unidades/pr-pb/estagio/processos-seletivos-anteriores-1/selecao-da-area-meio-monteiro-2019/edital-no-10-2019-monteiro-local-de-provas-e-confirmacao-de-inscricoes-selecao-da-area-meio-2019
File;http://svlp-plnptapp01.pgr.mpf.mp.br:8401/portal/pb/estagie-conosco/processos-seletivos-anteriores-1/selecao-da-area-meio-monteiro-2019/edital-no-12-2019-joao-pessoa-gabarito-provisorio-selecao-da-area-meio-2019;https://www-cdn.mpf.mp.br/o-mpf/unidades/pr-pb/estagio/processos-seletivos-anteriores-1/selecao-da-area-meio-monteiro-2019/edital-no-12-2019-joao-pessoa-gabarito-provisorio-selecao-da-area-meio-2019
File;http://svlp-plnptapp01.pgr.mpf.mp.br:8401/portal/pb/estagie-conosco/processos-seletivos-anteriores-1/selecao-da-area-meio-monteiro-2019/edital-no-14-2019-resultado-objetiva-e-resultado-final-de-letras-selecao-da-area-meio-2019-monteiro;https://www-cdn.mpf.mp.br/o-mpf/unidades/pr-pb/estagio/processos-seletivos-anteriores-1/selecao-da-area-meio-monteiro-2019/edital-no-14-2019-resultado-objetiva-e-resultado-final-de-letras-selecao-da-area-meio-2019-monteiro
File;http://svlp-plnptapp01.pgr.mpf.mp.br:8401/portal/pb/estagie-conosco/processos-seletivos-anteriores-1/selecao-da-area-meio-monteiro-2019/edital-no-16-2019-homologacao-do-resultado-final-de-letras-selecao-da-area-meio-2019-monteiro;https://www-cdn.mpf.mp.br/o-mpf/unidades/pr-pb/estagio/processos-seletivos-anteriores-1/selecao-da-area-meio-monteiro-2019/edital-no-16-2019-homologacao-do-resultado-final-de-letras-selecao-da-area-meio-2019-monteiro
Link;http://svlp-plnptapp01.pgr.mpf.mp.br:8401/portal/pb/estagie-conosco/processos-seletivos-anteriores-1/selecao-da-area-meio-monteiro-2019/monteiro;https://www-cdn.mpf.mp.br/o-mpf/unidades/pr-pb/estagio/processos-seletivos-anteriores-1/selecao-da-area-meio-monteiro-2019/monteiro
Folder;http://svlp-plnptapp01.pgr.mpf.mp.br:8401/portal/pb/estagie-conosco/processos-seletivos-anteriores-1/selecao-de-direito-2016;https://www-cdn.mpf.mp.br/o-mpf/unidades/pr-pb/estagio/processos-seletivos-anteriores-1/selecao-de-direito-2016
File;http://svlp-plnptapp01.pgr.mpf.mp.br:8401/portal/pb/estagie-conosco/processos-seletivos-anteriores-1/selecao-de-direito-2016/edital-de-abertura-selecao-de-direito-2016;https://www-cdn.mpf.mp.br/o-mpf/unidades/pr-pb/estagio/processos-seletivos-anteriores-1/selecao-de-direito-2016/edital-de-abertura-selecao-de-direito-2016
File;http://svlp-plnptapp01.pgr.mpf.mp.br:8401/portal/pb/estagie-conosco/processos-seletivos-anteriores-1/selecao-de-direito-2016/edital-no-01-2017-resultado-final-apos-recurso-e-homologacao;https://www-cdn.mpf.mp.br/o-mpf/unidades/pr-pb/estagio/processos-seletivos-anteriores-1/selecao-de-direito-2016/edital-no-01-2017-resultado-final-apos-recurso-e-homologacao
File;http://svlp-plnptapp01.pgr.mpf.mp.br:8401/portal/pb/estagie-conosco/processos-seletivos-anteriores-1/selecao-de-direito-2016/edital-no-13-2016-local-de-provas-e-deferimento-de-inscricoes;https://www-cdn.mpf.mp.br/o-mpf/unidades/pr-pb/estagio/processos-seletivos-anteriores-1/selecao-de-direito-2016/edital-no-13-2016-local-de-provas-e-deferimento-de-inscricoes
File;http://svlp-plnptapp01.pgr.mpf.mp.br:8401/portal/pb/estagie-conosco/processos-seletivos-anteriores-1/selecao-de-direito-2016/edital-no-17-2016-gabarito-provisorio;https://www-cdn.mpf.mp.br/o-mpf/unidades/pr-pb/estagio/processos-seletivos-anteriores-1/selecao-de-direito-2016/edital-no-17-2016-gabarito-provisorio
File;http://svlp-plnptapp01.pgr.mpf.mp.br:8401/portal/pb/estagie-conosco/processos-seletivos-anteriores-1/selecao-de-direito-2016/edital-no-20-2016-resultado-da-prova-objetiva-e-dos-recursos-do-gabarito-1;https://www-cdn.mpf.mp.br/o-mpf/unidades/pr-pb/estagio/processos-seletivos-anteriores-1/selecao-de-direito-2016/edital-no-20-2016-resultado-da-prova-objetiva-e-dos-recursos-do-gabarito-1
File;http://svlp-plnptapp01.pgr.mpf.mp.br:8401/portal/pb/estagie-conosco/processos-seletivos-anteriores-1/selecao-de-direito-2016/edital-no-21-2016-analise-dos-recursos-de-contagem-de-pontos-das-provas-objetivas;https://www-cdn.mpf.mp.br/o-mpf/unidades/pr-pb/estagio/processos-seletivos-anteriores-1/selecao-de-direito-2016/edital-no-21-2016-analise-dos-recursos-de-contagem-de-pontos-das-provas-objetivas
File;http://svlp-plnptapp01.pgr.mpf.mp.br:8401/portal/pb/estagie-conosco/processos-seletivos-anteriores-1/selecao-de-direito-2016/edital-no-22-2016-resultado-da-prova-subjetiva-e-resultado-final-do-concurso;https://www-cdn.mpf.mp.br/o-mpf/unidades/pr-pb/estagio/processos-seletivos-anteriores-1/selecao-de-direito-2016/edital-no-22-2016-resultado-da-prova-subjetiva-e-resultado-final-do-concurso
File;http://svlp-plnptapp01.pgr.mpf.mp.br:8401/portal/pb/estagie-conosco/processos-seletivos-anteriores-1/selecao-de-direito-2016/retificacao-1-do-edital-de-abertura-selecao-de-direito-2016;https://www-cdn.mpf.mp.br/o-mpf/unidades/pr-pb/estagio/processos-seletivos-anteriores-1/selecao-de-direito-2016/retificacao-1-do-edital-de-abertura-selecao-de-direito-2016
File;http://svlp-plnptapp01.pgr.mpf.mp.br:8401/portal/pb/estagie-conosco/processos-seletivos-anteriores-1/selecao-de-direito-2016/retificacao-1-do-edital-no-13-2016-local-de-provas-e-deferimento-de-inscricoes;https://www-cdn.mpf.mp.br/o-mpf/unidades/pr-pb/estagio/processos-seletivos-anteriores-1/selecao-de-direito-2016/retificacao-1-do-edital-no-13-2016-local-de-provas-e-deferimento-de-inscricoes
Folder;http://svlp-plnptapp01.pgr.mpf.mp.br:8401/portal/pb/estagie-conosco/processos-seletivos-anteriores-1/selecao-de-direito-2017;https://www-cdn.mpf.mp.br/o-mpf/unidades/pr-pb/estagio/processos-seletivos-anteriores-1/selecao-de-direito-2017
File;http://svlp-plnptapp01.pgr.mpf.mp.br:8401/portal/pb/estagie-conosco/processos-seletivos-anteriores-1/selecao-de-direito-2017/edital-ndeg-17-2017-locais-de-provas-e-inscricoes-deferidas;https://www-cdn.mpf.mp.br/o-mpf/unidades/pr-pb/estagio/processos-seletivos-anteriores-1/selecao-de-direito-2017/edital-ndeg-17-2017-locais-de-provas-e-inscricoes-deferidas
File;http://svlp-plnptapp01.pgr.mpf.mp.br:8401/portal/pb/estagie-conosco/processos-seletivos-anteriores-1/selecao-de-direito-2017/edital-ndeg-19-2017-resultado-da-prova-objetiva-e-dos-recursos;https://www-cdn.mpf.mp.br/o-mpf/unidades/pr-pb/estagio/processos-seletivos-anteriores-1/selecao-de-direito-2017/edital-ndeg-19-2017-resultado-da-prova-objetiva-e-dos-recursos
File;http://svlp-plnptapp01.pgr.mpf.mp.br:8401/portal/pb/estagie-conosco/processos-seletivos-anteriores-1/selecao-de-direito-2017/edital-no-10-2017-abertura-selecao-de-direito-2017;https://www-cdn.mpf.mp.br/o-mpf/unidades/pr-pb/estagio/processos-seletivos-anteriores-1/selecao-de-direito-2017/edital-no-10-2017-abertura-selecao-de-direito-2017
File;http://svlp-plnptapp01.pgr.mpf.mp.br:8401/portal/pb/estagie-conosco/processos-seletivos-anteriores-1/selecao-de-direito-2017/edital-no-13-2017-inclusao-de-ies-e-prorrogacao-de-inscricoes-e-confirmacoes;https://www-cdn.mpf.mp.br/o-mpf/unidades/pr-pb/estagio/processos-seletivos-anteriores-1/selecao-de-direito-2017/edital-no-13-2017-inclusao-de-ies-e-prorrogacao-de-inscricoes-e-confirmacoes
File;http://svlp-plnptapp01.pgr.mpf.mp.br:8401/portal/pb/estagie-conosco/processos-seletivos-anteriores-1/selecao-de-direito-2017/edital-no-18-2017-gabarito-provisorio;https://www-cdn.mpf.mp.br/o-mpf/unidades/pr-pb/estagio/processos-seletivos-anteriores-1/selecao-de-direito-2017/edital-no-18-2017-gabarito-provisorio
File;http://svlp-plnptapp01.pgr.mpf.mp.br:8401/portal/pb/estagie-conosco/processos-seletivos-anteriores-1/selecao-de-direito-2017/edital-no-20-2017-resultado-final-da-selecao-de-direito-2017;https://www-cdn.mpf.mp.br/o-mpf/unidades/pr-pb/estagio/processos-seletivos-anteriores-1/selecao-de-direito-2017/edital-no-20-2017-resultado-final-da-selecao-de-direito-2017
File;http://svlp-plnptapp01.pgr.mpf.mp.br:8401/portal/pb/estagie-conosco/processos-seletivos-anteriores-1/selecao-de-direito-2017/edital-no-22-2017-resultado-do-recursos-da-subjetiva-e-homologacao-do-resultado-final-da-selecao-de-direito-2017;https://www-cdn.mpf.mp.br/o-mpf/unidades/pr-pb/estagio/processos-seletivos-anteriores-1/selecao-de-direito-2017/edital-no-22-2017-resultado-do-recursos-da-subjetiva-e-homologacao-do-resultado-final-da-selecao-de-direito-2017
Link;http://svlp-plnptapp01.pgr.mpf.mp.br:8401/portal/pb/estagie-conosco/processos-seletivos-anteriores-1/selecao-de-direito-2017/inscricao-selecao-direito-2017;https://www-cdn.mpf.mp.br/o-mpf/unidades/pr-pb/estagio/processos-seletivos-anteriores-1/selecao-de-direito-2017/inscricao-selecao-direito-2017
File;http://svlp-plnptapp01.pgr.mpf.mp.br:8401/portal/pb/estagie-conosco/processos-seletivos-anteriores-1/selecao-de-direito-2017/retificacao-do-edital-no-10-2017-abertura-selecao-de-direito-2017;https://www-cdn.mpf.mp.br/o-mpf/unidades/pr-pb/estagio/processos-seletivos-anteriores-1/selecao-de-direito-2017/retificacao-do-edital-no-10-2017-abertura-selecao-de-direito-2017
Folder;http://svlp-plnptapp01.pgr.mpf.mp.br:8401/portal/pb/estagie-conosco/processos-seletivos-anteriores-1/selecao-de-direito-2018;https://www-cdn.mpf.mp.br/o-mpf/unidades/pr-pb/estagio/processos-seletivos-anteriores-1/selecao-de-direito-2018
Folder;http://svlp-plnptapp01.pgr.mpf.mp.br:8401/portal/pb/estagie-conosco/processos-seletivos-anteriores-1/selecao-de-direito-2018-monteiro;https://www-cdn.mpf.mp.br/o-mpf/unidades/pr-pb/estagio/processos-seletivos-anteriores-1/selecao-de-direito-2018-monteiro
File;http://svlp-plnptapp01.pgr.mpf.mp.br:8401/portal/pb/estagie-conosco/processos-seletivos-anteriores-1/selecao-de-direito-2018-monteiro/edital-02-2019-homologacao_resultado_final-direito-2018-monteiro;https://www-cdn.mpf.mp.br/o-mpf/unidades/pr-pb/estagio/processos-seletivos-anteriores-1/selecao-de-direito-2018-monteiro/edital-02-2019-homologacao_resultado_final-direito-2018-monteiro
File;http://svlp-plnptapp01.pgr.mpf.mp.br:8401/portal/pb/estagie-conosco/processos-seletivos-anteriores-1/selecao-de-direito-2018-monteiro/edital-ndeg-30-2018-gabarito-provisorio-direito-monteiro;https://www-cdn.mpf.mp.br/o-mpf/unidades/pr-pb/estagio/processos-seletivos-anteriores-1/selecao-de-direito-2018-monteiro/edital-ndeg-30-2018-gabarito-provisorio-direito-monteiro
File;http://svlp-plnptapp01.pgr.mpf.mp.br:8401/portal/pb/estagie-conosco/processos-seletivos-anteriores-1/selecao-de-direito-2018-monteiro/edital-no-01-2019-resultado-da-prova-subjetiva-da-selecao-de-direito-2018-monteiro;https://www-cdn.mpf.mp.br/o-mpf/unidades/pr-pb/estagio/processos-seletivos-anteriores-1/selecao-de-direito-2018-monteiro/edital-no-01-2019-resultado-da-prova-subjetiva-da-selecao-de-direito-2018-monteiro
File;http://svlp-plnptapp01.pgr.mpf.mp.br:8401/portal/pb/estagie-conosco/processos-seletivos-anteriores-1/selecao-de-direito-2018-monteiro/edital-no-27-2018-abertura-selecao-de-direito-2018-monteiro;https://www-cdn.mpf.mp.br/o-mpf/unidades/pr-pb/estagio/processos-seletivos-anteriores-1/selecao-de-direito-2018-monteiro/edital-no-27-2018-abertura-selecao-de-direito-2018-monteiro
File;http://svlp-plnptapp01.pgr.mpf.mp.br:8401/portal/pb/estagie-conosco/processos-seletivos-anteriores-1/selecao-de-direito-2018-monteiro/edital-no-29-2018-local-de-prova-e-deferimento-de-inscricoes-monteiro;https://www-cdn.mpf.mp.br/o-mpf/unidades/pr-pb/estagio/processos-seletivos-anteriores-1/selecao-de-direito-2018-monteiro/edital-no-29-2018-local-de-prova-e-deferimento-de-inscricoes-monteiro
File;http://svlp-plnptapp01.pgr.mpf.mp.br:8401/portal/pb/estagie-conosco/processos-seletivos-anteriores-1/selecao-de-direito-2018-monteiro/edital-no-32-2018-resultado-da-prova-objetiva-da-selecao-de-direito-2018-monteiro;https://www-cdn.mpf.mp.br/o-mpf/unidades/pr-pb/estagio/processos-seletivos-anteriores-1/selecao-de-direito-2018-monteiro/edital-no-32-2018-resultado-da-prova-objetiva-da-selecao-de-direito-2018-monteiro
Link;http://svlp-plnptapp01.pgr.mpf.mp.br:8401/portal/pb/estagie-conosco/processos-seletivos-anteriores-1/selecao-de-direito-2018-monteiro/inscricao-selecao-direito-2018;https://www-cdn.mpf.mp.br/o-mpf/unidades/pr-pb/estagio/processos-seletivos-anteriores-1/selecao-de-direito-2018-monteiro/inscricao-selecao-direito-2018
File;http://svlp-plnptapp01.pgr.mpf.mp.br:8401/portal/pb/estagie-conosco/processos-seletivos-anteriores-1/selecao-de-direito-2018/edital-no-20-2018-abertura-selecao-de-direito-2018;https://www-cdn.mpf.mp.br/o-mpf/unidades/pr-pb/estagio/processos-seletivos-anteriores-1/selecao-de-direito-2018/edital-no-20-2018-abertura-selecao-de-direito-2018
File;http://svlp-plnptapp01.pgr.mpf.mp.br:8401/portal/pb/estagie-conosco/processos-seletivos-anteriores-1/selecao-de-direito-2018/edital-no-21-2018-prorrogacao-de-confirmacoes-e-divulga-horario-da-prova;https://www-cdn.mpf.mp.br/o-mpf/unidades/pr-pb/estagio/processos-seletivos-anteriores-1/selecao-de-direito-2018/edital-no-21-2018-prorrogacao-de-confirmacoes-e-divulga-horario-da-prova
File;http://svlp-plnptapp01.pgr.mpf.mp.br:8401/portal/pb/estagie-conosco/processos-seletivos-anteriores-1/selecao-de-direito-2018/edital-no-22-2018-deferimento-de-inscricoes-e-locais-de-prova;https://www-cdn.mpf.mp.br/o-mpf/unidades/pr-pb/estagio/processos-seletivos-anteriores-1/selecao-de-direito-2018/edital-no-22-2018-deferimento-de-inscricoes-e-locais-de-prova
File;http://svlp-plnptapp01.pgr.mpf.mp.br:8401/portal/pb/estagie-conosco/processos-seletivos-anteriores-1/selecao-de-direito-2018/edital-no-23-2018-deferimento-do-pedido-da-candidata-sarah-yasmin-maracaja-porto;https://www-cdn.mpf.mp.br/o-mpf/unidades/pr-pb/estagio/processos-seletivos-anteriores-1/selecao-de-direito-2018/edital-no-23-2018-deferimento-do-pedido-da-candidata-sarah-yasmin-maracaja-porto
File;http://svlp-plnptapp01.pgr.mpf.mp.br:8401/portal/pb/estagie-conosco/processos-seletivos-anteriores-1/selecao-de-direito-2018/edital-no-24-2018-gabarito-provisorio-da-prova-objetiva;https://www-cdn.mpf.mp.br/o-mpf/unidades/pr-pb/estagio/processos-seletivos-anteriores-1/selecao-de-direito-2018/edital-no-24-2018-gabarito-provisorio-da-prova-objetiva
File;http://svlp-plnptapp01.pgr.mpf.mp.br:8401/portal/pb/estagie-conosco/processos-seletivos-anteriores-1/selecao-de-direito-2018/edital-no-25-2018-resultado-dos-recursos-e-da-prova-objetiva;https://www-cdn.mpf.mp.br/o-mpf/unidades/pr-pb/estagio/processos-seletivos-anteriores-1/selecao-de-direito-2018/edital-no-25-2018-resultado-dos-recursos-e-da-prova-objetiva
File;http://svlp-plnptapp01.pgr.mpf.mp.br:8401/portal/pb/estagie-conosco/processos-seletivos-anteriores-1/selecao-de-direito-2018/edital-no-26-2018-resultado-dos-recursos-da-contagem-de-pontos-da-prova-objetiva;https://www-cdn.mpf.mp.br/o-mpf/unidades/pr-pb/estagio/processos-seletivos-anteriores-1/selecao-de-direito-2018/edital-no-26-2018-resultado-dos-recursos-da-contagem-de-pontos-da-prova-objetiva
File;http://svlp-plnptapp01.pgr.mpf.mp.br:8401/portal/pb/estagie-conosco/processos-seletivos-anteriores-1/selecao-de-direito-2018/edital-no-28-2018-resultado-final-da-selecao-de-direito-2018;https://www-cdn.mpf.mp.br/o-mpf/unidades/pr-pb/estagio/processos-seletivos-anteriores-1/selecao-de-direito-2018/edital-no-28-2018-resultado-final-da-selecao-de-direito-2018
File;http://svlp-plnptapp01.pgr.mpf.mp.br:8401/portal/pb/estagie-conosco/processos-seletivos-anteriores-1/selecao-de-direito-2018/edital-no-31-2018-resultado-dos-recursos-da-subjetiva-e-homolagacao-final-da-selecao-de-direito-2018;https://www-cdn.mpf.mp.br/o-mpf/unidades/pr-pb/estagio/processos-seletivos-anteriores-1/selecao-de-direito-2018/edital-no-31-2018-resultado-dos-recursos-da-subjetiva-e-homolagacao-final-da-selecao-de-direito-2018
Folder;http://svlp-plnptapp01.pgr.mpf.mp.br:8401/portal/pb/estagie-conosco/processos-seletivos-anteriores-1/selecao-de-direito-2019;https://www-cdn.mpf.mp.br/o-mpf/unidades/pr-pb/estagio/processos-seletivos-anteriores-1/selecao-de-direito-2019
File;http://svlp-plnptapp01.pgr.mpf.mp.br:8401/portal/pb/estagie-conosco/processos-seletivos-anteriores-1/selecao-de-direito-2019/edital-no-19-2019-abertura-selecao-de-direito-2019;https://www-cdn.mpf.mp.br/o-mpf/unidades/pr-pb/estagio/processos-seletivos-anteriores-1/selecao-de-direito-2019/edital-no-19-2019-abertura-selecao-de-direito-2019
File;http://svlp-plnptapp01.pgr.mpf.mp.br:8401/portal/pb/estagie-conosco/processos-seletivos-anteriores-1/selecao-de-direito-2019/edital-no-24-2019-local-de-prova-e-inscricoes-deferidas-selecao-de-direito-2019;https://www-cdn.mpf.mp.br/o-mpf/unidades/pr-pb/estagio/processos-seletivos-anteriores-1/selecao-de-direito-2019/edital-no-24-2019-local-de-prova-e-inscricoes-deferidas-selecao-de-direito-2019
File;http://svlp-plnptapp01.pgr.mpf.mp.br:8401/portal/pb/estagie-conosco/processos-seletivos-anteriores-1/selecao-de-direito-2019/edital-no-25-2019-gabarito-provisorio-selecao-de-direito-2019;https://www-cdn.mpf.mp.br/o-mpf/unidades/pr-pb/estagio/processos-seletivos-anteriores-1/selecao-de-direito-2019/edital-no-25-2019-gabarito-provisorio-selecao-de-direito-2019
File;http://svlp-plnptapp01.pgr.mpf.mp.br:8401/portal/pb/estagie-conosco/processos-seletivos-anteriores-1/selecao-de-direito-2019/edital-no-29-2019-analise-de-recursos-e-resultado-da-prova-objetiva-selecao-de-direito-2019;https://www-cdn.mpf.mp.br/o-mpf/unidades/pr-pb/estagio/processos-seletivos-anteriores-1/selecao-de-direito-2019/edital-no-29-2019-analise-de-recursos-e-resultado-da-prova-objetiva-selecao-de-direito-2019
File;http://svlp-plnptapp01.pgr.mpf.mp.br:8401/portal/pb/estagie-conosco/processos-seletivos-anteriores-1/selecao-de-direito-2019/edital-no-30-2019-analise-de-recursos-de-contagem-de-pontos-da-prova-objetiva-selecao-de-direito-2019;https://www-cdn.mpf.mp.br/o-mpf/unidades/pr-pb/estagio/processos-seletivos-anteriores-1/selecao-de-direito-2019/edital-no-30-2019-analise-de-recursos-de-contagem-de-pontos-da-prova-objetiva-selecao-de-direito-2019
File;http://svlp-plnptapp01.pgr.mpf.mp.br:8401/portal/pb/estagie-conosco/processos-seletivos-anteriores-1/selecao-de-direito-2019/edital-no-32-2019-resultado-final-da-selecao-de-direito-2019;https://www-cdn.mpf.mp.br/o-mpf/unidades/pr-pb/estagio/processos-seletivos-anteriores-1/selecao-de-direito-2019/edital-no-32-2019-resultado-final-da-selecao-de-direito-2019
File;http://svlp-plnptapp01.pgr.mpf.mp.br:8401/portal/pb/estagie-conosco/processos-seletivos-anteriores-1/selecao-de-direito-2019/edital-no-33-2019-homologacao-do-resultado-final-do-concurso-de-estagiarios-selecao-de-direito-2019;https://www-cdn.mpf.mp.br/o-mpf/unidades/pr-pb/estagio/processos-seletivos-anteriores-1/selecao-de-direito-2019/edital-no-33-2019-homologacao-do-resultado-final-do-concurso-de-estagiarios-selecao-de-direito-2019
Folder;http://svlp-plnptapp01.pgr.mpf.mp.br:8401/portal/pb/estagie-conosco/processos-seletivos-anteriores-1/selecao-de-direito-2021;https://www-cdn.mpf.mp.br/o-mpf/unidades/pr-pb/estagio/processos-seletivos-anteriores-1/selecao-de-direito-2021
File;http://svlp-plnptapp01.pgr.mpf.mp.br:8401/portal/pb/estagie-conosco/processos-seletivos-anteriores-1/selecao-de-direito-2021/edital-no-06-2021-abertura-selecao-de-direito-2021;https://www-cdn.mpf.mp.br/o-mpf/unidades/pr-pb/estagio/processos-seletivos-anteriores-1/selecao-de-direito-2021/edital-no-06-2021-abertura-selecao-de-direito-2021
File;http://svlp-plnptapp01.pgr.mpf.mp.br:8401/portal/pb/estagie-conosco/processos-seletivos-anteriores-1/selecao-de-direito-2021/edital-no-07-2021-inclusao-de-ies-e-prorroga-periodo-de-inscricoes-da-selecao-de-direito-2021;https://www-cdn.mpf.mp.br/o-mpf/unidades/pr-pb/estagio/processos-seletivos-anteriores-1/selecao-de-direito-2021/edital-no-07-2021-inclusao-de-ies-e-prorroga-periodo-de-inscricoes-da-selecao-de-direito-2021
File;http://svlp-plnptapp01.pgr.mpf.mp.br:8401/portal/pb/estagie-conosco/processos-seletivos-anteriores-1/selecao-de-direito-2021/edital-no-08-2021-inscricoes-deferidas-e-indeferidas;https://www-cdn.mpf.mp.br/o-mpf/unidades/pr-pb/estagio/processos-seletivos-anteriores-1/selecao-de-direito-2021/edital-no-08-2021-inscricoes-deferidas-e-indeferidas
File;http://svlp-plnptapp01.pgr.mpf.mp.br:8401/portal/pb/estagie-conosco/processos-seletivos-anteriores-1/selecao-de-direito-2021/edital-no-09-2021-gabarito-provisorio;https://www-cdn.mpf.mp.br/o-mpf/unidades/pr-pb/estagio/processos-seletivos-anteriores-1/selecao-de-direito-2021/edital-no-09-2021-gabarito-provisorio
File;http://svlp-plnptapp01.pgr.mpf.mp.br:8401/portal/pb/estagie-conosco/processos-seletivos-anteriores-1/selecao-de-direito-2021/edital-no-09-2021-orientacoes-sobre-a-prova-e-defere-inscricoes;https://www-cdn.mpf.mp.br/o-mpf/unidades/pr-pb/estagio/processos-seletivos-anteriores-1/selecao-de-direito-2021/edital-no-09-2021-orientacoes-sobre-a-prova-e-defere-inscricoes
File;http://svlp-plnptapp01.pgr.mpf.mp.br:8401/portal/pb/estagie-conosco/processos-seletivos-anteriores-1/selecao-de-direito-2021/edital-no-11-2021-resultado-da-prova-objetiva-e-analise-dos-recursos;https://www-cdn.mpf.mp.br/o-mpf/unidades/pr-pb/estagio/processos-seletivos-anteriores-1/selecao-de-direito-2021/edital-no-11-2021-resultado-da-prova-objetiva-e-analise-dos-recursos
File;http://svlp-plnptapp01.pgr.mpf.mp.br:8401/portal/pb/estagie-conosco/processos-seletivos-anteriores-1/selecao-de-direito-2021/edital-no-12-2021-resultado-da-prova-subjetiva-e-resultado-final;https://www-cdn.mpf.mp.br/o-mpf/unidades/pr-pb/estagio/processos-seletivos-anteriores-1/selecao-de-direito-2021/edital-no-12-2021-resultado-da-prova-subjetiva-e-resultado-final
File;http://svlp-plnptapp01.pgr.mpf.mp.br:8401/portal/pb/estagie-conosco/processos-seletivos-anteriores-1/selecao-de-direito-2021/edital-no-13-2021-resultado-dos-recursos-da-prova-subjetiva-e-homologacao-do-resultado-final;https://www-cdn.mpf.mp.br/o-mpf/unidades/pr-pb/estagio/processos-seletivos-anteriores-1/selecao-de-direito-2021/edital-no-13-2021-resultado-dos-recursos-da-prova-subjetiva-e-homologacao-do-resultado-final
File;http://svlp-plnptapp01.pgr.mpf.mp.br:8401/portal/pb/estagie-conosco/processos-seletivos-anteriores-1/selecao-de-direito-2021/retificacao-do-edital-no-08-2021-inclusao-de-inscricoes-deferidas;https://www-cdn.mpf.mp.br/o-mpf/unidades/pr-pb/estagio/processos-seletivos-anteriores-1/selecao-de-direito-2021/retificacao-do-edital-no-08-2021-inclusao-de-inscricoes-deferidas
Folder;http://svlp-plnptapp01.pgr.mpf.mp.br:8401/portal/pb/estagie-conosco/processos-seletivos-anteriores-1/selecao-de-direito-2022;https://www-cdn.mpf.mp.br/o-mpf/unidades/pr-pb/estagio/processos-seletivos-anteriores-1/selecao-de-direito-2022
Folder;http://svlp-plnptapp01.pgr.mpf.mp.br:8401/portal/pb/estagie-conosco/processos-seletivos-anteriores-1/selecao-de-direito-2022-2-edital-no-12-de-14-07-2022;https://www-cdn.mpf.mp.br/o-mpf/unidades/pr-pb/estagio/processos-seletivos-anteriores-1/selecao-de-direito-2022-2-edital-no-12-de-14-07-2022
File;http://svlp-plnptapp01.pgr.mpf.mp.br:8401/portal/pb/estagie-conosco/processos-seletivos-anteriores-1/selecao-de-direito-2022-2-edital-no-12-de-14-07-2022/edital-no-12-2022-abertura-selecao-de-direito-2022-2;https://www-cdn.mpf.mp.br/o-mpf/unidades/pr-pb/estagio/processos-seletivos-anteriores-1/selecao-de-direito-2022-2-edital-no-12-de-14-07-2022/edital-no-12-2022-abertura-selecao-de-direito-2022-2
File;http://svlp-plnptapp01.pgr.mpf.mp.br:8401/portal/pb/estagie-conosco/processos-seletivos-anteriores-1/selecao-de-direito-2022-2-edital-no-12-de-14-07-2022/edital-no-13-2022-inscricoes-deferidas-e-locais-de-prova;https://www-cdn.mpf.mp.br/o-mpf/unidades/pr-pb/estagio/processos-seletivos-anteriores-1/selecao-de-direito-2022-2-edital-no-12-de-14-07-2022/edital-no-13-2022-inscricoes-deferidas-e-locais-de-prova
File;http://svlp-plnptapp01.pgr.mpf.mp.br:8401/portal/pb/estagie-conosco/processos-seletivos-anteriores-1/selecao-de-direito-2022-2-edital-no-12-de-14-07-2022/edital-no-14-2022-gabarito-provisorio;https://www-cdn.mpf.mp.br/o-mpf/unidades/pr-pb/estagio/processos-seletivos-anteriores-1/selecao-de-direito-2022-2-edital-no-12-de-14-07-2022/edital-no-14-2022-gabarito-provisorio
File;http://svlp-plnptapp01.pgr.mpf.mp.br:8401/portal/pb/estagie-conosco/processos-seletivos-anteriores-1/selecao-de-direito-2022-2-edital-no-12-de-14-07-2022/edital-no-16-2022-resultado-dos-recursos-e-da-prova-objetiva;https://www-cdn.mpf.mp.br/o-mpf/unidades/pr-pb/estagio/processos-seletivos-anteriores-1/selecao-de-direito-2022-2-edital-no-12-de-14-07-2022/edital-no-16-2022-resultado-dos-recursos-e-da-prova-objetiva
File;http://svlp-plnptapp01.pgr.mpf.mp.br:8401/portal/pb/estagie-conosco/processos-seletivos-anteriores-1/selecao-de-direito-2022-2-edital-no-12-de-14-07-2022/edital-no-22-2022-resultado-da-prova-subjetiva-e-resultado-final;https://www-cdn.mpf.mp.br/o-mpf/unidades/pr-pb/estagio/processos-seletivos-anteriores-1/selecao-de-direito-2022-2-edital-no-12-de-14-07-2022/edital-no-22-2022-resultado-da-prova-subjetiva-e-resultado-final
File;http://svlp-plnptapp01.pgr.mpf.mp.br:8401/portal/pb/estagie-conosco/processos-seletivos-anteriores-1/selecao-de-direito-2022-2-edital-no-12-de-14-07-2022/edital-no-30-2022-homologacao-do-resultado-final-de-direito-2022-2;https://www-cdn.mpf.mp.br/o-mpf/unidades/pr-pb/estagio/processos-seletivos-anteriores-1/selecao-de-direito-2022-2-edital-no-12-de-14-07-2022/edital-no-30-2022-homologacao-do-resultado-final-de-direito-2022-2
File;http://svlp-plnptapp01.pgr.mpf.mp.br:8401/portal/pb/estagie-conosco/processos-seletivos-anteriores-1/selecao-de-direito-2022/2a-retificacao-do-edital-no-06-2022-inscricoes-deferidas;https://www-cdn.mpf.mp.br/o-mpf/unidades/pr-pb/estagio/processos-seletivos-anteriores-1/selecao-de-direito-2022/2a-retificacao-do-edital-no-06-2022-inscricoes-deferidas
File;http://svlp-plnptapp01.pgr.mpf.mp.br:8401/portal/pb/estagie-conosco/processos-seletivos-anteriores-1/selecao-de-direito-2022/edital-no-03-2022-abertura-selecao-de-direito-2022;https://www-cdn.mpf.mp.br/o-mpf/unidades/pr-pb/estagio/processos-seletivos-anteriores-1/selecao-de-direito-2022/edital-no-03-2022-abertura-selecao-de-direito-2022
File;http://svlp-plnptapp01.pgr.mpf.mp.br:8401/portal/pb/estagie-conosco/processos-seletivos-anteriores-1/selecao-de-direito-2022/edital-no-04-2022-inclusao-de-iess-e-prorroga-inscricoes-1;https://www-cdn.mpf.mp.br/o-mpf/unidades/pr-pb/estagio/processos-seletivos-anteriores-1/selecao-de-direito-2022/edital-no-04-2022-inclusao-de-iess-e-prorroga-inscricoes-1
File;http://svlp-plnptapp01.pgr.mpf.mp.br:8401/portal/pb/estagie-conosco/processos-seletivos-anteriores-1/selecao-de-direito-2022/edital-no-05-2022-prorroga-inscricoes;https://www-cdn.mpf.mp.br/o-mpf/unidades/pr-pb/estagio/processos-seletivos-anteriores-1/selecao-de-direito-2022/edital-no-05-2022-prorroga-inscricoes
File;http://svlp-plnptapp01.pgr.mpf.mp.br:8401/portal/pb/estagie-conosco/processos-seletivos-anteriores-1/selecao-de-direito-2022/edital-no-06-2022-inscricoes-deferidas-e-indeferidas;https://www-cdn.mpf.mp.br/o-mpf/unidades/pr-pb/estagio/processos-seletivos-anteriores-1/selecao-de-direito-2022/edital-no-06-2022-inscricoes-deferidas-e-indeferidas
File;http://svlp-plnptapp01.pgr.mpf.mp.br:8401/portal/pb/estagie-conosco/processos-seletivos-anteriores-1/selecao-de-direito-2022/edital-no-07-2022-inscricoes-deferidas-e-locais-de-prova;https://www-cdn.mpf.mp.br/o-mpf/unidades/pr-pb/estagio/processos-seletivos-anteriores-1/selecao-de-direito-2022/edital-no-07-2022-inscricoes-deferidas-e-locais-de-prova
File;http://svlp-plnptapp01.pgr.mpf.mp.br:8401/portal/pb/estagie-conosco/processos-seletivos-anteriores-1/selecao-de-direito-2022/edital-no-08-2022-divulga-gabarito-provisorio;https://www-cdn.mpf.mp.br/o-mpf/unidades/pr-pb/estagio/processos-seletivos-anteriores-1/selecao-de-direito-2022/edital-no-08-2022-divulga-gabarito-provisorio
File;http://svlp-plnptapp01.pgr.mpf.mp.br:8401/portal/pb/estagie-conosco/processos-seletivos-anteriores-1/selecao-de-direito-2022/edital-no-09-2022-divulga-resultado-da-prova-objetiva;https://www-cdn.mpf.mp.br/o-mpf/unidades/pr-pb/estagio/processos-seletivos-anteriores-1/selecao-de-direito-2022/edital-no-09-2022-divulga-resultado-da-prova-objetiva
File;http://svlp-plnptapp01.pgr.mpf.mp.br:8401/portal/pb/estagie-conosco/processos-seletivos-anteriores-1/selecao-de-direito-2022/edital-no-10-2022-divulga-resultado-da-prova-subjetiva-e-resultado-final;https://www-cdn.mpf.mp.br/o-mpf/unidades/pr-pb/estagio/processos-seletivos-anteriores-1/selecao-de-direito-2022/edital-no-10-2022-divulga-resultado-da-prova-subjetiva-e-resultado-final
File;http://svlp-plnptapp01.pgr.mpf.mp.br:8401/portal/pb/estagie-conosco/processos-seletivos-anteriores-1/selecao-de-direito-2022/edital-no-11-2022-homologa-o-resultado-final-do-processo-seletivo;https://www-cdn.mpf.mp.br/o-mpf/unidades/pr-pb/estagio/processos-seletivos-anteriores-1/selecao-de-direito-2022/edital-no-11-2022-homologa-o-resultado-final-do-processo-seletivo
Link;http://svlp-plnptapp01.pgr.mpf.mp.br:8401/portal/pb/estagie-conosco/processos-seletivos-anteriores-1/selecao-de-direito-2022/informacao-importante-uepb-e-ufcg;https://www-cdn.mpf.mp.br/o-mpf/unidades/pr-pb/estagio/processos-seletivos-anteriores-1/selecao-de-direito-2022/informacao-importante-uepb-e-ufcg
Link;http://svlp-plnptapp01.pgr.mpf.mp.br:8401/portal/pb/estagie-conosco/processos-seletivos-anteriores-1/selecao-de-direito-2022/inscricao-selecao-direito-2022;https://www-cdn.mpf.mp.br/o-mpf/unidades/pr-pb/estagio/processos-seletivos-anteriores-1/selecao-de-direito-2022/inscricao-selecao-direito-2022
File;http://svlp-plnptapp01.pgr.mpf.mp.br:8401/portal/pb/estagie-conosco/processos-seletivos-anteriores-1/selecao-de-direito-2022/retificacao-do-edital-no-06-2022-inscricoes-deferidas;https://www-cdn.mpf.mp.br/o-mpf/unidades/pr-pb/estagio/processos-seletivos-anteriores-1/selecao-de-direito-2022/retificacao-do-edital-no-06-2022-inscricoes-deferidas
Folder;http://svlp-plnptapp01.pgr.mpf.mp.br:8401/portal/pb/estagie-conosco/processos-seletivos-anteriores-1/selecao-de-direito-2023-2o-semestre;https://www-cdn.mpf.mp.br/o-mpf/unidades/pr-pb/estagio/processos-seletivos-anteriores-1/selecao-de-direito-2023-2o-semestre
File;http://svlp-plnptapp01.pgr.mpf.mp.br:8401/portal/pb/estagie-conosco/processos-seletivos-anteriores-1/selecao-de-direito-2023-2o-semestre/edital-n-o-17-de-23-08-2023;https://www-cdn.mpf.mp.br/o-mpf/unidades/pr-pb/estagio/processos-seletivos-anteriores-1/selecao-de-direito-2023-2o-semestre/edital-n-o-17-de-23-08-2023
File;http://svlp-plnptapp01.pgr.mpf.mp.br:8401/portal/pb/estagie-conosco/processos-seletivos-anteriores-1/selecao-de-direito-2023-2o-semestre/edital-no-19-2023-local-de-provas-e-deferimento-de-inscricoes;https://www-cdn.mpf.mp.br/o-mpf/unidades/pr-pb/estagio/processos-seletivos-anteriores-1/selecao-de-direito-2023-2o-semestre/edital-no-19-2023-local-de-provas-e-deferimento-de-inscricoes
File;http://svlp-plnptapp01.pgr.mpf.mp.br:8401/portal/pb/estagie-conosco/processos-seletivos-anteriores-1/selecao-de-direito-2023-2o-semestre/edital-no-20-2023-gabarito-provisorio-das-provas-objetivas-de-graduacao-e-pos-graduacao;https://www-cdn.mpf.mp.br/o-mpf/unidades/pr-pb/estagio/processos-seletivos-anteriores-1/selecao-de-direito-2023-2o-semestre/edital-no-20-2023-gabarito-provisorio-das-provas-objetivas-de-graduacao-e-pos-graduacao
File;http://svlp-plnptapp01.pgr.mpf.mp.br:8401/portal/pb/estagie-conosco/processos-seletivos-anteriores-1/selecao-de-direito-2023-2o-semestre/edital-no-21-2023-resultado-da-prova-objetiva;https://www-cdn.mpf.mp.br/o-mpf/unidades/pr-pb/estagio/processos-seletivos-anteriores-1/selecao-de-direito-2023-2o-semestre/edital-no-21-2023-resultado-da-prova-objetiva
File;http://svlp-plnptapp01.pgr.mpf.mp.br:8401/portal/pb/estagie-conosco/processos-seletivos-anteriores-1/selecao-de-direito-2023-2o-semestre/edital-no-23-2023-resultado-da-prova-subjetiva-e-resultado-final;https://www-cdn.mpf.mp.br/o-mpf/unidades/pr-pb/estagio/processos-seletivos-anteriores-1/selecao-de-direito-2023-2o-semestre/edital-no-23-2023-resultado-da-prova-subjetiva-e-resultado-final
File;http://svlp-plnptapp01.pgr.mpf.mp.br:8401/portal/pb/estagie-conosco/processos-seletivos-anteriores-1/selecao-de-direito-2023-2o-semestre/edital-no-25-2023-resultado-final-apos-recurso-e-homolagacao;https://www-cdn.mpf.mp.br/o-mpf/unidades/pr-pb/estagio/processos-seletivos-anteriores-1/selecao-de-direito-2023-2o-semestre/edital-no-25-2023-resultado-final-apos-recurso-e-homolagacao
File;http://svlp-plnptapp01.pgr.mpf.mp.br:8401/portal/pb/estagie-conosco/processos-seletivos-anteriores-1/selecao-de-direito-2023-2o-semestre/retificacao-do-edital-no-21-2023-resultado-da-prova-objetiva;https://www-cdn.mpf.mp.br/o-mpf/unidades/pr-pb/estagio/processos-seletivos-anteriores-1/selecao-de-direito-2023-2o-semestre/retificacao-do-edital-no-21-2023-resultado-da-prova-objetiva
Folder;http://svlp-plnptapp01.pgr.mpf.mp.br:8401/portal/pb/estagie-conosco/processos-seletivos-anteriores-1/selecao-de-direito-2023-edital-no-03-de-14-04-2023;https://www-cdn.mpf.mp.br/o-mpf/unidades/pr-pb/estagio/processos-seletivos-anteriores-1/selecao-de-direito-2023-edital-no-03-de-14-04-2023
File;http://svlp-plnptapp01.pgr.mpf.mp.br:8401/portal/pb/estagie-conosco/processos-seletivos-anteriores-1/selecao-de-direito-2023-edital-no-03-de-14-04-2023/edital-no-04-2023-abertura-selecao-de-direito-2023;https://www-cdn.mpf.mp.br/o-mpf/unidades/pr-pb/estagio/processos-seletivos-anteriores-1/selecao-de-direito-2023-edital-no-03-de-14-04-2023/edital-no-04-2023-abertura-selecao-de-direito-2023
File;http://svlp-plnptapp01.pgr.mpf.mp.br:8401/portal/pb/estagie-conosco/processos-seletivos-anteriores-1/selecao-de-direito-2023-edital-no-03-de-14-04-2023/edital-no-06-2023-inclusao-de-ies-e-prorrogacao-das-inscricoes;https://www-cdn.mpf.mp.br/o-mpf/unidades/pr-pb/estagio/processos-seletivos-anteriores-1/selecao-de-direito-2023-edital-no-03-de-14-04-2023/edital-no-06-2023-inclusao-de-ies-e-prorrogacao-das-inscricoes
File;http://svlp-plnptapp01.pgr.mpf.mp.br:8401/portal/pb/estagie-conosco/processos-seletivos-anteriores-1/selecao-de-direito-2023-edital-no-03-de-14-04-2023/edital-no-07-2023-local-de-provas-e-deferimento-de-inscricoes;https://www-cdn.mpf.mp.br/o-mpf/unidades/pr-pb/estagio/processos-seletivos-anteriores-1/selecao-de-direito-2023-edital-no-03-de-14-04-2023/edital-no-07-2023-local-de-provas-e-deferimento-de-inscricoes
File;http://svlp-plnptapp01.pgr.mpf.mp.br:8401/portal/pb/estagie-conosco/processos-seletivos-anteriores-1/selecao-de-direito-2023-edital-no-03-de-14-04-2023/edital-no-09-2023-gabarito-provisorio-da-prova-objetiva;https://www-cdn.mpf.mp.br/o-mpf/unidades/pr-pb/estagio/processos-seletivos-anteriores-1/selecao-de-direito-2023-edital-no-03-de-14-04-2023/edital-no-09-2023-gabarito-provisorio-da-prova-objetiva
File;http://svlp-plnptapp01.pgr.mpf.mp.br:8401/portal/pb/estagie-conosco/processos-seletivos-anteriores-1/selecao-de-direito-2023-edital-no-03-de-14-04-2023/edital-no-10-2023-resultado-da-prova-objetiva;https://www-cdn.mpf.mp.br/o-mpf/unidades/pr-pb/estagio/processos-seletivos-anteriores-1/selecao-de-direito-2023-edital-no-03-de-14-04-2023/edital-no-10-2023-resultado-da-prova-objetiva
File;http://svlp-plnptapp01.pgr.mpf.mp.br:8401/portal/pb/estagie-conosco/processos-seletivos-anteriores-1/selecao-de-direito-2023-edital-no-03-de-14-04-2023/edital-no-12-2023-resultado-da-prova-subjetiva-e-resultado-final;https://www-cdn.mpf.mp.br/o-mpf/unidades/pr-pb/estagio/processos-seletivos-anteriores-1/selecao-de-direito-2023-edital-no-03-de-14-04-2023/edital-no-12-2023-resultado-da-prova-subjetiva-e-resultado-final
File;http://svlp-plnptapp01.pgr.mpf.mp.br:8401/portal/pb/estagie-conosco/processos-seletivos-anteriores-1/selecao-de-direito-2023-edital-no-03-de-14-04-2023/edital-no-14-2023-resultado-final-apos-recurso-e-homolagacao;https://www-cdn.mpf.mp.br/o-mpf/unidades/pr-pb/estagio/processos-seletivos-anteriores-1/selecao-de-direito-2023-edital-no-03-de-14-04-2023/edital-no-14-2023-resultado-final-apos-recurso-e-homolagacao
File;http://svlp-plnptapp01.pgr.mpf.mp.br:8401/portal/pb/estagie-conosco/processos-seletivos-anteriores-1/selecao-de-direito-2023-edital-no-03-de-14-04-2023/retificacao-do-edital-no-07-2023-local-de-provas-e-deferimento-de-inscricoes;https://www-cdn.mpf.mp.br/o-mpf/unidades/pr-pb/estagio/processos-seletivos-anteriores-1/selecao-de-direito-2023-edital-no-03-de-14-04-2023/retificacao-do-edital-no-07-2023-local-de-provas-e-deferimento-de-inscricoes
Folder;http://svlp-plnptapp01.pgr.mpf.mp.br:8401/portal/pb/estagie-conosco/processos-seletivos-anteriores-1/selecao-de-direito-2024-edital-no-03-de-02-04-2024;https://www-cdn.mpf.mp.br/o-mpf/unidades/pr-pb/estagio/processos-seletivos-anteriores-1/selecao-de-direito-2024-edital-no-03-de-02-04-2024
File;http://svlp-plnptapp01.pgr.mpf.mp.br:8401/portal/pb/estagie-conosco/processos-seletivos-anteriores-1/selecao-de-direito-2024-edital-no-03-de-02-04-2024/edital-4-2025-prorrogacao-estagio-em-direito.pdf;https://www-cdn.mpf.mp.br/o-mpf/unidades/pr-pb/estagio/processos-seletivos-anteriores-1/selecao-de-direito-2024-edital-no-03-de-02-04-2024/edital-4-2025-prorrogacao-estagio-em-direito.pdf
File;http://svlp-plnptapp01.pgr.mpf.mp.br:8401/portal/pb/estagie-conosco/processos-seletivos-anteriores-1/selecao-de-direito-2024-edital-no-03-de-02-04-2024/edital-no-03-2024-abertura-selecao-de-direito-2024;https://www-cdn.mpf.mp.br/o-mpf/unidades/pr-pb/estagio/processos-seletivos-anteriores-1/selecao-de-direito-2024-edital-no-03-de-02-04-2024/edital-no-03-2024-abertura-selecao-de-direito-2024
File;http://svlp-plnptapp01.pgr.mpf.mp.br:8401/portal/pb/estagie-conosco/processos-seletivos-anteriores-1/selecao-de-direito-2024-edital-no-03-de-02-04-2024/edital-no-08-2024-locais-de-provas-e-deferimento-de-inscricoes;https://www-cdn.mpf.mp.br/o-mpf/unidades/pr-pb/estagio/processos-seletivos-anteriores-1/selecao-de-direito-2024-edital-no-03-de-02-04-2024/edital-no-08-2024-locais-de-provas-e-deferimento-de-inscricoes
File;http://svlp-plnptapp01.pgr.mpf.mp.br:8401/portal/pb/estagie-conosco/processos-seletivos-anteriores-1/selecao-de-direito-2024-edital-no-03-de-02-04-2024/edital-no-09-2024-gabarito-provisorio-das-provas-objetivas-realizadas-em-28-de-abril-de-2024;https://www-cdn.mpf.mp.br/o-mpf/unidades/pr-pb/estagio/processos-seletivos-anteriores-1/selecao-de-direito-2024-edital-no-03-de-02-04-2024/edital-no-09-2024-gabarito-provisorio-das-provas-objetivas-realizadas-em-28-de-abril-de-2024
File;http://svlp-plnptapp01.pgr.mpf.mp.br:8401/portal/pb/estagie-conosco/processos-seletivos-anteriores-1/selecao-de-direito-2024-edital-no-03-de-02-04-2024/edital-no-14-2024-resultado-da-prova-subjetiva-e-resultado-final;https://www-cdn.mpf.mp.br/o-mpf/unidades/pr-pb/estagio/processos-seletivos-anteriores-1/selecao-de-direito-2024-edital-no-03-de-02-04-2024/edital-no-14-2024-resultado-da-prova-subjetiva-e-resultado-final
File;http://svlp-plnptapp01.pgr.mpf.mp.br:8401/portal/pb/estagie-conosco/processos-seletivos-anteriores-1/selecao-de-direito-2024-edital-no-03-de-02-04-2024/edital-no-16-2024-convocacao-para-heteroidentificacao;https://www-cdn.mpf.mp.br/o-mpf/unidades/pr-pb/estagio/processos-seletivos-anteriores-1/selecao-de-direito-2024-edital-no-03-de-02-04-2024/edital-no-16-2024-convocacao-para-heteroidentificacao
File;http://svlp-plnptapp01.pgr.mpf.mp.br:8401/portal/pb/estagie-conosco/processos-seletivos-anteriores-1/selecao-de-direito-2024-edital-no-03-de-02-04-2024/edital-no-18-2024-resultado-da-heteroidentificacao;https://www-cdn.mpf.mp.br/o-mpf/unidades/pr-pb/estagio/processos-seletivos-anteriores-1/selecao-de-direito-2024-edital-no-03-de-02-04-2024/edital-no-18-2024-resultado-da-heteroidentificacao
File;http://svlp-plnptapp01.pgr.mpf.mp.br:8401/portal/pb/estagie-conosco/processos-seletivos-anteriores-1/selecao-de-direito-2024-edital-no-03-de-02-04-2024/edital-no-19-2024-resultado-dos-recursos-da-prova-subjetiva-e-homologacao-do-processo-seletivo;https://www-cdn.mpf.mp.br/o-mpf/unidades/pr-pb/estagio/processos-seletivos-anteriores-1/selecao-de-direito-2024-edital-no-03-de-02-04-2024/edital-no-19-2024-resultado-dos-recursos-da-prova-subjetiva-e-homologacao-do-processo-seletivo
File;http://svlp-plnptapp01.pgr.mpf.mp.br:8401/portal/pb/estagie-conosco/processos-seletivos-anteriores-1/selecao-de-direito-2024-edital-no-03-de-02-04-2024/retificacao-do-edital-no-08-2024-locais-de-provas-e-deferimento-de-inscricoes;https://www-cdn.mpf.mp.br/o-mpf/unidades/pr-pb/estagio/processos-seletivos-anteriores-1/selecao-de-direito-2024-edital-no-03-de-02-04-2024/retificacao-do-edital-no-08-2024-locais-de-provas-e-deferimento-de-inscricoes
File;http://svlp-plnptapp01.pgr.mpf.mp.br:8401/portal/pb/estagie-conosco/processos-seletivos-anteriores/prova-selecao-de-direito-de-2014;https://www-cdn.mpf.mp.br/o-mpf/unidades/pr-pb/estagio/processos-seletivos-anteriores/prova-selecao-de-direito-de-2014
File;http://svlp-plnptapp01.pgr.mpf.mp.br:8401/portal/pb/estagie-conosco/processos-seletivos-anteriores/prova-selecao-de-direito-de-2015;https://www-cdn.mpf.mp.br/o-mpf/unidades/pr-pb/estagio/processos-seletivos-anteriores/prova-selecao-de-direito-de-2015
File;http://svlp-plnptapp01.pgr.mpf.mp.br:8401/portal/pb/estagie-conosco/processos-seletivos-anteriores/prova-selecao-de-direito-de-2016;https://www-cdn.mpf.mp.br/o-mpf/unidades/pr-pb/estagio/processos-seletivos-anteriores/prova-selecao-de-direito-de-2016
File;http://svlp-plnptapp01.pgr.mpf.mp.br:8401/portal/pb/estagie-conosco/processos-seletivos-anteriores/prova-selecao-de-direito-de-2018;https://www-cdn.mpf.mp.br/o-mpf/unidades/pr-pb/estagio/processos-seletivos-anteriores/prova-selecao-de-direito-de-2018
File;http://svlp-plnptapp01.pgr.mpf.mp.br:8401/portal/pb/estagie-conosco/processos-seletivos-anteriores/prova-selecao-de-direito-de-2018-1;https://www-cdn.mpf.mp.br/o-mpf/unidades/pr-pb/estagio/processos-seletivos-anteriores/prova-selecao-de-direito-de-2018-1
File;http://svlp-plnptapp01.pgr.mpf.mp.br:8401/portal/pb/estagie-conosco/processos-seletivos-anteriores/prova-selecao-de-direito-de-2019;https://www-cdn.mpf.mp.br/o-mpf/unidades/pr-pb/estagio/processos-seletivos-anteriores/prova-selecao-de-direito-de-2019
File;http://svlp-plnptapp01.pgr.mpf.mp.br:8401/portal/pb/estagie-conosco/processos-seletivos-anteriores/prova-selecao-de-direito-de-2021;https://www-cdn.mpf.mp.br/o-mpf/unidades/pr-pb/estagio/processos-seletivos-anteriores/prova-selecao-de-direito-de-2021
File;http://svlp-plnptapp01.pgr.mpf.mp.br:8401/portal/pb/estagie-conosco/processos-seletivos-anteriores/prova-selecao-de-direito-de-2022-1;https://www-cdn.mpf.mp.br/o-mpf/unidades/pr-pb/estagio/processos-seletivos-anteriores/prova-selecao-de-direito-de-2022-1
File;http://svlp-plnptapp01.pgr.mpf.mp.br:8401/portal/pb/estagie-conosco/processos-seletivos-anteriores/prova-selecao-de-direito-de-2022-2;https://www-cdn.mpf.mp.br/o-mpf/unidades/pr-pb/estagio/processos-seletivos-anteriores/prova-selecao-de-direito-de-2022-2
File;http://svlp-plnptapp01.pgr.mpf.mp.br:8401/portal/pb/estagie-conosco/processos-seletivos-anteriores/prova_2023_1.pdf;https://www-cdn.mpf.mp.br/o-mpf/unidades/pr-pb/estagio/processos-seletivos-anteriores/prova_2023_1.pdf
File;http://svlp-plnptapp01.pgr.mpf.mp.br:8401/portal/pb/estagie-conosco/processos-seletivos-anteriores/prova_2023_2_graduacao.pdf;https://www-cdn.mpf.mp.br/o-mpf/unidades/pr-pb/estagio/processos-seletivos-anteriores/prova_2023_2_graduacao.pdf
File;http://svlp-plnptapp01.pgr.mpf.mp.br:8401/portal/pb/estagie-conosco/processos-seletivos-anteriores/prova_2023_2_pos_graduacao.pdf;https://www-cdn.mpf.mp.br/o-mpf/unidades/pr-pb/estagio/processos-seletivos-anteriores/prova_2023_2_pos_graduacao.pdf
