tipo;url_origem;url_destino
Document;http://svlp-plnptapp01.pgr.mpf.mp.br:8401/portal/preac/conheca-a-pre-ac/conheca-o-ministerio-publico-eleitoral;https://www-cdn.mpf.mp.br/atuacao/eleitoral/pre-ac/conheca-a-pre-ac/conheca-o-ministerio-publico-eleitoral
Document;http://svlp-plnptapp01.pgr.mpf.mp.br:8401/portal/preac/conheca-a-pre-ac/procuradores-regionais-eleitorais;https://www-cdn.mpf.mp.br/atuacao/eleitoral/pre-ac/conheca-a-pre-ac/procuradores-regionais-eleitorais
Document;http://svlp-plnptapp01.pgr.mpf.mp.br:8401/portal/preac/conheca-a-pre-ac/sobre-crimes-eleitorais;https://www-cdn.mpf.mp.br/atuacao/eleitoral/pre-ac/conheca-a-pre-ac/sobre-crimes-eleitorais
Document;http://svlp-plnptapp01.pgr.mpf.mp.br:8401/portal/preac/conheca-a-pre-ac/zonas-e-promotores-eleitorais-no-acre;https://www-cdn.mpf.mp.br/atuacao/eleitoral/pre-ac/conheca-a-pre-ac/zonas-e-promotores-eleitorais-no-acre
Document;http://svlp-plnptapp01.pgr.mpf.mp.br:8401/portal/preal/docs-2024/cota-de-genero-na-politica-saiba-como-identificar-possiveis-fraudes-e-denuncie;https://www-cdn.mpf.mp.br/atuacao/eleitoral/pre-al/docs-2024/cota-de-genero-na-politica-saiba-como-identificar-possiveis-fraudes-e-denuncie
Document;http://svlp-plnptapp01.pgr.mpf.mp.br:8401/portal/preal/docs-2024/denuncia-de-ilicitos-eleitorais-na-internet;https://www-cdn.mpf.mp.br/atuacao/eleitoral/pre-al/docs-2024/denuncia-de-ilicitos-eleitorais-na-internet
Document;http://svlp-plnptapp01.pgr.mpf.mp.br:8401/portal/preal/institucional;https://www-cdn.mpf.mp.br/atuacao/eleitoral/pre-al/institucional
Document;http://svlp-plnptapp01.pgr.mpf.mp.br:8401/portal/preal/plantao;https://www-cdn.mpf.mp.br/atuacao/eleitoral/pre-al/plantao
Document;http://svlp-plnptapp01.pgr.mpf.mp.br:8401/portal/pream/copy_of_radar-eleicoes-2018/radar-eleicoes-2018;https://www-cdn.mpf.mp.br/atuacao/eleitoral/pre-am/copy_of_radar-eleicoes-2018/radar-eleicoes-2018
Document;http://svlp-plnptapp01.pgr.mpf.mp.br:8401/portal/pream/institucional/composicao/procuradoria-regional-eleitoral;https://www-cdn.mpf.mp.br/atuacao/eleitoral/pre-am/institucional/composicao/procuradoria-regional-eleitoral
Document;http://svlp-plnptapp01.pgr.mpf.mp.br:8401/portal/pream/institucional/historico/historico;https://www-cdn.mpf.mp.br/atuacao/eleitoral/pre-am/institucional/historico/historico
Document;http://svlp-plnptapp01.pgr.mpf.mp.br:8401/portal/pream/institucional/sobre-o-mp-eleitoral/sobre-o-mpf-eleitoral;https://www-cdn.mpf.mp.br/atuacao/eleitoral/pre-am/institucional/sobre-o-mp-eleitoral/sobre-o-mpf-eleitoral
Document;http://svlp-plnptapp01.pgr.mpf.mp.br:8401/portal/pream/radar-eleicoes-2018/radar-eleicoes-2018;https://www-cdn.mpf.mp.br/atuacao/eleitoral/pre-am/radar-eleicoes-2018/radar-eleicoes-2018
Document;http://svlp-plnptapp01.pgr.mpf.mp.br:8401/portal/preap/impugnacoes/acoes-de-impugnacao-de-registro-de-candidatura;https://www-cdn.mpf.mp.br/atuacao/eleitoral/pre-ap/impugnacoes/acoes-de-impugnacao-de-registro-de-candidatura
Document;http://svlp-plnptapp01.pgr.mpf.mp.br:8401/portal/preap/institucional-1/atuacao-e-missao-do-mpe;https://www-cdn.mpf.mp.br/atuacao/eleitoral/pre-ap/institucional-1/atuacao-e-missao-do-mpe
Document;http://svlp-plnptapp01.pgr.mpf.mp.br:8401/portal/preap/institucional-1/estrutura-do-mpe;https://www-cdn.mpf.mp.br/atuacao/eleitoral/pre-ap/institucional-1/estrutura-do-mpe
Document;http://svlp-plnptapp01.pgr.mpf.mp.br:8401/portal/preap/institucional/pre;https://www-cdn.mpf.mp.br/atuacao/eleitoral/pre-ap/institucional/pre
Document;http://svlp-plnptapp01.pgr.mpf.mp.br:8401/portal/preap/noticias/denuncia-de-ilicitos-eleitorais-na-internet;https://www-cdn.mpf.mp.br/atuacao/eleitoral/pre-ap/noticias/denuncia-de-ilicitos-eleitorais-na-internet
Document;http://svlp-plnptapp01.pgr.mpf.mp.br:8401/portal/preap/promotores-eleitorais/promotores-eleitorais;https://www-cdn.mpf.mp.br/atuacao/eleitoral/pre-ap/promotores-eleitorais/promotores-eleitorais
Document;http://svlp-plnptapp01.pgr.mpf.mp.br:8401/portal/preba/atos-e-publicacoes/manifestacoes-da-procuradoria-regional-eleitoral/propaganda-partidaria/propaganda-partidaria;https://www-cdn.mpf.mp.br/atuacao/eleitoral/pre-ba/atos-e-publicacoes/manifestacoes-da-procuradoria-regional-eleitoral/propaganda-partidaria/propaganda-partidaria
Document;http://svlp-plnptapp01.pgr.mpf.mp.br:8401/portal/preba/institucional/a-funcao_eleitoral_do_mp/a-funcao-eleitoral-do-mp;https://www-cdn.mpf.mp.br/atuacao/eleitoral/pre-ba/institucional/a-funcao_eleitoral_do_mp/a-funcao-eleitoral-do-mp
Document;http://svlp-plnptapp01.pgr.mpf.mp.br:8401/portal/preba/institucional/a-pre-na-bahia/a-procuradoria-regional-eleitoral-na-bahia;https://www-cdn.mpf.mp.br/atuacao/eleitoral/pre-ba/institucional/a-pre-na-bahia/a-procuradoria-regional-eleitoral-na-bahia
Document;http://svlp-plnptapp01.pgr.mpf.mp.br:8401/portal/preba/institucional/atuacao-do-mp-eleitoral/atuacao-do-ministerio-publico-eleitoral;https://www-cdn.mpf.mp.br/atuacao/eleitoral/pre-ba/institucional/atuacao-do-mp-eleitoral/atuacao-do-ministerio-publico-eleitoral
Document;http://svlp-plnptapp01.pgr.mpf.mp.br:8401/portal/preba/institucional/historico-da-pre-na-bahia/historico-da-procuradoria-regional-eleitoral-na-bahia;https://www-cdn.mpf.mp.br/atuacao/eleitoral/pre-ba/institucional/historico-da-pre-na-bahia/historico-da-procuradoria-regional-eleitoral-na-bahia
Document;http://svlp-plnptapp01.pgr.mpf.mp.br:8401/portal/preba/sala-imprensa/contatos/contatos-assessoria-de-comunicacao-2;https://www-cdn.mpf.mp.br/atuacao/eleitoral/pre-ba/sala-imprensa/contatos/contatos-assessoria-de-comunicacao-2
Document;http://svlp-plnptapp01.pgr.mpf.mp.br:8401/portal/preba/sala-imprensa/contatos/contatos-assessoria-de-comunicacao;https://www-cdn.mpf.mp.br/atuacao/eleitoral/pre-ba/sala-imprensa/contatos/contatos-assessoria-de-comunicacao
Document;http://svlp-plnptapp01.pgr.mpf.mp.br:8401/portal/prece/composicao;https://www-cdn.mpf.mp.br/atuacao/eleitoral/pre-ce/composicao
Document;http://svlp-plnptapp01.pgr.mpf.mp.br:8401/portal/prece/documentos/documentos-da-pre;https://www-cdn.mpf.mp.br/atuacao/eleitoral/pre-ce/documentos/documentos-da-pre
Document;http://svlp-plnptapp01.pgr.mpf.mp.br:8401/portal/prece/documentos/orientacoes;https://www-cdn.mpf.mp.br/atuacao/eleitoral/pre-ce/documentos/orientacoes
Document;http://svlp-plnptapp01.pgr.mpf.mp.br:8401/portal/prece/documentos/portarias;https://www-cdn.mpf.mp.br/atuacao/eleitoral/pre-ce/documentos/portarias
Document;http://svlp-plnptapp01.pgr.mpf.mp.br:8401/portal/prece/documentos/recomendacoes;https://www-cdn.mpf.mp.br/atuacao/eleitoral/pre-ce/documentos/recomendacoes
Document;http://svlp-plnptapp01.pgr.mpf.mp.br:8401/portal/prece/documentos/resolucoes;https://www-cdn.mpf.mp.br/atuacao/eleitoral/pre-ce/documentos/resolucoes
Document;http://svlp-plnptapp01.pgr.mpf.mp.br:8401/portal/prece/nossos-contatos;https://www-cdn.mpf.mp.br/atuacao/eleitoral/pre-ce/nossos-contatos
Document;http://svlp-plnptapp01.pgr.mpf.mp.br:8401/portal/prece/promotores-e-zonas-eleitorais;https://www-cdn.mpf.mp.br/atuacao/eleitoral/pre-ce/promotores-e-zonas-eleitorais
Document;http://svlp-plnptapp01.pgr.mpf.mp.br:8401/portal/prece/sobre-a-pre;https://www-cdn.mpf.mp.br/atuacao/eleitoral/pre-ce/sobre-a-pre
Document;http://svlp-plnptapp01.pgr.mpf.mp.br:8401/portal/predf/atos-e-publicacoes/atos-e-publicacoes;https://www-cdn.mpf.mp.br/atuacao/eleitoral/pre-df/atos-e-publicacoes/atos-e-publicacoes
Document;http://svlp-plnptapp01.pgr.mpf.mp.br:8401/portal/predf/cota-de-genero-na-politica-saiba-como-identificar-possiveis-fraudes-e-denuncie;https://www-cdn.mpf.mp.br/atuacao/eleitoral/pre-df/cota-de-genero-na-politica-saiba-como-identificar-possiveis-fraudes-e-denuncie
Document;http://svlp-plnptapp01.pgr.mpf.mp.br:8401/portal/predf/denuncia-de-ilicitos-eleitorais-na-internet;https://www-cdn.mpf.mp.br/atuacao/eleitoral/pre-df/denuncia-de-ilicitos-eleitorais-na-internet
Document;http://svlp-plnptapp01.pgr.mpf.mp.br:8401/portal/predf/institucional/a-pre-df;https://www-cdn.mpf.mp.br/atuacao/eleitoral/pre-df/institucional/a-pre-df
Document;http://svlp-plnptapp01.pgr.mpf.mp.br:8401/portal/predf/plantao/plantao-justica-eleitoral;https://www-cdn.mpf.mp.br/atuacao/eleitoral/pre-df/plantao/plantao-justica-eleitoral
Document;http://svlp-plnptapp01.pgr.mpf.mp.br:8401/portal/predf/sistema-de-controle-eleitoral/o-sistema-de-controle-eleitoral;https://www-cdn.mpf.mp.br/atuacao/eleitoral/pre-df/sistema-de-controle-eleitoral/o-sistema-de-controle-eleitoral
Document;http://svlp-plnptapp01.pgr.mpf.mp.br:8401/portal/predf/sistema-de-controle-eleitoral/sistema-de-controle-eleitoral;https://www-cdn.mpf.mp.br/atuacao/eleitoral/pre-df/sistema-de-controle-eleitoral/sistema-de-controle-eleitoral
Document;http://svlp-plnptapp01.pgr.mpf.mp.br:8401/portal/prees/faca-sua-denuncia/denuncie;https://www-cdn.mpf.mp.br/atuacao/eleitoral/pre-es/faca-sua-denuncia/denuncie
Document;http://svlp-plnptapp01.pgr.mpf.mp.br:8401/portal/prees/institucional/atuacao;https://www-cdn.mpf.mp.br/atuacao/eleitoral/pre-es/institucional/atuacao
Document;http://svlp-plnptapp01.pgr.mpf.mp.br:8401/portal/prees/institucional/como-denunciar-1;https://www-cdn.mpf.mp.br/atuacao/eleitoral/pre-es/institucional/como-denunciar-1
Document;http://svlp-plnptapp01.pgr.mpf.mp.br:8401/portal/prees/institucional/estrutura;https://www-cdn.mpf.mp.br/atuacao/eleitoral/pre-es/institucional/estrutura
Document;http://svlp-plnptapp01.pgr.mpf.mp.br:8401/portal/prees/institucional/procuradoria-regional-eleitoral;https://www-cdn.mpf.mp.br/atuacao/eleitoral/pre-es/institucional/procuradoria-regional-eleitoral
Document;http://svlp-plnptapp01.pgr.mpf.mp.br:8401/portal/prees/institucional/promotorias-eleitorais-1;https://www-cdn.mpf.mp.br/atuacao/eleitoral/pre-es/institucional/promotorias-eleitorais-1
Document;http://svlp-plnptapp01.pgr.mpf.mp.br:8401/portal/prees/institucional/sobre-o-mpe-1;https://www-cdn.mpf.mp.br/atuacao/eleitoral/pre-es/institucional/sobre-o-mpe-1
Document;http://svlp-plnptapp01.pgr.mpf.mp.br:8401/portal/prees/institucional/tipos-de-acao;https://www-cdn.mpf.mp.br/atuacao/eleitoral/pre-es/institucional/tipos-de-acao
Document;http://svlp-plnptapp01.pgr.mpf.mp.br:8401/portal/prees/noticias/cota-de-genero-na-politica-saiba-como-identificar-possiveis-fraudes-e-denuncie;https://www-cdn.mpf.mp.br/atuacao/eleitoral/pre-es/noticias/cota-de-genero-na-politica-saiba-como-identificar-possiveis-fraudes-e-denuncie
Document;http://svlp-plnptapp01.pgr.mpf.mp.br:8401/portal/prees/noticias/denuncia-de-ilicitos-eleitorais-na-internet;https://www-cdn.mpf.mp.br/atuacao/eleitoral/pre-es/noticias/denuncia-de-ilicitos-eleitorais-na-internet
Document;http://svlp-plnptapp01.pgr.mpf.mp.br:8401/portal/prees/noticias/voce-ja-ouviu-falar-do-crime-eleitoral-de-violencia-politica-de-genero;https://www-cdn.mpf.mp.br/atuacao/eleitoral/pre-es/noticias/voce-ja-ouviu-falar-do-crime-eleitoral-de-violencia-politica-de-genero
Document;http://svlp-plnptapp01.pgr.mpf.mp.br:8401/portal/prees/servicos-prees/legislacao-eleitoral;https://www-cdn.mpf.mp.br/atuacao/eleitoral/pre-es/servicos-prees/legislacao-eleitoral
Document;http://svlp-plnptapp01.pgr.mpf.mp.br:8401/portal/prees/servicos-prees/outros-sites;https://www-cdn.mpf.mp.br/atuacao/eleitoral/pre-es/servicos-prees/outros-sites
Document;http://svlp-plnptapp01.pgr.mpf.mp.br:8401/portal/prego/atuacao-do-mpe/atuacao-do-mpe;https://www-cdn.mpf.mp.br/atuacao/eleitoral/pre-go/atuacao-do-mpe/atuacao-do-mpe
Document;http://svlp-plnptapp01.pgr.mpf.mp.br:8401/portal/prego/como-denunciar/como-denunciar;https://www-cdn.mpf.mp.br/atuacao/eleitoral/pre-go/como-denunciar/como-denunciar
Document;http://svlp-plnptapp01.pgr.mpf.mp.br:8401/portal/prego/estrutura-do-mpe/estrutura-do-mpe;https://www-cdn.mpf.mp.br/atuacao/eleitoral/pre-go/estrutura-do-mpe/estrutura-do-mpe
Document;http://svlp-plnptapp01.pgr.mpf.mp.br:8401/portal/prego/procurador-regional-eleitoral/procurador-regional-eleitoral;https://www-cdn.mpf.mp.br/atuacao/eleitoral/pre-go/procurador-regional-eleitoral/procurador-regional-eleitoral
Document;http://svlp-plnptapp01.pgr.mpf.mp.br:8401/portal/prego/promotores-eleitorais/promotores-eleitorais;https://www-cdn.mpf.mp.br/atuacao/eleitoral/pre-go/promotores-eleitorais/promotores-eleitorais
Document;http://svlp-plnptapp01.pgr.mpf.mp.br:8401/portal/prego/servicos-1/acoes-em-destaque;https://www-cdn.mpf.mp.br/atuacao/eleitoral/pre-go/servicos-1/acoes-em-destaque
Document;http://svlp-plnptapp01.pgr.mpf.mp.br:8401/portal/prego/servicos-1/atos-e-procedimentos;https://www-cdn.mpf.mp.br/atuacao/eleitoral/pre-go/servicos-1/atos-e-procedimentos
Document;http://svlp-plnptapp01.pgr.mpf.mp.br:8401/portal/prego/servicos-1/editais-e-avisos;https://www-cdn.mpf.mp.br/atuacao/eleitoral/pre-go/servicos-1/editais-e-avisos
Document;http://svlp-plnptapp01.pgr.mpf.mp.br:8401/portal/prego/servicos-1/legislacao-eleitoral;https://www-cdn.mpf.mp.br/atuacao/eleitoral/pre-go/servicos-1/legislacao-eleitoral
Document;http://svlp-plnptapp01.pgr.mpf.mp.br:8401/portal/prego/servicos-1/servicos;https://www-cdn.mpf.mp.br/atuacao/eleitoral/pre-go/servicos-1/servicos
Document;http://svlp-plnptapp01.pgr.mpf.mp.br:8401/portal/prego/servicos-1/sobre-crimes-eleitorais;https://www-cdn.mpf.mp.br/atuacao/eleitoral/pre-go/servicos-1/sobre-crimes-eleitorais
Document;http://svlp-plnptapp01.pgr.mpf.mp.br:8401/portal/prego/servicos-1/tire-suas-duvidas/respostas/1tire-suas-duvidas-pergunta-12;https://www-cdn.mpf.mp.br/atuacao/eleitoral/pre-go/servicos-1/tire-suas-duvidas/respostas/1tire-suas-duvidas-pergunta-12
Document;http://svlp-plnptapp01.pgr.mpf.mp.br:8401/portal/prego/servicos-1/tire-suas-duvidas/respostas/tire-suas-duvidas-pergunta-1;https://www-cdn.mpf.mp.br/atuacao/eleitoral/pre-go/servicos-1/tire-suas-duvidas/respostas/tire-suas-duvidas-pergunta-1
Document;http://svlp-plnptapp01.pgr.mpf.mp.br:8401/portal/prego/servicos-1/tire-suas-duvidas/respostas/tire-suas-duvidas-pergunta-10;https://www-cdn.mpf.mp.br/atuacao/eleitoral/pre-go/servicos-1/tire-suas-duvidas/respostas/tire-suas-duvidas-pergunta-10
Document;http://svlp-plnptapp01.pgr.mpf.mp.br:8401/portal/prego/servicos-1/tire-suas-duvidas/respostas/tire-suas-duvidas-pergunta-11;https://www-cdn.mpf.mp.br/atuacao/eleitoral/pre-go/servicos-1/tire-suas-duvidas/respostas/tire-suas-duvidas-pergunta-11
Document;http://svlp-plnptapp01.pgr.mpf.mp.br:8401/portal/prego/servicos-1/tire-suas-duvidas/respostas/tire-suas-duvidas-pergunta-13;https://www-cdn.mpf.mp.br/atuacao/eleitoral/pre-go/servicos-1/tire-suas-duvidas/respostas/tire-suas-duvidas-pergunta-13
Document;http://svlp-plnptapp01.pgr.mpf.mp.br:8401/portal/prego/servicos-1/tire-suas-duvidas/respostas/tire-suas-duvidas-pergunta-14;https://www-cdn.mpf.mp.br/atuacao/eleitoral/pre-go/servicos-1/tire-suas-duvidas/respostas/tire-suas-duvidas-pergunta-14
Document;http://svlp-plnptapp01.pgr.mpf.mp.br:8401/portal/prego/servicos-1/tire-suas-duvidas/respostas/tire-suas-duvidas-pergunta-15;https://www-cdn.mpf.mp.br/atuacao/eleitoral/pre-go/servicos-1/tire-suas-duvidas/respostas/tire-suas-duvidas-pergunta-15
Document;http://svlp-plnptapp01.pgr.mpf.mp.br:8401/portal/prego/servicos-1/tire-suas-duvidas/respostas/tire-suas-duvidas-pergunta-16;https://www-cdn.mpf.mp.br/atuacao/eleitoral/pre-go/servicos-1/tire-suas-duvidas/respostas/tire-suas-duvidas-pergunta-16
Document;http://svlp-plnptapp01.pgr.mpf.mp.br:8401/portal/prego/servicos-1/tire-suas-duvidas/respostas/tire-suas-duvidas-pergunta-17;https://www-cdn.mpf.mp.br/atuacao/eleitoral/pre-go/servicos-1/tire-suas-duvidas/respostas/tire-suas-duvidas-pergunta-17
Document;http://svlp-plnptapp01.pgr.mpf.mp.br:8401/portal/prego/servicos-1/tire-suas-duvidas/respostas/tire-suas-duvidas-pergunta-18;https://www-cdn.mpf.mp.br/atuacao/eleitoral/pre-go/servicos-1/tire-suas-duvidas/respostas/tire-suas-duvidas-pergunta-18
Document;http://svlp-plnptapp01.pgr.mpf.mp.br:8401/portal/prego/servicos-1/tire-suas-duvidas/respostas/tire-suas-duvidas-pergunta-19;https://www-cdn.mpf.mp.br/atuacao/eleitoral/pre-go/servicos-1/tire-suas-duvidas/respostas/tire-suas-duvidas-pergunta-19
Document;http://svlp-plnptapp01.pgr.mpf.mp.br:8401/portal/prego/servicos-1/tire-suas-duvidas/respostas/tire-suas-duvidas-pergunta-2;https://www-cdn.mpf.mp.br/atuacao/eleitoral/pre-go/servicos-1/tire-suas-duvidas/respostas/tire-suas-duvidas-pergunta-2
Document;http://svlp-plnptapp01.pgr.mpf.mp.br:8401/portal/prego/servicos-1/tire-suas-duvidas/respostas/tire-suas-duvidas-pergunta-20;https://www-cdn.mpf.mp.br/atuacao/eleitoral/pre-go/servicos-1/tire-suas-duvidas/respostas/tire-suas-duvidas-pergunta-20
Document;http://svlp-plnptapp01.pgr.mpf.mp.br:8401/portal/prego/servicos-1/tire-suas-duvidas/respostas/tire-suas-duvidas-pergunta-3;https://www-cdn.mpf.mp.br/atuacao/eleitoral/pre-go/servicos-1/tire-suas-duvidas/respostas/tire-suas-duvidas-pergunta-3
Document;http://svlp-plnptapp01.pgr.mpf.mp.br:8401/portal/prego/servicos-1/tire-suas-duvidas/respostas/tire-suas-duvidas-pergunta-4;https://www-cdn.mpf.mp.br/atuacao/eleitoral/pre-go/servicos-1/tire-suas-duvidas/respostas/tire-suas-duvidas-pergunta-4
Document;http://svlp-plnptapp01.pgr.mpf.mp.br:8401/portal/prego/servicos-1/tire-suas-duvidas/respostas/tire-suas-duvidas-pergunta-5;https://www-cdn.mpf.mp.br/atuacao/eleitoral/pre-go/servicos-1/tire-suas-duvidas/respostas/tire-suas-duvidas-pergunta-5
Document;http://svlp-plnptapp01.pgr.mpf.mp.br:8401/portal/prego/servicos-1/tire-suas-duvidas/respostas/tire-suas-duvidas-pergunta-6;https://www-cdn.mpf.mp.br/atuacao/eleitoral/pre-go/servicos-1/tire-suas-duvidas/respostas/tire-suas-duvidas-pergunta-6
Document;http://svlp-plnptapp01.pgr.mpf.mp.br:8401/portal/prego/servicos-1/tire-suas-duvidas/respostas/tire-suas-duvidas-pergunta-7;https://www-cdn.mpf.mp.br/atuacao/eleitoral/pre-go/servicos-1/tire-suas-duvidas/respostas/tire-suas-duvidas-pergunta-7
Document;http://svlp-plnptapp01.pgr.mpf.mp.br:8401/portal/prego/servicos-1/tire-suas-duvidas/respostas/tire-suas-duvidas-pergunta-8;https://www-cdn.mpf.mp.br/atuacao/eleitoral/pre-go/servicos-1/tire-suas-duvidas/respostas/tire-suas-duvidas-pergunta-8
Document;http://svlp-plnptapp01.pgr.mpf.mp.br:8401/portal/prego/servicos-1/tire-suas-duvidas/respostas/tire-suas-duvidas-pergunta-9;https://www-cdn.mpf.mp.br/atuacao/eleitoral/pre-go/servicos-1/tire-suas-duvidas/respostas/tire-suas-duvidas-pergunta-9
Document;http://svlp-plnptapp01.pgr.mpf.mp.br:8401/portal/prego/servicos-1/tire-suas-duvidas/tire-suas-duvidas-1;https://www-cdn.mpf.mp.br/atuacao/eleitoral/pre-go/servicos-1/tire-suas-duvidas/tire-suas-duvidas-1
Document;http://svlp-plnptapp01.pgr.mpf.mp.br:8401/portal/prego/sobre-o-ministerio-publico-eleitoral-mpe;https://www-cdn.mpf.mp.br/atuacao/eleitoral/pre-go/sobre-o-ministerio-publico-eleitoral-mpe
Document;http://svlp-plnptapp01.pgr.mpf.mp.br:8401/portal/prego/tipos-de-acao/tipos-de-acao;https://www-cdn.mpf.mp.br/atuacao/eleitoral/pre-go/tipos-de-acao/tipos-de-acao
Document;http://svlp-plnptapp01.pgr.mpf.mp.br:8401/portal/prema/copy_of_institucional/atuacao-do-mpe/atuacao-do-ministerio-publico-eleitoral;https://www-cdn.mpf.mp.br/atuacao/eleitoral/pre-ma/copy_of_institucional/atuacao-do-mpe/atuacao-do-ministerio-publico-eleitoral
Document;http://svlp-plnptapp01.pgr.mpf.mp.br:8401/portal/prema/copy_of_institucional/coordenacao-eleitoral/coordenacao-eleitoral;https://www-cdn.mpf.mp.br/atuacao/eleitoral/pre-ma/copy_of_institucional/coordenacao-eleitoral/coordenacao-eleitoral
Document;http://svlp-plnptapp01.pgr.mpf.mp.br:8401/portal/prema/copy_of_institucional/estrutura-do-mpe/estrutura-do-mpe;https://www-cdn.mpf.mp.br/atuacao/eleitoral/pre-ma/copy_of_institucional/estrutura-do-mpe/estrutura-do-mpe
Document;http://svlp-plnptapp01.pgr.mpf.mp.br:8401/portal/prema/copy_of_institucional/procurador-geral/procurador-geral-e-vice-procurador-geral;https://www-cdn.mpf.mp.br/atuacao/eleitoral/pre-ma/copy_of_institucional/procurador-geral/procurador-geral-e-vice-procurador-geral
Document;http://svlp-plnptapp01.pgr.mpf.mp.br:8401/portal/prema/copy_of_institucional/sobre-o-mpe-1;https://www-cdn.mpf.mp.br/atuacao/eleitoral/pre-ma/copy_of_institucional/sobre-o-mpe-1
Document;http://svlp-plnptapp01.pgr.mpf.mp.br:8401/portal/prema/copy_of_institucional/sobre-o-mpe/sobre-o-mpf;https://www-cdn.mpf.mp.br/atuacao/eleitoral/pre-ma/copy_of_institucional/sobre-o-mpe/sobre-o-mpf
Document;http://svlp-plnptapp01.pgr.mpf.mp.br:8401/portal/premg/atuacao-do-mpe;https://www-cdn.mpf.mp.br/atuacao/eleitoral/pre-mg/atuacao-do-mpe
Document;http://svlp-plnptapp01.pgr.mpf.mp.br:8401/portal/premg/conheca-o-mpe;https://www-cdn.mpf.mp.br/atuacao/eleitoral/pre-mg/conheca-o-mpe
Document;http://svlp-plnptapp01.pgr.mpf.mp.br:8401/portal/premg/eleitoral;https://www-cdn.mpf.mp.br/atuacao/eleitoral/pre-mg/eleitoral
Document;http://svlp-plnptapp01.pgr.mpf.mp.br:8401/portal/premg/localizacao;https://www-cdn.mpf.mp.br/atuacao/eleitoral/pre-mg/localizacao
Document;http://svlp-plnptapp01.pgr.mpf.mp.br:8401/portal/premg/memoria-da-pre-mg-1/memoria-da-pre-mg;https://www-cdn.mpf.mp.br/atuacao/eleitoral/pre-mg/memoria-da-pre-mg-1/memoria-da-pre-mg
Document;http://svlp-plnptapp01.pgr.mpf.mp.br:8401/portal/premg/plantao;https://www-cdn.mpf.mp.br/atuacao/eleitoral/pre-mg/plantao
Document;http://svlp-plnptapp01.pgr.mpf.mp.br:8401/portal/premg/promotores-eleitorais/instrucoes-normativas-2022-1;https://www-cdn.mpf.mp.br/atuacao/eleitoral/pre-mg/promotores-eleitorais/instrucoes-normativas-2022-1
Document;http://svlp-plnptapp01.pgr.mpf.mp.br:8401/portal/prems/institucional/atuacao/atuacao;https://www-cdn.mpf.mp.br/atuacao/eleitoral/pre-ms/institucional/atuacao/atuacao
Document;http://svlp-plnptapp01.pgr.mpf.mp.br:8401/portal/prems/institucional/estrutura-1/estrutura;https://www-cdn.mpf.mp.br/atuacao/eleitoral/pre-ms/institucional/estrutura-1/estrutura
Document;http://svlp-plnptapp01.pgr.mpf.mp.br:8401/portal/prems/institucional/estrutura;https://www-cdn.mpf.mp.br/atuacao/eleitoral/pre-ms/institucional/estrutura
Document;http://svlp-plnptapp01.pgr.mpf.mp.br:8401/portal/prems/institucional/procuradoria-regional-eleitoral/procuradoria-regional-eleitoral;https://www-cdn.mpf.mp.br/atuacao/eleitoral/pre-ms/institucional/procuradoria-regional-eleitoral/procuradoria-regional-eleitoral
Document;http://svlp-plnptapp01.pgr.mpf.mp.br:8401/portal/prems/promotorias-eleitorais/promotorias-eleitorais;https://www-cdn.mpf.mp.br/atuacao/eleitoral/pre-ms/promotorias-eleitorais/promotorias-eleitorais
Document;http://svlp-plnptapp01.pgr.mpf.mp.br:8401/portal/premt/atuacao/acoes-ajuizadas;https://www-cdn.mpf.mp.br/atuacao/eleitoral/pre-mt/atuacao/acoes-ajuizadas
Document;http://svlp-plnptapp01.pgr.mpf.mp.br:8401/portal/premt/institucional-1/como-denunciar;https://www-cdn.mpf.mp.br/atuacao/eleitoral/pre-mt/institucional-1/como-denunciar
Document;http://svlp-plnptapp01.pgr.mpf.mp.br:8401/portal/premt/institucional-1/composicao;https://www-cdn.mpf.mp.br/atuacao/eleitoral/pre-mt/institucional-1/composicao
Document;http://svlp-plnptapp01.pgr.mpf.mp.br:8401/portal/premt/institucional-1/sobre-o-ministerio-publico-eleitoral;https://www-cdn.mpf.mp.br/atuacao/eleitoral/pre-mt/institucional-1/sobre-o-ministerio-publico-eleitoral
Document;http://svlp-plnptapp01.pgr.mpf.mp.br:8401/portal/premt/institucional-1/tipos-de-acao;https://www-cdn.mpf.mp.br/atuacao/eleitoral/pre-mt/institucional-1/tipos-de-acao
Document;http://svlp-plnptapp01.pgr.mpf.mp.br:8401/portal/premt/portlets/atuacoes;https://www-cdn.mpf.mp.br/atuacao/eleitoral/pre-mt/portlets/atuacoes
Document;http://svlp-plnptapp01.pgr.mpf.mp.br:8401/portal/premt/portlets/banners-do-site;https://www-cdn.mpf.mp.br/atuacao/eleitoral/pre-mt/portlets/banners-do-site
Document;http://svlp-plnptapp01.pgr.mpf.mp.br:8401/portal/premt/portlets/denuncia-on-line;https://www-cdn.mpf.mp.br/atuacao/eleitoral/pre-mt/portlets/denuncia-on-line
Document;http://svlp-plnptapp01.pgr.mpf.mp.br:8401/portal/premt/portlets/icone-de-sites;https://www-cdn.mpf.mp.br/atuacao/eleitoral/pre-mt/portlets/icone-de-sites
Document;http://svlp-plnptapp01.pgr.mpf.mp.br:8401/portal/premt/portlets/legislacao_eleicoes_2014;https://www-cdn.mpf.mp.br/atuacao/eleitoral/pre-mt/portlets/legislacao_eleicoes_2014
Document;http://svlp-plnptapp01.pgr.mpf.mp.br:8401/portal/premt/portlets/menu-principal;https://www-cdn.mpf.mp.br/atuacao/eleitoral/pre-mt/portlets/menu-principal
Document;http://svlp-plnptapp01.pgr.mpf.mp.br:8401/portal/premt/portlets/menu-restrito;https://www-cdn.mpf.mp.br/atuacao/eleitoral/pre-mt/portlets/menu-restrito
Document;http://svlp-plnptapp01.pgr.mpf.mp.br:8401/portal/premt/portlets/servicos;https://www-cdn.mpf.mp.br/atuacao/eleitoral/pre-mt/portlets/servicos
Document;http://svlp-plnptapp01.pgr.mpf.mp.br:8401/portal/premt/portlets/tira-duvidas;https://www-cdn.mpf.mp.br/atuacao/eleitoral/pre-mt/portlets/tira-duvidas
Document;http://svlp-plnptapp01.pgr.mpf.mp.br:8401/portal/premt/recomendacoes/cabos-eleitorais;https://www-cdn.mpf.mp.br/atuacao/eleitoral/pre-mt/recomendacoes/cabos-eleitorais
Document;http://svlp-plnptapp01.pgr.mpf.mp.br:8401/portal/premt/recomendacoes/candidato-com-contas-rejeitadas-por-qualquer-orgao-de-fiscalizacao;https://www-cdn.mpf.mp.br/atuacao/eleitoral/pre-mt/recomendacoes/candidato-com-contas-rejeitadas-por-qualquer-orgao-de-fiscalizacao
Document;http://svlp-plnptapp01.pgr.mpf.mp.br:8401/portal/premt/recomendacoes/cuidado-com-a-publicidade-institucional;https://www-cdn.mpf.mp.br/atuacao/eleitoral/pre-mt/recomendacoes/cuidado-com-a-publicidade-institucional
Document;http://svlp-plnptapp01.pgr.mpf.mp.br:8401/portal/premt/recomendacoes/gestores-publicos;https://www-cdn.mpf.mp.br/atuacao/eleitoral/pre-mt/recomendacoes/gestores-publicos
Document;http://svlp-plnptapp01.pgr.mpf.mp.br:8401/portal/premt/recomendacoes/partidos-politicos;https://www-cdn.mpf.mp.br/atuacao/eleitoral/pre-mt/recomendacoes/partidos-politicos
Document;http://svlp-plnptapp01.pgr.mpf.mp.br:8401/portal/premt/recomendacoes/propaganda;https://www-cdn.mpf.mp.br/atuacao/eleitoral/pre-mt/recomendacoes/propaganda
Document;http://svlp-plnptapp01.pgr.mpf.mp.br:8401/portal/premt/recomendacoes/registro-de-candidato-com-vida-pregressa-desfavoravel;https://www-cdn.mpf.mp.br/atuacao/eleitoral/pre-mt/recomendacoes/registro-de-candidato-com-vida-pregressa-desfavoravel
Document;http://svlp-plnptapp01.pgr.mpf.mp.br:8401/portal/premt/recomendacoes/registro-de-candidatos;https://www-cdn.mpf.mp.br/atuacao/eleitoral/pre-mt/recomendacoes/registro-de-candidatos
Document;http://svlp-plnptapp01.pgr.mpf.mp.br:8401/portal/premt/servicos-pre/sobre-crimes-eleitorais;https://www-cdn.mpf.mp.br/atuacao/eleitoral/pre-mt/servicos-pre/sobre-crimes-eleitorais
Document;http://svlp-plnptapp01.pgr.mpf.mp.br:8401/portal/prepa/composicao;https://www-cdn.mpf.mp.br/atuacao/eleitoral/pre-pa/composicao
Document;http://svlp-plnptapp01.pgr.mpf.mp.br:8401/portal/prepa/eleitoral;https://www-cdn.mpf.mp.br/atuacao/eleitoral/pre-pa/eleitoral
Document;http://svlp-plnptapp01.pgr.mpf.mp.br:8401/portal/prepa/promotorias-eleitorais;https://www-cdn.mpf.mp.br/atuacao/eleitoral/pre-pa/promotorias-eleitorais
Document;http://svlp-plnptapp01.pgr.mpf.mp.br:8401/portal/prepb/institucional/atuacao-do-mp-eleitoral-1;https://www-cdn.mpf.mp.br/atuacao/eleitoral/pre-pb/institucional/atuacao-do-mp-eleitoral-1
Document;http://svlp-plnptapp01.pgr.mpf.mp.br:8401/portal/prepb/institucional/estrutura-do-mpe;https://www-cdn.mpf.mp.br/atuacao/eleitoral/pre-pb/institucional/estrutura-do-mpe
Document;http://svlp-plnptapp01.pgr.mpf.mp.br:8401/portal/prepb/institucional/procurador-regional-eleitoral-1;https://www-cdn.mpf.mp.br/atuacao/eleitoral/pre-pb/institucional/procurador-regional-eleitoral-1
Document;http://svlp-plnptapp01.pgr.mpf.mp.br:8401/portal/prepb/institucional/sobre-o-mp-eleitoral;https://www-cdn.mpf.mp.br/atuacao/eleitoral/pre-pb/institucional/sobre-o-mp-eleitoral
Document;http://svlp-plnptapp01.pgr.mpf.mp.br:8401/portal/prepe/apresentacao;https://www-cdn.mpf.mp.br/atuacao/eleitoral/pre-pe/apresentacao
Document;http://svlp-plnptapp01.pgr.mpf.mp.br:8401/portal/prepe/calendario-eleitoral/calendario-eleitoral;https://www-cdn.mpf.mp.br/atuacao/eleitoral/pre-pe/calendario-eleitoral/calendario-eleitoral
Document;http://svlp-plnptapp01.pgr.mpf.mp.br:8401/portal/prepe/composicao-1/composicao;https://www-cdn.mpf.mp.br/atuacao/eleitoral/pre-pe/composicao-1/composicao
Document;http://svlp-plnptapp01.pgr.mpf.mp.br:8401/portal/prepe/consulta/consulta-processual;https://www-cdn.mpf.mp.br/atuacao/eleitoral/pre-pe/consulta/consulta-processual
Document;http://svlp-plnptapp01.pgr.mpf.mp.br:8401/portal/prepe/denuncias/denuncias-2;https://www-cdn.mpf.mp.br/atuacao/eleitoral/pre-pe/denuncias/denuncias-2
Document;http://svlp-plnptapp01.pgr.mpf.mp.br:8401/portal/prepe/duvidas-frequentes/duvidas-frequentes;https://www-cdn.mpf.mp.br/atuacao/eleitoral/pre-pe/duvidas-frequentes/duvidas-frequentes
Document;http://svlp-plnptapp01.pgr.mpf.mp.br:8401/portal/prepe/fale-conosco;https://www-cdn.mpf.mp.br/atuacao/eleitoral/pre-pe/fale-conosco
Document;http://svlp-plnptapp01.pgr.mpf.mp.br:8401/portal/prepe/imprensa/atendimento-a-imprensa;https://www-cdn.mpf.mp.br/atuacao/eleitoral/pre-pe/imprensa/atendimento-a-imprensa
Document;http://svlp-plnptapp01.pgr.mpf.mp.br:8401/portal/prepe/legislacao/legislacao;https://www-cdn.mpf.mp.br/atuacao/eleitoral/pre-pe/legislacao/legislacao
Document;http://svlp-plnptapp01.pgr.mpf.mp.br:8401/portal/prepe/repositorios/paginas/campanha-pelejando/campanha-pelejando;https://www-cdn.mpf.mp.br/atuacao/eleitoral/pre-pe/repositorios/paginas/campanha-pelejando/campanha-pelejando
Document;http://svlp-plnptapp01.pgr.mpf.mp.br:8401/portal/prepe/repositorios/paginas/momento_cidadania/momento-cidadania;https://www-cdn.mpf.mp.br/atuacao/eleitoral/pre-pe/repositorios/paginas/momento_cidadania/momento-cidadania
Document;http://svlp-plnptapp01.pgr.mpf.mp.br:8401/portal/prepi/composicao;https://www-cdn.mpf.mp.br/atuacao/eleitoral/pre-pi/composicao
Document;http://svlp-plnptapp01.pgr.mpf.mp.br:8401/portal/prepi/contatos/contatos;https://www-cdn.mpf.mp.br/atuacao/eleitoral/pre-pi/contatos/contatos
Document;http://svlp-plnptapp01.pgr.mpf.mp.br:8401/portal/prepi/legislacao-eleitoral;https://www-cdn.mpf.mp.br/atuacao/eleitoral/pre-pi/legislacao-eleitoral
Document;http://svlp-plnptapp01.pgr.mpf.mp.br:8401/portal/prepi/procuradoria-regional-eleitoral;https://www-cdn.mpf.mp.br/atuacao/eleitoral/pre-pi/procuradoria-regional-eleitoral
Document;http://svlp-plnptapp01.pgr.mpf.mp.br:8401/portal/prepi/sobre-os-crimes-eleitorais;https://www-cdn.mpf.mp.br/atuacao/eleitoral/pre-pi/sobre-os-crimes-eleitorais
Document;http://svlp-plnptapp01.pgr.mpf.mp.br:8401/portal/prepr/assedio-eleitoral/assedio-eleitoral-saiba-como-identificar-e-denunciar-2;https://www-cdn.mpf.mp.br/atuacao/eleitoral/pre-pr/assedio-eleitoral/assedio-eleitoral-saiba-como-identificar-e-denunciar-2
Document;http://svlp-plnptapp01.pgr.mpf.mp.br:8401/portal/prepr/orientacoes/orientacoes-promotorias-eleitorais;https://www-cdn.mpf.mp.br/atuacao/eleitoral/pre-pr/orientacoes/orientacoes-promotorias-eleitorais
Document;http://svlp-plnptapp01.pgr.mpf.mp.br:8401/portal/prepr/publicacoes/publicacoes;https://www-cdn.mpf.mp.br/atuacao/eleitoral/pre-pr/publicacoes/publicacoes
Document;http://svlp-plnptapp01.pgr.mpf.mp.br:8401/portal/prerj/assedio-eleitoral-no-trabalho;https://www-cdn.mpf.mp.br/atuacao/eleitoral/pre-rj/assedio-eleitoral-no-trabalho
Document;http://svlp-plnptapp01.pgr.mpf.mp.br:8401/portal/prerj/convenios-e-acordos-de-cooperacao/convenios-e-acordos-de-cooperacao;https://www-cdn.mpf.mp.br/atuacao/eleitoral/pre-rj/convenios-e-acordos-de-cooperacao/convenios-e-acordos-de-cooperacao
Document;http://svlp-plnptapp01.pgr.mpf.mp.br:8401/portal/prerj/cota-de-genero-na-politica-saiba-como-identificar-possiveis-fraudes-e-denuncie;https://www-cdn.mpf.mp.br/atuacao/eleitoral/pre-rj/cota-de-genero-na-politica-saiba-como-identificar-possiveis-fraudes-e-denuncie
Document;http://svlp-plnptapp01.pgr.mpf.mp.br:8401/portal/prerj/denuncia-de-ilicitos-eleitorais-na-internet;https://www-cdn.mpf.mp.br/atuacao/eleitoral/pre-rj/denuncia-de-ilicitos-eleitorais-na-internet
Document;http://svlp-plnptapp01.pgr.mpf.mp.br:8401/portal/prerj/eventos/pre-rj-participa-de-debate-sobre-papel-das-instituicoes-na-defesa-do-estado-democratico-de-direito;https://www-cdn.mpf.mp.br/atuacao/eleitoral/pre-rj/eventos/pre-rj-participa-de-debate-sobre-papel-das-instituicoes-na-defesa-do-estado-democratico-de-direito
Document;http://svlp-plnptapp01.pgr.mpf.mp.br:8401/portal/prerj/institucional/a_pre-rj/sobre-a-procuradoria-regional-eleitoral-no-rio-de-janeiro;https://www-cdn.mpf.mp.br/atuacao/eleitoral/pre-rj/institucional/a_pre-rj/sobre-a-procuradoria-regional-eleitoral-no-rio-de-janeiro
Document;http://svlp-plnptapp01.pgr.mpf.mp.br:8401/portal/prerj/institucional/Atos/conteudo/desincompatibilizacao;https://www-cdn.mpf.mp.br/atuacao/eleitoral/pre-rj/institucional/Atos/conteudo/desincompatibilizacao
Document;http://svlp-plnptapp01.pgr.mpf.mp.br:8401/portal/prerj/institucional/Atos/conteudo/percentual-de-genero-em-candidatura;https://www-cdn.mpf.mp.br/atuacao/eleitoral/pre-rj/institucional/Atos/conteudo/percentual-de-genero-em-candidatura
Document;http://svlp-plnptapp01.pgr.mpf.mp.br:8401/portal/prerj/institucional/Atos/conteudo/percentual-de-genero-em-propaganda-partidaria;https://www-cdn.mpf.mp.br/atuacao/eleitoral/pre-rj/institucional/Atos/conteudo/percentual-de-genero-em-propaganda-partidaria
Document;http://svlp-plnptapp01.pgr.mpf.mp.br:8401/portal/prerj/institucional/atuacao-da-pre-ba/atuacao-do-ministerio-publico-eleitoral;https://www-cdn.mpf.mp.br/atuacao/eleitoral/pre-rj/institucional/atuacao-da-pre-ba/atuacao-do-ministerio-publico-eleitoral
Document;http://svlp-plnptapp01.pgr.mpf.mp.br:8401/portal/prerj/institucional/galeria-de-procuradores/galeria-de-procuradores-regionais-eleitorais-na;https://www-cdn.mpf.mp.br/atuacao/eleitoral/pre-rj/institucional/galeria-de-procuradores/galeria-de-procuradores-regionais-eleitorais-na
Document;http://svlp-plnptapp01.pgr.mpf.mp.br:8401/portal/prerj/institucional/ilicitos-eleitorais/ilicitos-eleitorais-e-condutas-vedadas-aos-agentes-publicos;https://www-cdn.mpf.mp.br/atuacao/eleitoral/pre-rj/institucional/ilicitos-eleitorais/ilicitos-eleitorais-e-condutas-vedadas-aos-agentes-publicos
Document;http://svlp-plnptapp01.pgr.mpf.mp.br:8401/portal/prerj/institucional/legislacao/portarias-de-designacao-de-promotores-eleitorais/portarias-de-designacao-e-movimentacao-de-promotores-eleitorais-em-2016;https://www-cdn.mpf.mp.br/atuacao/eleitoral/pre-rj/institucional/legislacao/portarias-de-designacao-de-promotores-eleitorais/portarias-de-designacao-e-movimentacao-de-promotores-eleitorais-em-2016
Document;http://svlp-plnptapp01.pgr.mpf.mp.br:8401/portal/prerj/institucional/legislacao/portarias-de-designacao-de-promotores-eleitorais/portarias-de-designacao-e-movimentacao-de-promotores-eleitorais-em-2017;https://www-cdn.mpf.mp.br/atuacao/eleitoral/pre-rj/institucional/legislacao/portarias-de-designacao-de-promotores-eleitorais/portarias-de-designacao-e-movimentacao-de-promotores-eleitorais-em-2017
Document;http://svlp-plnptapp01.pgr.mpf.mp.br:8401/portal/prerj/institucional/legislacao/portarias-de-designacao-de-promotores-eleitorais/portarias-de-designacao-e-movimentacao-de-promotores-eleitorais-em-2018;https://www-cdn.mpf.mp.br/atuacao/eleitoral/pre-rj/institucional/legislacao/portarias-de-designacao-de-promotores-eleitorais/portarias-de-designacao-e-movimentacao-de-promotores-eleitorais-em-2018
Document;http://svlp-plnptapp01.pgr.mpf.mp.br:8401/portal/prerj/institucional/o-mpe/estrutura-do-mpe;https://www-cdn.mpf.mp.br/atuacao/eleitoral/pre-rj/institucional/o-mpe/estrutura-do-mpe
Document;http://svlp-plnptapp01.pgr.mpf.mp.br:8401/portal/prerj/institucional/tipos-de-acao/acoes-propostas;https://www-cdn.mpf.mp.br/atuacao/eleitoral/pre-rj/institucional/tipos-de-acao/acoes-propostas
Document;http://svlp-plnptapp01.pgr.mpf.mp.br:8401/portal/prerj/servicos-pre/carta-compromisso/diretorios-partidarios-signatarios;https://www-cdn.mpf.mp.br/atuacao/eleitoral/pre-rj/servicos-pre/carta-compromisso/diretorios-partidarios-signatarios
Document;http://svlp-plnptapp01.pgr.mpf.mp.br:8401/portal/prerj/servicos-pre/legislacao-eleitoral/legislacao;https://www-cdn.mpf.mp.br/atuacao/eleitoral/pre-rj/servicos-pre/legislacao-eleitoral/legislacao
Document;http://svlp-plnptapp01.pgr.mpf.mp.br:8401/portal/prerj/servicos-pre/manifestacoes/manifestacoes-1/banco-de-manifestacoes-da-pre-rj-no-bienio-2016-2017;https://www-cdn.mpf.mp.br/atuacao/eleitoral/pre-rj/servicos-pre/manifestacoes/manifestacoes-1/banco-de-manifestacoes-da-pre-rj-no-bienio-2016-2017
Document;http://svlp-plnptapp01.pgr.mpf.mp.br:8401/portal/prerj/servicos-pre/manifestacoes/pre-ba/acao-de-investigacao-judicial-eleitoral/acao-de-investigacao-judicial-eleitoral;https://www-cdn.mpf.mp.br/atuacao/eleitoral/pre-rj/servicos-pre/manifestacoes/pre-ba/acao-de-investigacao-judicial-eleitoral/acao-de-investigacao-judicial-eleitoral
Document;http://svlp-plnptapp01.pgr.mpf.mp.br:8401/portal/prerj/servicos-pre/manifestacoes/pre-ba/acoes-de-decretacao-de-perda-de-cargo-eletivo/acao-de-decretacao-de-perda-de-cargo-eletivo;https://www-cdn.mpf.mp.br/atuacao/eleitoral/pre-rj/servicos-pre/manifestacoes/pre-ba/acoes-de-decretacao-de-perda-de-cargo-eletivo/acao-de-decretacao-de-perda-de-cargo-eletivo
Document;http://svlp-plnptapp01.pgr.mpf.mp.br:8401/portal/prerj/servicos-pre/manifestacoes/pre-ba/acoes-de-decretacao-de-perda-de-cargo-eletivo/acao-de-decretacao-de-perda-de-cargo-eletivo.pdf;https://www-cdn.mpf.mp.br/atuacao/eleitoral/pre-rj/servicos-pre/manifestacoes/pre-ba/acoes-de-decretacao-de-perda-de-cargo-eletivo/acao-de-decretacao-de-perda-de-cargo-eletivo.pdf
Document;http://svlp-plnptapp01.pgr.mpf.mp.br:8401/portal/prerj/servicos-pre/manifestacoes/pre-ba/diversos/diversos;https://www-cdn.mpf.mp.br/atuacao/eleitoral/pre-rj/servicos-pre/manifestacoes/pre-ba/diversos/diversos
Document;http://svlp-plnptapp01.pgr.mpf.mp.br:8401/portal/prerj/servicos-pre/manifestacoes/pre-ba/doacoes-ilicitas/doacoes-ilicitas;https://www-cdn.mpf.mp.br/atuacao/eleitoral/pre-rj/servicos-pre/manifestacoes/pre-ba/doacoes-ilicitas/doacoes-ilicitas
Document;http://svlp-plnptapp01.pgr.mpf.mp.br:8401/portal/prerj/servicos-pre/manifestacoes/pre-ba/portarias-orientacoes-e-instrucoes-normativas/recomendacao;https://www-cdn.mpf.mp.br/atuacao/eleitoral/pre-rj/servicos-pre/manifestacoes/pre-ba/portarias-orientacoes-e-instrucoes-normativas/recomendacao
Document;http://svlp-plnptapp01.pgr.mpf.mp.br:8401/portal/prerj/servicos-pre/manifestacoes/pre-ba/propaganda/propaganda-antecipada/propaganda-irregular;https://www-cdn.mpf.mp.br/atuacao/eleitoral/pre-rj/servicos-pre/manifestacoes/pre-ba/propaganda/propaganda-antecipada/propaganda-irregular
Document;http://svlp-plnptapp01.pgr.mpf.mp.br:8401/portal/prerj/servicos-pre/manifestacoes/pre-ba/propaganda/propaganda-eleitoral/propaganda-eleitoral;https://www-cdn.mpf.mp.br/atuacao/eleitoral/pre-rj/servicos-pre/manifestacoes/pre-ba/propaganda/propaganda-eleitoral/propaganda-eleitoral
Document;http://svlp-plnptapp01.pgr.mpf.mp.br:8401/portal/prerj/servicos-pre/manifestacoes/pre-ba/propaganda/propaganda-partidaria/propaganda-partidaria;https://www-cdn.mpf.mp.br/atuacao/eleitoral/pre-rj/servicos-pre/manifestacoes/pre-ba/propaganda/propaganda-partidaria/propaganda-partidaria
Document;http://svlp-plnptapp01.pgr.mpf.mp.br:8401/portal/prerj/servicos-pre/manifestacoes/pre-ba/recomendacoes/recomendacoes;https://www-cdn.mpf.mp.br/atuacao/eleitoral/pre-rj/servicos-pre/manifestacoes/pre-ba/recomendacoes/recomendacoes
Document;http://svlp-plnptapp01.pgr.mpf.mp.br:8401/portal/prerj/servicos-pre/manifestacoes/pre-ba/recursos-acoes-de-impugnacao-eleicoes-2010/recursos-acoes-de-impugnacao-eleicoes-2010;https://www-cdn.mpf.mp.br/atuacao/eleitoral/pre-rj/servicos-pre/manifestacoes/pre-ba/recursos-acoes-de-impugnacao-eleicoes-2010/recursos-acoes-de-impugnacao-eleicoes-2010
Document;http://svlp-plnptapp01.pgr.mpf.mp.br:8401/portal/prerj/servicos-pre/manifestacoes/pre-ba/recursos-contra-expedicao-de-diploma-eleitoral/recursos-contra-expedicao-de-diploma-eleitoral;https://www-cdn.mpf.mp.br/atuacao/eleitoral/pre-rj/servicos-pre/manifestacoes/pre-ba/recursos-contra-expedicao-de-diploma-eleitoral/recursos-contra-expedicao-de-diploma-eleitoral
Document;http://svlp-plnptapp01.pgr.mpf.mp.br:8401/portal/prerj/servicos-pre/manifestacoes/representacoes/controle-das-representacoes-ajuizadas-no-1o-semestre-de-2016-2013-pre-rj;https://www-cdn.mpf.mp.br/atuacao/eleitoral/pre-rj/servicos-pre/manifestacoes/representacoes/controle-das-representacoes-ajuizadas-no-1o-semestre-de-2016-2013-pre-rj
Document;http://svlp-plnptapp01.pgr.mpf.mp.br:8401/portal/prerj/servicos-pre/perguntas-frequentes/tire-as-suas-duvidas;https://www-cdn.mpf.mp.br/atuacao/eleitoral/pre-rj/servicos-pre/perguntas-frequentes/tire-as-suas-duvidas
Document;http://svlp-plnptapp01.pgr.mpf.mp.br:8401/portal/prerj/servicos-pre/promotores/promotores-area-restrita;https://www-cdn.mpf.mp.br/atuacao/eleitoral/pre-rj/servicos-pre/promotores/promotores-area-restrita
Document;http://svlp-plnptapp01.pgr.mpf.mp.br:8401/portal/prerj/voce-ja-ouviu-falar-do-crime-eleitoral-de-violencia-politica-de-genero-1;https://www-cdn.mpf.mp.br/atuacao/eleitoral/pre-rj/voce-ja-ouviu-falar-do-crime-eleitoral-de-violencia-politica-de-genero-1
Document;http://svlp-plnptapp01.pgr.mpf.mp.br:8401/portal/prern/composicao-e-atuacao;https://www-cdn.mpf.mp.br/atuacao/eleitoral/pre-rn/composicao-e-atuacao
Document;http://svlp-plnptapp01.pgr.mpf.mp.br:8401/portal/prero/atuacao/acoes-de-impugnacao/2014/2014;https://www-cdn.mpf.mp.br/atuacao/eleitoral/pre-ro/atuacao/acoes-de-impugnacao/2014/2014
Document;http://svlp-plnptapp01.pgr.mpf.mp.br:8401/portal/prero/atuacao/formas-de-atuacao/formas-de-atuacao;https://www-cdn.mpf.mp.br/atuacao/eleitoral/pre-ro/atuacao/formas-de-atuacao/formas-de-atuacao
Document;http://svlp-plnptapp01.pgr.mpf.mp.br:8401/portal/prero/atuacao/portarias/2009/2009;https://www-cdn.mpf.mp.br/atuacao/eleitoral/pre-ro/atuacao/portarias/2009/2009
Document;http://svlp-plnptapp01.pgr.mpf.mp.br:8401/portal/prero/atuacao/portarias/2010/2010;https://www-cdn.mpf.mp.br/atuacao/eleitoral/pre-ro/atuacao/portarias/2010/2010
Document;http://svlp-plnptapp01.pgr.mpf.mp.br:8401/portal/prero/atuacao/portarias/2011/2011;https://www-cdn.mpf.mp.br/atuacao/eleitoral/pre-ro/atuacao/portarias/2011/2011
Document;http://svlp-plnptapp01.pgr.mpf.mp.br:8401/portal/prero/atuacao/portarias/2012/2012;https://www-cdn.mpf.mp.br/atuacao/eleitoral/pre-ro/atuacao/portarias/2012/2012
Document;http://svlp-plnptapp01.pgr.mpf.mp.br:8401/portal/prero/atuacao/portarias/2013/2013;https://www-cdn.mpf.mp.br/atuacao/eleitoral/pre-ro/atuacao/portarias/2013/2013
Document;http://svlp-plnptapp01.pgr.mpf.mp.br:8401/portal/prero/atuacao/portarias/2014/2014;https://www-cdn.mpf.mp.br/atuacao/eleitoral/pre-ro/atuacao/portarias/2014/2014
Document;http://svlp-plnptapp01.pgr.mpf.mp.br:8401/portal/prero/atuacao/portarias/2014/portarias-de-nomeacao-e-designacao;https://www-cdn.mpf.mp.br/atuacao/eleitoral/pre-ro/atuacao/portarias/2014/portarias-de-nomeacao-e-designacao
Document;http://svlp-plnptapp01.pgr.mpf.mp.br:8401/portal/prero/atuacao/portarias/2014/portarias-de-regulamentacao;https://www-cdn.mpf.mp.br/atuacao/eleitoral/pre-ro/atuacao/portarias/2014/portarias-de-regulamentacao
Document;http://svlp-plnptapp01.pgr.mpf.mp.br:8401/portal/prero/atuacao/portarias/2015/2015;https://www-cdn.mpf.mp.br/atuacao/eleitoral/pre-ro/atuacao/portarias/2015/2015
Document;http://svlp-plnptapp01.pgr.mpf.mp.br:8401/portal/prero/atuacao/portarias/2016/2016;https://www-cdn.mpf.mp.br/atuacao/eleitoral/pre-ro/atuacao/portarias/2016/2016
Document;http://svlp-plnptapp01.pgr.mpf.mp.br:8401/portal/prero/atuacao/recomendacoes/2010/2010;https://www-cdn.mpf.mp.br/atuacao/eleitoral/pre-ro/atuacao/recomendacoes/2010/2010
Document;http://svlp-plnptapp01.pgr.mpf.mp.br:8401/portal/prero/atuacao/recomendacoes/2014/2014;https://www-cdn.mpf.mp.br/atuacao/eleitoral/pre-ro/atuacao/recomendacoes/2014/2014
Document;http://svlp-plnptapp01.pgr.mpf.mp.br:8401/portal/prero/atuacao/recomendacoes/2015/2015;https://www-cdn.mpf.mp.br/atuacao/eleitoral/pre-ro/atuacao/recomendacoes/2015/2015
Document;http://svlp-plnptapp01.pgr.mpf.mp.br:8401/portal/prero/atuacao/recomendacoes/2016/2016;https://www-cdn.mpf.mp.br/atuacao/eleitoral/pre-ro/atuacao/recomendacoes/2016/2016
Document;http://svlp-plnptapp01.pgr.mpf.mp.br:8401/portal/prero/atuacao/recomendacoes/2018/2018;https://www-cdn.mpf.mp.br/atuacao/eleitoral/pre-ro/atuacao/recomendacoes/2018/2018
Document;http://svlp-plnptapp01.pgr.mpf.mp.br:8401/portal/prero/atuacao/recursos/2010/2010;https://www-cdn.mpf.mp.br/atuacao/eleitoral/pre-ro/atuacao/recursos/2010/2010
Document;http://svlp-plnptapp01.pgr.mpf.mp.br:8401/portal/prero/atuacao/representacoes-e-pareceres/2008/2008;https://www-cdn.mpf.mp.br/atuacao/eleitoral/pre-ro/atuacao/representacoes-e-pareceres/2008/2008
Document;http://svlp-plnptapp01.pgr.mpf.mp.br:8401/portal/prero/atuacao/representacoes-e-pareceres/2009/2009;https://www-cdn.mpf.mp.br/atuacao/eleitoral/pre-ro/atuacao/representacoes-e-pareceres/2009/2009
Document;http://svlp-plnptapp01.pgr.mpf.mp.br:8401/portal/prero/atuacao/representacoes-e-pareceres/2010/2010;https://www-cdn.mpf.mp.br/atuacao/eleitoral/pre-ro/atuacao/representacoes-e-pareceres/2010/2010
Document;http://svlp-plnptapp01.pgr.mpf.mp.br:8401/portal/prero/atuacao/representacoes-e-pareceres/2014/2014;https://www-cdn.mpf.mp.br/atuacao/eleitoral/pre-ro/atuacao/representacoes-e-pareceres/2014/2014
Document;http://svlp-plnptapp01.pgr.mpf.mp.br:8401/portal/prero/institucional/mp-eleitoral/mp-eleitoral;https://www-cdn.mpf.mp.br/atuacao/eleitoral/pre-ro/institucional/mp-eleitoral/mp-eleitoral
Document;http://svlp-plnptapp01.pgr.mpf.mp.br:8401/portal/prero/institucional/procuradoria-regional-eleitoral/procuradoria-regional-eleitoral-em-rondonia;https://www-cdn.mpf.mp.br/atuacao/eleitoral/pre-ro/institucional/procuradoria-regional-eleitoral/procuradoria-regional-eleitoral-em-rondonia
Document;http://svlp-plnptapp01.pgr.mpf.mp.br:8401/portal/prero/institucional/promotorias-eleitorais/promotorias-eleitorais-em-rondonia;https://www-cdn.mpf.mp.br/atuacao/eleitoral/pre-ro/institucional/promotorias-eleitorais/promotorias-eleitorais-em-rondonia
Document;http://svlp-plnptapp01.pgr.mpf.mp.br:8401/portal/prero/servicos-prero/calendario-eleitoral-2016/calendario-eleitoral-2016;https://www-cdn.mpf.mp.br/atuacao/eleitoral/pre-ro/servicos-prero/calendario-eleitoral-2016/calendario-eleitoral-2016
Document;http://svlp-plnptapp01.pgr.mpf.mp.br:8401/portal/prero/servicos-prero/duvidas-frequentes/duvidas-frequentes;https://www-cdn.mpf.mp.br/atuacao/eleitoral/pre-ro/servicos-prero/duvidas-frequentes/duvidas-frequentes
Document;http://svlp-plnptapp01.pgr.mpf.mp.br:8401/portal/prerr/institucional/composicao;https://www-cdn.mpf.mp.br/atuacao/eleitoral/pre-rr/institucional/composicao
Document;http://svlp-plnptapp01.pgr.mpf.mp.br:8401/portal/prers/institucional/composicao-1/composicao;https://www-cdn.mpf.mp.br/atuacao/eleitoral/pre-rs/institucional/composicao-1/composicao
Document;http://svlp-plnptapp01.pgr.mpf.mp.br:8401/portal/prers/institucional/historico-1/historico;https://www-cdn.mpf.mp.br/atuacao/eleitoral/pre-rs/institucional/historico-1/historico
Document;http://svlp-plnptapp01.pgr.mpf.mp.br:8401/portal/prers/institucional/sobre/procuradoria-regional-eleitoral;https://www-cdn.mpf.mp.br/atuacao/eleitoral/pre-rs/institucional/sobre/procuradoria-regional-eleitoral
Document;http://svlp-plnptapp01.pgr.mpf.mp.br:8401/portal/presc/composicao;https://www-cdn.mpf.mp.br/atuacao/eleitoral/pre-sc/composicao
Document;http://svlp-plnptapp01.pgr.mpf.mp.br:8401/portal/presc/duvidas-frequentes;https://www-cdn.mpf.mp.br/atuacao/eleitoral/pre-sc/duvidas-frequentes
Document;http://svlp-plnptapp01.pgr.mpf.mp.br:8401/portal/presc/eleitoral;https://www-cdn.mpf.mp.br/atuacao/eleitoral/pre-sc/eleitoral
Document;http://svlp-plnptapp01.pgr.mpf.mp.br:8401/portal/presc/glossario-eleitoral-brasileiro;https://www-cdn.mpf.mp.br/atuacao/eleitoral/pre-sc/glossario-eleitoral-brasileiro
Document;http://svlp-plnptapp01.pgr.mpf.mp.br:8401/portal/presc/institucional;https://www-cdn.mpf.mp.br/atuacao/eleitoral/pre-sc/institucional
Document;http://svlp-plnptapp01.pgr.mpf.mp.br:8401/portal/presc/legislacao-eleitoral;https://www-cdn.mpf.mp.br/atuacao/eleitoral/pre-sc/legislacao-eleitoral
Document;http://svlp-plnptapp01.pgr.mpf.mp.br:8401/portal/presc/pareceres;https://www-cdn.mpf.mp.br/atuacao/eleitoral/pre-sc/pareceres
Document;http://svlp-plnptapp01.pgr.mpf.mp.br:8401/portal/presc/promotorias-por-zonas;https://www-cdn.mpf.mp.br/atuacao/eleitoral/pre-sc/promotorias-por-zonas
Document;http://svlp-plnptapp01.pgr.mpf.mp.br:8401/portal/presc/zonas-eleitorais;https://www-cdn.mpf.mp.br/atuacao/eleitoral/pre-sc/zonas-eleitorais
Document;http://svlp-plnptapp01.pgr.mpf.mp.br:8401/portal/prese/faca-sua-denuncia;https://www-cdn.mpf.mp.br/atuacao/eleitoral/pre-se/faca-sua-denuncia
Document;http://svlp-plnptapp01.pgr.mpf.mp.br:8401/portal/prese/institucional/procuradoria-regional-eleitoral;https://www-cdn.mpf.mp.br/atuacao/eleitoral/pre-se/institucional/procuradoria-regional-eleitoral
Document;http://svlp-plnptapp01.pgr.mpf.mp.br:8401/portal/prese/institucional/sobre-o-mpe;https://www-cdn.mpf.mp.br/atuacao/eleitoral/pre-se/institucional/sobre-o-mpe
Document;http://svlp-plnptapp01.pgr.mpf.mp.br:8401/portal/presp/artigos/artigos;https://www-cdn.mpf.mp.br/atuacao/eleitoral/pre-sp/artigos/artigos
Document;http://svlp-plnptapp01.pgr.mpf.mp.br:8401/portal/presp/cidadao/conheca-mais-ministerio-publico-eleitoral;https://www-cdn.mpf.mp.br/atuacao/eleitoral/pre-sp/cidadao/conheca-mais-ministerio-publico-eleitoral
Document;http://svlp-plnptapp01.pgr.mpf.mp.br:8401/portal/presp/cidadao/duvidas-frequentes;https://www-cdn.mpf.mp.br/atuacao/eleitoral/pre-sp/cidadao/duvidas-frequentes
Document;http://svlp-plnptapp01.pgr.mpf.mp.br:8401/portal/presp/cidadao/paginas-da-duvidas-frequentes/ate-quando-pode-ser-veiculada-a-propaganda-eleitoral-o-que-e-proibido-no-dia-da-eleicao;https://www-cdn.mpf.mp.br/atuacao/eleitoral/pre-sp/cidadao/paginas-da-duvidas-frequentes/ate-quando-pode-ser-veiculada-a-propaganda-eleitoral-o-que-e-proibido-no-dia-da-eleicao
Document;http://svlp-plnptapp01.pgr.mpf.mp.br:8401/portal/presp/cidadao/paginas-da-duvidas-frequentes/como-deve-ser-a-prestacao-de-contas-dos-partidos-durante-as-eleicoes-quem-fiscaliza;https://www-cdn.mpf.mp.br/atuacao/eleitoral/pre-sp/cidadao/paginas-da-duvidas-frequentes/como-deve-ser-a-prestacao-de-contas-dos-partidos-durante-as-eleicoes-quem-fiscaliza
Document;http://svlp-plnptapp01.pgr.mpf.mp.br:8401/portal/presp/cidadao/paginas-da-duvidas-frequentes/como-saber-o-que-e-e-o-que-nao-e-permitido-nas-eleicoes;https://www-cdn.mpf.mp.br/atuacao/eleitoral/pre-sp/cidadao/paginas-da-duvidas-frequentes/como-saber-o-que-e-e-o-que-nao-e-permitido-nas-eleicoes
Document;http://svlp-plnptapp01.pgr.mpf.mp.br:8401/portal/presp/cidadao/paginas-da-duvidas-frequentes/ha-alguma-proibicao-quanto-ao-recebimento-de-doacoes;https://www-cdn.mpf.mp.br/atuacao/eleitoral/pre-sp/cidadao/paginas-da-duvidas-frequentes/ha-alguma-proibicao-quanto-ao-recebimento-de-doacoes
Document;http://svlp-plnptapp01.pgr.mpf.mp.br:8401/portal/presp/cidadao/paginas-da-duvidas-frequentes/ha-irregularidades-na-area-eleitoral-que-sao-consideradas-crimes;https://www-cdn.mpf.mp.br/atuacao/eleitoral/pre-sp/cidadao/paginas-da-duvidas-frequentes/ha-irregularidades-na-area-eleitoral-que-sao-consideradas-crimes
Document;http://svlp-plnptapp01.pgr.mpf.mp.br:8401/portal/presp/cidadao/paginas-da-duvidas-frequentes/ha-outras-condutas-proibidas-aos-ocupantes-ou-candidatos-a-cargos-do-poder-executivo;https://www-cdn.mpf.mp.br/atuacao/eleitoral/pre-sp/cidadao/paginas-da-duvidas-frequentes/ha-outras-condutas-proibidas-aos-ocupantes-ou-candidatos-a-cargos-do-poder-executivo
Document;http://svlp-plnptapp01.pgr.mpf.mp.br:8401/portal/presp/cidadao/paginas-da-duvidas-frequentes/o-eleitor-pode-ser-preso-no-dia-da-eleicao;https://www-cdn.mpf.mp.br/atuacao/eleitoral/pre-sp/cidadao/paginas-da-duvidas-frequentes/o-eleitor-pode-ser-preso-no-dia-da-eleicao
Document;http://svlp-plnptapp01.pgr.mpf.mp.br:8401/portal/presp/cidadao/paginas-da-duvidas-frequentes/o-que-acontece-quando-os-candidatos-sao-inelegiveis;https://www-cdn.mpf.mp.br/atuacao/eleitoral/pre-sp/cidadao/paginas-da-duvidas-frequentes/o-que-acontece-quando-os-candidatos-sao-inelegiveis
Document;http://svlp-plnptapp01.pgr.mpf.mp.br:8401/portal/presp/cidadao/paginas-da-duvidas-frequentes/o-que-caracteriza-a-compra-de-votos-a-que-penas-esta-sujeito-quem-praticar-esse-crime;https://www-cdn.mpf.mp.br/atuacao/eleitoral/pre-sp/cidadao/paginas-da-duvidas-frequentes/o-que-caracteriza-a-compra-de-votos-a-que-penas-esta-sujeito-quem-praticar-esse-crime
Document;http://svlp-plnptapp01.pgr.mpf.mp.br:8401/portal/presp/cidadao/paginas-da-duvidas-frequentes/o-que-deve-ser-feito-com-as-sobras-de-campanha;https://www-cdn.mpf.mp.br/atuacao/eleitoral/pre-sp/cidadao/paginas-da-duvidas-frequentes/o-que-deve-ser-feito-com-as-sobras-de-campanha
Document;http://svlp-plnptapp01.pgr.mpf.mp.br:8401/portal/presp/cidadao/paginas-da-duvidas-frequentes/o-que-e-diplomacao;https://www-cdn.mpf.mp.br/atuacao/eleitoral/pre-sp/cidadao/paginas-da-duvidas-frequentes/o-que-e-diplomacao
Document;http://svlp-plnptapp01.pgr.mpf.mp.br:8401/portal/presp/cidadao/paginas-da-duvidas-frequentes/o-que-e-permitido-em-termos-de-propaganda-eleitoral;https://www-cdn.mpf.mp.br/atuacao/eleitoral/pre-sp/cidadao/paginas-da-duvidas-frequentes/o-que-e-permitido-em-termos-de-propaganda-eleitoral
Document;http://svlp-plnptapp01.pgr.mpf.mp.br:8401/portal/presp/cidadao/paginas-da-duvidas-frequentes/o-que-e-proibido-em-termos-de-propaganda-eleitoral-nos-dias-anteriores-ao-da-votacao;https://www-cdn.mpf.mp.br/atuacao/eleitoral/pre-sp/cidadao/paginas-da-duvidas-frequentes/o-que-e-proibido-em-termos-de-propaganda-eleitoral-nos-dias-anteriores-ao-da-votacao
Document;http://svlp-plnptapp01.pgr.mpf.mp.br:8401/portal/presp/cidadao/paginas-da-duvidas-frequentes/o-que-mais-deve-ser-observado-na-propaganda-eleitoral;https://www-cdn.mpf.mp.br/atuacao/eleitoral/pre-sp/cidadao/paginas-da-duvidas-frequentes/o-que-mais-deve-ser-observado-na-propaganda-eleitoral
Document;http://svlp-plnptapp01.pgr.mpf.mp.br:8401/portal/presp/cidadao/paginas-da-duvidas-frequentes/onde-devem-ser-depositados-os-recursos-recebidos-para-a-campanha;https://www-cdn.mpf.mp.br/atuacao/eleitoral/pre-sp/cidadao/paginas-da-duvidas-frequentes/onde-devem-ser-depositados-os-recursos-recebidos-para-a-campanha
Document;http://svlp-plnptapp01.pgr.mpf.mp.br:8401/portal/presp/cidadao/paginas-da-duvidas-frequentes/quais-as-condutas-vedadas-aos-agentes-publicos-servidores-ou-nao-no-periodo-de-campanha-eleitoral-quais-as-penalidades-a-que-esta-sujeito-quem-assumir-as-condutas-proibidas-por-lei;https://www-cdn.mpf.mp.br/atuacao/eleitoral/pre-sp/cidadao/paginas-da-duvidas-frequentes/quais-as-condutas-vedadas-aos-agentes-publicos-servidores-ou-nao-no-periodo-de-campanha-eleitoral-quais-as-penalidades-a-que-esta-sujeito-quem-assumir-as-condutas-proibidas-por-lei
Document;http://svlp-plnptapp01.pgr.mpf.mp.br:8401/portal/presp/cidadao/paginas-da-duvidas-frequentes/quem-designa-os-promotores-eleitorais-e-um-por-municipio;https://www-cdn.mpf.mp.br/atuacao/eleitoral/pre-sp/cidadao/paginas-da-duvidas-frequentes/quem-designa-os-promotores-eleitorais-e-um-por-municipio
Document;http://svlp-plnptapp01.pgr.mpf.mp.br:8401/portal/presp/cidadao/paginas-da-duvidas-frequentes/quem-e-o-chefe-do-ministerio-publico-eleitoral;https://www-cdn.mpf.mp.br/atuacao/eleitoral/pre-sp/cidadao/paginas-da-duvidas-frequentes/quem-e-o-chefe-do-ministerio-publico-eleitoral
Document;http://svlp-plnptapp01.pgr.mpf.mp.br:8401/portal/presp/cidadao/paginas-da-duvidas-frequentes/quem-julga-as-acoes-propostas-pelo-ministerio-publico-eleitoral;https://www-cdn.mpf.mp.br/atuacao/eleitoral/pre-sp/cidadao/paginas-da-duvidas-frequentes/quem-julga-as-acoes-propostas-pelo-ministerio-publico-eleitoral
Document;http://svlp-plnptapp01.pgr.mpf.mp.br:8401/portal/presp/cidadao/paginas-da-duvidas-frequentes/se-souber-de-alguma-irregularidade-ligada-as-eleicoes-o-que-devo-fazer;https://www-cdn.mpf.mp.br/atuacao/eleitoral/pre-sp/cidadao/paginas-da-duvidas-frequentes/se-souber-de-alguma-irregularidade-ligada-as-eleicoes-o-que-devo-fazer
Document;http://svlp-plnptapp01.pgr.mpf.mp.br:8401/portal/presp/cidadao/paginas-de-grandes-temas-de-direito-eleitoral/assistencia-juridica-gratuita-na-justica-eleitoral;https://www-cdn.mpf.mp.br/atuacao/eleitoral/pre-sp/cidadao/paginas-de-grandes-temas-de-direito-eleitoral/assistencia-juridica-gratuita-na-justica-eleitoral
Document;http://svlp-plnptapp01.pgr.mpf.mp.br:8401/portal/presp/cidadao/paginas-de-grandes-temas-de-direito-eleitoral/direito-de-voto-dos-presos-provisorios;https://www-cdn.mpf.mp.br/atuacao/eleitoral/pre-sp/cidadao/paginas-de-grandes-temas-de-direito-eleitoral/direito-de-voto-dos-presos-provisorios
Document;http://svlp-plnptapp01.pgr.mpf.mp.br:8401/portal/presp/cidadao/paginas-de-grandes-temas-de-direito-eleitoral/mulheres-na-politica/normas;https://www-cdn.mpf.mp.br/atuacao/eleitoral/pre-sp/cidadao/paginas-de-grandes-temas-de-direito-eleitoral/mulheres-na-politica/normas
Document;http://svlp-plnptapp01.pgr.mpf.mp.br:8401/portal/presp/cidadao/paginas-de-grandes-temas-de-direito-eleitoral/mulheres-na-politica/outroslinks;https://www-cdn.mpf.mp.br/atuacao/eleitoral/pre-sp/cidadao/paginas-de-grandes-temas-de-direito-eleitoral/mulheres-na-politica/outroslinks
Document;http://svlp-plnptapp01.pgr.mpf.mp.br:8401/portal/presp/cidadao/paginas-de-grandes-temas-de-direito-eleitoral/mulheres-na-politica/resolucoes;https://www-cdn.mpf.mp.br/atuacao/eleitoral/pre-sp/cidadao/paginas-de-grandes-temas-de-direito-eleitoral/mulheres-na-politica/resolucoes
Document;http://svlp-plnptapp01.pgr.mpf.mp.br:8401/portal/presp/cidadao/paginas-de-grandes-temas-de-direito-eleitoral/mulheres-na-politica/texto-principal;https://www-cdn.mpf.mp.br/atuacao/eleitoral/pre-sp/cidadao/paginas-de-grandes-temas-de-direito-eleitoral/mulheres-na-politica/texto-principal
Document;http://svlp-plnptapp01.pgr.mpf.mp.br:8401/portal/presp/cidadao/paginas-de-grandes-temas-de-direito-eleitoral/observatorio-do-eleitor-com-deficiencia/direitos-1;https://www-cdn.mpf.mp.br/atuacao/eleitoral/pre-sp/cidadao/paginas-de-grandes-temas-de-direito-eleitoral/observatorio-do-eleitor-com-deficiencia/direitos-1
Document;http://svlp-plnptapp01.pgr.mpf.mp.br:8401/portal/presp/cidadao/paginas-de-grandes-temas-de-direito-eleitoral/observatorio-do-eleitor-com-deficiencia/normas;https://www-cdn.mpf.mp.br/atuacao/eleitoral/pre-sp/cidadao/paginas-de-grandes-temas-de-direito-eleitoral/observatorio-do-eleitor-com-deficiencia/normas
Document;http://svlp-plnptapp01.pgr.mpf.mp.br:8401/portal/presp/cidadao/paginas-de-grandes-temas-de-direito-eleitoral/observatorio-do-eleitor-com-deficiencia/outros-links-1;https://www-cdn.mpf.mp.br/atuacao/eleitoral/pre-sp/cidadao/paginas-de-grandes-temas-de-direito-eleitoral/observatorio-do-eleitor-com-deficiencia/outros-links-1
Document;http://svlp-plnptapp01.pgr.mpf.mp.br:8401/portal/presp/cidadao/paginas-de-grandes-temas-de-direito-eleitoral/observatorio-do-eleitor-com-deficiencia/resolucoes-1;https://www-cdn.mpf.mp.br/atuacao/eleitoral/pre-sp/cidadao/paginas-de-grandes-temas-de-direito-eleitoral/observatorio-do-eleitor-com-deficiencia/resolucoes-1
Document;http://svlp-plnptapp01.pgr.mpf.mp.br:8401/portal/presp/cidadao/paginas-de-grandes-temas-de-direito-eleitoral/observatorio-do-eleitor-com-deficiencia/resolucoes/resolucao-no-21-008-de-5-de-marco-de-2002;https://www-cdn.mpf.mp.br/atuacao/eleitoral/pre-sp/cidadao/paginas-de-grandes-temas-de-direito-eleitoral/observatorio-do-eleitor-com-deficiencia/resolucoes/resolucao-no-21-008-de-5-de-marco-de-2002
Document;http://svlp-plnptapp01.pgr.mpf.mp.br:8401/portal/presp/cidadao/paginas-de-grandes-temas-de-direito-eleitoral/observatorio-do-eleitor-com-deficiencia/resolucoes/resolucao-no-21.819;https://www-cdn.mpf.mp.br/atuacao/eleitoral/pre-sp/cidadao/paginas-de-grandes-temas-de-direito-eleitoral/observatorio-do-eleitor-com-deficiencia/resolucoes/resolucao-no-21.819
Document;http://svlp-plnptapp01.pgr.mpf.mp.br:8401/portal/presp/cidadao/paginas-de-grandes-temas-de-direito-eleitoral/observatorio-do-eleitor-com-deficiencia/resolucoes/resolucao-no-21.920;https://www-cdn.mpf.mp.br/atuacao/eleitoral/pre-sp/cidadao/paginas-de-grandes-temas-de-direito-eleitoral/observatorio-do-eleitor-com-deficiencia/resolucoes/resolucao-no-21.920
Document;http://svlp-plnptapp01.pgr.mpf.mp.br:8401/portal/presp/cidadao/paginas-de-grandes-temas-de-direito-eleitoral/observatorio-do-eleitor-com-deficiencia/texto-principal;https://www-cdn.mpf.mp.br/atuacao/eleitoral/pre-sp/cidadao/paginas-de-grandes-temas-de-direito-eleitoral/observatorio-do-eleitor-com-deficiencia/texto-principal
Document;http://svlp-plnptapp01.pgr.mpf.mp.br:8401/portal/presp/cidadao/paginas-de-grandes-temas-de-direito-eleitoral/voto-e-acessibilidade;https://www-cdn.mpf.mp.br/atuacao/eleitoral/pre-sp/cidadao/paginas-de-grandes-temas-de-direito-eleitoral/voto-e-acessibilidade
Document;http://svlp-plnptapp01.pgr.mpf.mp.br:8401/portal/presp/cidadao/paginas-do-conheca/a-pre-sp-promove-iniciativas-de-inclusao-eleitoral-em-sao-paulo;https://www-cdn.mpf.mp.br/atuacao/eleitoral/pre-sp/cidadao/paginas-do-conheca/a-pre-sp-promove-iniciativas-de-inclusao-eleitoral-em-sao-paulo
Document;http://svlp-plnptapp01.pgr.mpf.mp.br:8401/portal/presp/cidadao/paginas-do-conheca/atuacao-criminal;https://www-cdn.mpf.mp.br/atuacao/eleitoral/pre-sp/cidadao/paginas-do-conheca/atuacao-criminal
Document;http://svlp-plnptapp01.pgr.mpf.mp.br:8401/portal/presp/cidadao/paginas-do-conheca/atuacao-nas-eleicoes;https://www-cdn.mpf.mp.br/atuacao/eleitoral/pre-sp/cidadao/paginas-do-conheca/atuacao-nas-eleicoes
Document;http://svlp-plnptapp01.pgr.mpf.mp.br:8401/portal/presp/cidadao/paginas-do-conheca/cabe-a-pre-sp-a-coordenacao-das-atividades-do-ministerio-publico-eleitoral-em-sao-paulo;https://www-cdn.mpf.mp.br/atuacao/eleitoral/pre-sp/cidadao/paginas-do-conheca/cabe-a-pre-sp-a-coordenacao-das-atividades-do-ministerio-publico-eleitoral-em-sao-paulo
Document;http://svlp-plnptapp01.pgr.mpf.mp.br:8401/portal/presp/cidadao/paginas-do-conheca/ficha-suja-e-inelegibilidade;https://www-cdn.mpf.mp.br/atuacao/eleitoral/pre-sp/cidadao/paginas-do-conheca/ficha-suja-e-inelegibilidade
Document;http://svlp-plnptapp01.pgr.mpf.mp.br:8401/portal/presp/cidadao/paginas-do-conheca/o-ministerio-publico-eleitoral-e-a-voz-do-eleitor-perante-a-justica-eleitoral;https://www-cdn.mpf.mp.br/atuacao/eleitoral/pre-sp/cidadao/paginas-do-conheca/o-ministerio-publico-eleitoral-e-a-voz-do-eleitor-perante-a-justica-eleitoral
Document;http://svlp-plnptapp01.pgr.mpf.mp.br:8401/portal/presp/cidadao/paginas-do-conheca/o-mpe-combate-a-corrupcao-e-o-abuso-de-poder-politico-e-economico-nas-eleicoes;https://www-cdn.mpf.mp.br/atuacao/eleitoral/pre-sp/cidadao/paginas-do-conheca/o-mpe-combate-a-corrupcao-e-o-abuso-de-poder-politico-e-economico-nas-eleicoes
Document;http://svlp-plnptapp01.pgr.mpf.mp.br:8401/portal/presp/fale-conosco/textofaleconosco;https://www-cdn.mpf.mp.br/atuacao/eleitoral/pre-sp/fale-conosco/textofaleconosco
Document;http://svlp-plnptapp01.pgr.mpf.mp.br:8401/portal/presp/galeria-de-fotos/galeria-de-fotos;https://www-cdn.mpf.mp.br/atuacao/eleitoral/pre-sp/galeria-de-fotos/galeria-de-fotos
Document;http://svlp-plnptapp01.pgr.mpf.mp.br:8401/portal/presp/institucional/atuacao-e-missao-do-mpe;https://www-cdn.mpf.mp.br/atuacao/eleitoral/pre-sp/institucional/atuacao-e-missao-do-mpe
Document;http://svlp-plnptapp01.pgr.mpf.mp.br:8401/portal/presp/institucional/composicao-atual;https://www-cdn.mpf.mp.br/atuacao/eleitoral/pre-sp/institucional/composicao-atual
Document;http://svlp-plnptapp01.pgr.mpf.mp.br:8401/portal/presp/institucional/estrutura;https://www-cdn.mpf.mp.br/atuacao/eleitoral/pre-sp/institucional/estrutura
Document;http://svlp-plnptapp01.pgr.mpf.mp.br:8401/portal/presp/institucional/galeria-de-procuradores;https://www-cdn.mpf.mp.br/atuacao/eleitoral/pre-sp/institucional/galeria-de-procuradores
Document;http://svlp-plnptapp01.pgr.mpf.mp.br:8401/portal/presp/institucional/promotores-eleitorais;https://www-cdn.mpf.mp.br/atuacao/eleitoral/pre-sp/institucional/promotores-eleitorais
Document;http://svlp-plnptapp01.pgr.mpf.mp.br:8401/portal/presp/normativos/normas-das-eleicoes;https://www-cdn.mpf.mp.br/atuacao/eleitoral/pre-sp/normativos/normas-das-eleicoes
Document;http://svlp-plnptapp01.pgr.mpf.mp.br:8401/portal/presp/normativos/portarias-de-designacao;https://www-cdn.mpf.mp.br/atuacao/eleitoral/pre-sp/normativos/portarias-de-designacao
Document;http://svlp-plnptapp01.pgr.mpf.mp.br:8401/portal/presp/normativos/resolucoes-tse/resolucoes-tse-2012;https://www-cdn.mpf.mp.br/atuacao/eleitoral/pre-sp/normativos/resolucoes-tse/resolucoes-tse-2012
Document;http://svlp-plnptapp01.pgr.mpf.mp.br:8401/portal/presp/normativos/resolucoes-tse/resolucoes-tse-2014;https://www-cdn.mpf.mp.br/atuacao/eleitoral/pre-sp/normativos/resolucoes-tse/resolucoes-tse-2014
Document;http://svlp-plnptapp01.pgr.mpf.mp.br:8401/portal/presp/normativos/resolucoes-tse/resolucoes-tse-2016;https://www-cdn.mpf.mp.br/atuacao/eleitoral/pre-sp/normativos/resolucoes-tse/resolucoes-tse-2016
Document;http://svlp-plnptapp01.pgr.mpf.mp.br:8401/portal/presp/publicacoes/blogs-1/85-anos-do-voto-feminino-no-brasil;https://www-cdn.mpf.mp.br/atuacao/eleitoral/pre-sp/publicacoes/blogs-1/85-anos-do-voto-feminino-no-brasil
Document;http://svlp-plnptapp01.pgr.mpf.mp.br:8401/portal/presp/publicacoes/blogs-1/a-novidade-das-mulheres;https://www-cdn.mpf.mp.br/atuacao/eleitoral/pre-sp/publicacoes/blogs-1/a-novidade-das-mulheres
Document;http://svlp-plnptapp01.pgr.mpf.mp.br:8401/portal/presp/publicacoes/blogs-1/a-vez-dos-partidos;https://www-cdn.mpf.mp.br/atuacao/eleitoral/pre-sp/publicacoes/blogs-1/a-vez-dos-partidos
Document;http://svlp-plnptapp01.pgr.mpf.mp.br:8401/portal/presp/publicacoes/blogs-1/criminalizando-o-caixa-dois;https://www-cdn.mpf.mp.br/atuacao/eleitoral/pre-sp/publicacoes/blogs-1/criminalizando-o-caixa-dois
Document;http://svlp-plnptapp01.pgr.mpf.mp.br:8401/portal/presp/publicacoes/blogs-1/desigualdade-eleitoral-e-a-questao-racial;https://www-cdn.mpf.mp.br/atuacao/eleitoral/pre-sp/publicacoes/blogs-1/desigualdade-eleitoral-e-a-questao-racial
Document;http://svlp-plnptapp01.pgr.mpf.mp.br:8401/portal/presp/publicacoes/blogs-1/onde-estao-as-mulheres-na-propaganda;https://www-cdn.mpf.mp.br/atuacao/eleitoral/pre-sp/publicacoes/blogs-1/onde-estao-as-mulheres-na-propaganda
Document;http://svlp-plnptapp01.pgr.mpf.mp.br:8401/portal/presp/publicacoes/blogs-1/partidos-politicos-mais-dinheiro-menos-fiscalizacao;https://www-cdn.mpf.mp.br/atuacao/eleitoral/pre-sp/publicacoes/blogs-1/partidos-politicos-mais-dinheiro-menos-fiscalizacao
Document;http://svlp-plnptapp01.pgr.mpf.mp.br:8401/portal/presp/publicacoes/blogs-1/pela-voz-feminina-na-politica;https://www-cdn.mpf.mp.br/atuacao/eleitoral/pre-sp/publicacoes/blogs-1/pela-voz-feminina-na-politica
Document;http://svlp-plnptapp01.pgr.mpf.mp.br:8401/portal/presp/publicacoes/blogs-1/pouco-a-comemorar;https://www-cdn.mpf.mp.br/atuacao/eleitoral/pre-sp/publicacoes/blogs-1/pouco-a-comemorar
Document;http://svlp-plnptapp01.pgr.mpf.mp.br:8401/portal/presp/publicacoes/pre-em-acao;https://www-cdn.mpf.mp.br/atuacao/eleitoral/pre-sp/publicacoes/pre-em-acao
Document;http://svlp-plnptapp01.pgr.mpf.mp.br:8401/portal/presp/publicacoes/trabalhos-academicos;https://www-cdn.mpf.mp.br/atuacao/eleitoral/pre-sp/publicacoes/trabalhos-academicos
