Collection;http://svlp-plnptapp01.pgr.mpf.mp.br:8401/portal/concursos/concursos/procuradores/31-concurso/31o-concurso-ultimas-atualizacoes;http://svlh-plnptall01.pgr.mpf.mp.br:8401/mpf2026/o-mpf/concursos/concursos-de-procuradores/31o-concurso/31o-concurso-ultimas-atualizacoes
Collection;http://svlp-plnptapp01.pgr.mpf.mp.br:8401/portal/concursos/concursos/procuradores/31-concurso/avisos;http://svlh-plnptall01.pgr.mpf.mp.br:8401/mpf2026/o-mpf/concursos/concursos-de-procuradores/31o-concurso/avisos
Document;http://svlp-plnptapp01.pgr.mpf.mp.br:8401/portal/concursos/concursos/procuradores/31-concurso/contatos-da-secretaria-de-concursos;http://svlh-plnptall01.pgr.mpf.mp.br:8401/mpf2026/o-mpf/concursos/concursos-de-procuradores/31o-concurso/contatos-da-secretaria-de-concursos
Folder;http://svlp-plnptapp01.pgr.mpf.mp.br:8401/portal/concursos/concursos/procuradores/31-concurso/documentos;http://svlh-plnptall01.pgr.mpf.mp.br:8401/mpf2026/o-mpf/concursos/concursos-de-procuradores/31o-concurso/documentos
File;http://svlp-plnptapp01.pgr.mpf.mp.br:8401/portal/concursos/concursos/procuradores/31-concurso/documentos/Programa-31.pdf;http://svlh-plnptall01.pgr.mpf.mp.br:8401/mpf2026/o-mpf/concursos/concursos-de-procuradores/31o-concurso/documentos/Programa-31.pdf
File;http://svlp-plnptapp01.pgr.mpf.mp.br:8401/portal/concursos/concursos/procuradores/31-concurso/documentos/aviso;http://svlh-plnptall01.pgr.mpf.mp.br:8401/mpf2026/o-mpf/concursos/concursos-de-procuradores/31o-concurso/documentos/aviso
File;http://svlp-plnptapp01.pgr.mpf.mp.br:8401/portal/concursos/concursos/procuradores/31-concurso/documentos/edital-no-8-pgr-mpf;http://svlh-plnptall01.pgr.mpf.mp.br:8401/mpf2026/o-mpf/concursos/concursos-de-procuradores/31o-concurso/documentos/edital-no-8-pgr-mpf
File;http://svlp-plnptapp01.pgr.mpf.mp.br:8401/portal/concursos/concursos/procuradores/31-concurso/documentos/edital-pgr-mpf-n-23;http://svlh-plnptall01.pgr.mpf.mp.br:8401/mpf2026/o-mpf/concursos/concursos-de-procuradores/31o-concurso/documentos/edital-pgr-mpf-n-23
File;http://svlp-plnptapp01.pgr.mpf.mp.br:8401/portal/concursos/concursos/procuradores/31-concurso/documentos/edital-pgr-mpf-no-1;http://svlh-plnptall01.pgr.mpf.mp.br:8401/mpf2026/o-mpf/concursos/concursos-de-procuradores/31o-concurso/documentos/edital-pgr-mpf-no-1
File;http://svlp-plnptapp01.pgr.mpf.mp.br:8401/portal/concursos/concursos/procuradores/31-concurso/documentos/edital-pgr-mpf-no-10;http://svlh-plnptall01.pgr.mpf.mp.br:8401/mpf2026/o-mpf/concursos/concursos-de-procuradores/31o-concurso/documentos/edital-pgr-mpf-no-10
File;http://svlp-plnptapp01.pgr.mpf.mp.br:8401/portal/concursos/concursos/procuradores/31-concurso/documentos/edital-pgr-mpf-no-12;http://svlh-plnptall01.pgr.mpf.mp.br:8401/mpf2026/o-mpf/concursos/concursos-de-procuradores/31o-concurso/documentos/edital-pgr-mpf-no-12
File;http://svlp-plnptapp01.pgr.mpf.mp.br:8401/portal/concursos/concursos/procuradores/31-concurso/documentos/edital-pgr-mpf-no-14;http://svlh-plnptall01.pgr.mpf.mp.br:8401/mpf2026/o-mpf/concursos/concursos-de-procuradores/31o-concurso/documentos/edital-pgr-mpf-no-14
File;http://svlp-plnptapp01.pgr.mpf.mp.br:8401/portal/concursos/concursos/procuradores/31-concurso/documentos/edital-pgr-mpf-no-16;http://svlh-plnptall01.pgr.mpf.mp.br:8401/mpf2026/o-mpf/concursos/concursos-de-procuradores/31o-concurso/documentos/edital-pgr-mpf-no-16
File;http://svlp-plnptapp01.pgr.mpf.mp.br:8401/portal/concursos/concursos/procuradores/31-concurso/documentos/edital-pgr-mpf-no-18;http://svlh-plnptall01.pgr.mpf.mp.br:8401/mpf2026/o-mpf/concursos/concursos-de-procuradores/31o-concurso/documentos/edital-pgr-mpf-no-18
File;http://svlp-plnptapp01.pgr.mpf.mp.br:8401/portal/concursos/concursos/procuradores/31-concurso/documentos/edital-pgr-mpf-no-26;http://svlh-plnptall01.pgr.mpf.mp.br:8401/mpf2026/o-mpf/concursos/concursos-de-procuradores/31o-concurso/documentos/edital-pgr-mpf-no-26
File;http://svlp-plnptapp01.pgr.mpf.mp.br:8401/portal/concursos/concursos/procuradores/31-concurso/documentos/edital-pgr-mpf-no-28;http://svlh-plnptall01.pgr.mpf.mp.br:8401/mpf2026/o-mpf/concursos/concursos-de-procuradores/31o-concurso/documentos/edital-pgr-mpf-no-28
File;http://svlp-plnptapp01.pgr.mpf.mp.br:8401/portal/concursos/concursos/procuradores/31-concurso/documentos/edital-pgr-mpf-no-39-2025;http://svlh-plnptall01.pgr.mpf.mp.br:8401/mpf2026/o-mpf/concursos/concursos-de-procuradores/31o-concurso/documentos/edital-pgr-mpf-no-39-2025
File;http://svlp-plnptapp01.pgr.mpf.mp.br:8401/portal/concursos/concursos/procuradores/31-concurso/documentos/gabarito-oficial;http://svlh-plnptall01.pgr.mpf.mp.br:8401/mpf2026/o-mpf/concursos/concursos-de-procuradores/31o-concurso/documentos/gabarito-oficial
File;http://svlp-plnptapp01.pgr.mpf.mp.br:8401/portal/concursos/concursos/procuradores/31-concurso/documentos/gabarito-oficial-preliminar;http://svlh-plnptall01.pgr.mpf.mp.br:8401/mpf2026/o-mpf/concursos/concursos-de-procuradores/31o-concurso/documentos/gabarito-oficial-preliminar
File;http://svlp-plnptapp01.pgr.mpf.mp.br:8401/portal/concursos/concursos/procuradores/31-concurso/documentos/lista-candidatos-inscritos;http://svlh-plnptall01.pgr.mpf.mp.br:8401/mpf2026/o-mpf/concursos/concursos-de-procuradores/31o-concurso/documentos/lista-candidatos-inscritos
File;http://svlp-plnptapp01.pgr.mpf.mp.br:8401/portal/concursos/concursos/procuradores/31-concurso/documentos/portaria-no-112-pgr-mpf;http://svlh-plnptall01.pgr.mpf.mp.br:8401/mpf2026/o-mpf/concursos/concursos-de-procuradores/31o-concurso/documentos/portaria-no-112-pgr-mpf
File;http://svlp-plnptapp01.pgr.mpf.mp.br:8401/portal/concursos/concursos/procuradores/31-concurso/documentos/portaria-pgr-mpf-ndeg-369;http://svlh-plnptall01.pgr.mpf.mp.br:8401/mpf2026/o-mpf/concursos/concursos-de-procuradores/31o-concurso/documentos/portaria-pgr-mpf-ndeg-369
File;http://svlp-plnptapp01.pgr.mpf.mp.br:8401/portal/concursos/concursos/procuradores/31-concurso/documentos/portaria-pgr-mpf-no-113;http://svlh-plnptall01.pgr.mpf.mp.br:8401/mpf2026/o-mpf/concursos/concursos-de-procuradores/31o-concurso/documentos/portaria-pgr-mpf-no-113
File;http://svlp-plnptapp01.pgr.mpf.mp.br:8401/portal/concursos/concursos/procuradores/31-concurso/documentos/portaria-pgr-mpf-no-206;http://svlh-plnptall01.pgr.mpf.mp.br:8401/mpf2026/o-mpf/concursos/concursos-de-procuradores/31o-concurso/documentos/portaria-pgr-mpf-no-206
File;http://svlp-plnptapp01.pgr.mpf.mp.br:8401/portal/concursos/concursos/procuradores/31-concurso/documentos/portaria-pgr-mpf-no-248;http://svlh-plnptall01.pgr.mpf.mp.br:8401/mpf2026/o-mpf/concursos/concursos-de-procuradores/31o-concurso/documentos/portaria-pgr-mpf-no-248
File;http://svlp-plnptapp01.pgr.mpf.mp.br:8401/portal/concursos/concursos/procuradores/31-concurso/documentos/portaria-pgr-mpf-no-252;http://svlh-plnptall01.pgr.mpf.mp.br:8401/mpf2026/o-mpf/concursos/concursos-de-procuradores/31o-concurso/documentos/portaria-pgr-mpf-no-252
File;http://svlp-plnptapp01.pgr.mpf.mp.br:8401/portal/concursos/concursos/procuradores/31-concurso/documentos/portaria-pgr-mpf-no-398;http://svlh-plnptall01.pgr.mpf.mp.br:8401/mpf2026/o-mpf/concursos/concursos-de-procuradores/31o-concurso/documentos/portaria-pgr-mpf-no-398
File;http://svlp-plnptapp01.pgr.mpf.mp.br:8401/portal/concursos/concursos/procuradores/31-concurso/documentos/portaria-pgr-mpf-no-401;http://svlh-plnptall01.pgr.mpf.mp.br:8401/mpf2026/o-mpf/concursos/concursos-de-procuradores/31o-concurso/documentos/portaria-pgr-mpf-no-401
File;http://svlp-plnptapp01.pgr.mpf.mp.br:8401/portal/concursos/concursos/procuradores/31-concurso/documentos/portaria-pgr-mpf-no-470;http://svlh-plnptall01.pgr.mpf.mp.br:8401/mpf2026/o-mpf/concursos/concursos-de-procuradores/31o-concurso/documentos/portaria-pgr-mpf-no-470
File;http://svlp-plnptapp01.pgr.mpf.mp.br:8401/portal/concursos/concursos/procuradores/31-concurso/documentos/prova-objetiva;http://svlh-plnptall01.pgr.mpf.mp.br:8401/mpf2026/o-mpf/concursos/concursos-de-procuradores/31o-concurso/documentos/prova-objetiva
File;http://svlp-plnptapp01.pgr.mpf.mp.br:8401/portal/concursos/concursos/procuradores/31-concurso/documentos/relacao-nominal-candidatos;http://svlh-plnptall01.pgr.mpf.mp.br:8401/mpf2026/o-mpf/concursos/concursos-de-procuradores/31o-concurso/documentos/relacao-nominal-candidatos
File;http://svlp-plnptapp01.pgr.mpf.mp.br:8401/portal/concursos/concursos/procuradores/31-concurso/documentos/relacao-nominal-candidatos-1;http://svlh-plnptall01.pgr.mpf.mp.br:8401/mpf2026/o-mpf/concursos/concursos-de-procuradores/31o-concurso/documentos/relacao-nominal-candidatos-1
File;http://svlp-plnptapp01.pgr.mpf.mp.br:8401/portal/concursos/concursos/procuradores/31-concurso/documentos/relacao-nominal-candidatos-2;http://svlh-plnptall01.pgr.mpf.mp.br:8401/mpf2026/o-mpf/concursos/concursos-de-procuradores/31o-concurso/documentos/relacao-nominal-candidatos-2
File;http://svlp-plnptapp01.pgr.mpf.mp.br:8401/portal/concursos/concursos/procuradores/31-concurso/documentos/resolucao-235-2024;http://svlh-plnptall01.pgr.mpf.mp.br:8401/mpf2026/o-mpf/concursos/concursos-de-procuradores/31o-concurso/documentos/resolucao-235-2024
File;http://svlp-plnptapp01.pgr.mpf.mp.br:8401/portal/concursos/concursos/procuradores/31-concurso/documentos/resolucao-236-2024;http://svlh-plnptall01.pgr.mpf.mp.br:8401/mpf2026/o-mpf/concursos/concursos-de-procuradores/31o-concurso/documentos/resolucao-236-2024
Collection;http://svlp-plnptapp01.pgr.mpf.mp.br:8401/portal/concursos/concursos/procuradores/31-concurso/editais;http://svlh-plnptall01.pgr.mpf.mp.br:8401/mpf2026/o-mpf/concursos/concursos-de-procuradores/31o-concurso/editais
Collection;http://svlp-plnptapp01.pgr.mpf.mp.br:8401/portal/concursos/concursos/procuradores/31-concurso/outros-documentos;http://svlh-plnptall01.pgr.mpf.mp.br:8401/mpf2026/o-mpf/concursos/concursos-de-procuradores/31o-concurso/outros-documentos
Collection;http://svlp-plnptapp01.pgr.mpf.mp.br:8401/portal/concursos/concursos/procuradores/31-concurso/portarias;http://svlh-plnptall01.pgr.mpf.mp.br:8401/mpf2026/o-mpf/concursos/concursos-de-procuradores/31o-concurso/portarias
Collection;http://svlp-plnptapp01.pgr.mpf.mp.br:8401/portal/concursos/concursos/procuradores/31-concurso/provas;http://svlh-plnptall01.pgr.mpf.mp.br:8401/mpf2026/o-mpf/concursos/concursos-de-procuradores/31o-concurso/provas
